customer_id,country,is_guest,first_purchase,last_purchase,num_orders,total_spent
-1,Unknown,True,2010-12-01 14:32:00,2011-12-09 10:26:00,1428,1754901.91
12346,United Kingdom,False,2011-01-18 10:01:00,2011-01-18 10:01:00,1,77183.6
12347,Iceland,False,2010-12-07 14:57:00,2011-12-07 15:52:00,7,4310.0
12348,Finland,False,2010-12-16 19:09:00,2011-09-25 13:13:00,4,1797.24
12349,Italy,False,2011-11-21 09:51:00,2011-11-21 09:51:00,1,1757.55
12350,Norway,False,2011-02-02 16:01:00,2011-02-02 16:01:00,1,334.4
12352,Norway,False,2011-02-16 12:33:00,2011-11-03 14:37:00,8,2506.04
12353,Bahrain,False,2011-05-19 17:47:00,2011-05-19 17:47:00,1,89.0
12354,Spain,False,2011-04-21 13:11:00,2011-04-21 13:11:00,1,1079.4
12355,Bahrain,False,2011-05-09 13:49:00,2011-05-09 13:49:00,1,459.4
12356,Portugal,False,2011-01-18 09:50:00,2011-11-17 08:40:00,3,2811.43
12357,Switzerland,False,2011-11-06 16:07:00,2011-11-06 16:07:00,1,6207.67
12358,Austria,False,2011-07-12 10:04:00,2011-12-08 10:26:00,2,1168.06
12359,Cyprus,False,2011-01-12 12:43:00,2011-10-13 12:47:00,4,6310.03
12360,Austria,False,2011-05-23 09:43:00,2011-10-18 15:22:00,3,2662.06
12361,Belgium,False,2011-02-25 13:51:00,2011-02-25 13:51:00,1,189.9
12362,Belgium,False,2011-02-17 10:30:00,2011-12-06 15:40:00,10,5226.23
12363,Unspecified,False,2011-04-11 13:29:00,2011-08-22 10:18:00,2,552.0
12364,Belgium,False,2011-08-19 15:24:00,2011-12-02 10:22:00,4,1313.1
12365,Cyprus,False,2011-02-21 13:51:00,2011-02-21 14:04:00,2,641.38
12367,Denmark,False,2011-12-05 16:48:00,2011-12-05 16:48:00,1,168.9
12370,Cyprus,False,2010-12-14 12:58:00,2011-10-19 14:51:00,4,3541.94
12371,Switzerland,False,2011-10-11 10:43:00,2011-10-26 10:16:00,2,1887.96
12372,Denmark,False,2011-02-16 12:46:00,2011-09-29 12:12:00,3,1298.04
12373,Austria,False,2011-02-01 13:10:00,2011-02-01 13:10:00,1,364.6
12374,Austria,False,2011-11-14 15:37:00,2011-11-14 15:37:00,1,742.93
12375,Finland,False,2011-09-02 14:23:00,2011-11-29 10:36:00,2,457.5
12377,Switzerland,False,2010-12-20 09:37:00,2011-01-28 15:45:00,2,1628.12
12378,Switzerland,False,2011-08-02 10:34:00,2011-08-02 10:34:00,1,4008.62
12379,Belgium,False,2011-06-22 16:32:00,2011-09-19 10:09:00,2,852.24
12380,Belgium,False,2011-06-07 09:49:00,2011-11-18 11:27:00,4,2724.81
12381,Norway,False,2011-08-12 09:57:00,2011-12-05 12:44:00,5,1845.31
12383,Belgium,False,2010-12-22 14:28:00,2011-06-08 08:02:00,5,1850.56
12384,Switzerland,False,2011-08-10 11:23:00,2011-11-11 08:39:00,2,585.27
12386,Australia,False,2010-12-08 09:53:00,2011-01-06 12:37:00,2,401.9
12388,Australia,False,2011-01-17 11:12:00,2011-11-24 12:30:00,6,2780.66
12390,Belgium,False,2011-09-21 09:33:00,2011-09-21 09:33:00,1,549.84
12391,Cyprus,False,2011-11-18 12:07:00,2011-11-18 12:07:00,1,439.66
12393,Australia,False,2011-01-11 09:47:00,2011-09-28 15:41:00,4,1582.6
12394,Belgium,False,2011-05-06 14:01:00,2011-10-07 08:08:00,2,1272.48
12395,Belgium,False,2010-12-03 16:35:00,2011-11-20 15:21:00,12,3018.63
12397,Belgium,False,2011-07-27 14:21:00,2011-11-04 09:52:00,2,2409.9
12398,Switzerland,False,2011-10-25 10:27:00,2011-10-25 10:27:00,1,1635.66
12399,Belgium,False,2011-03-23 09:42:00,2011-08-12 13:15:00,4,1108.65
12401,Belgium,False,2011-02-09 13:50:00,2011-02-09 13:50:00,1,84.3
12402,Belgium,False,2011-01-20 13:49:00,2011-01-20 13:49:00,1,225.6
12403,Denmark,False,2011-10-21 10:51:00,2011-10-21 10:51:00,1,427.7
12405,Finland,False,2011-07-14 08:52:00,2011-07-14 08:52:00,1,1710.39
12406,Denmark,False,2011-06-09 10:23:00,2011-11-17 19:22:00,2,3415.3
12407,Belgium,False,2011-03-20 13:21:00,2011-10-21 10:11:00,5,1708.12
12408,Belgium,False,2011-03-24 14:46:00,2011-11-07 12:27:00,5,2888.55
12409,Switzerland,False,2011-06-10 12:19:00,2011-09-22 10:38:00,3,11072.67
12410,Switzerland,False,2011-02-04 10:38:00,2011-02-04 10:39:00,2,693.33
12412,Denmark,False,2011-06-23 13:51:00,2011-09-26 10:16:00,3,1226.88
12413,France,False,2011-01-06 16:12:00,2011-10-04 09:00:00,3,758.1
12414,Austria,False,2011-02-02 14:51:00,2011-05-06 14:51:00,3,562.41
12415,Australia,False,2011-01-06 11:12:00,2011-11-15 14:22:00,21,124914.53
12417,Belgium,False,2010-12-17 11:51:00,2011-12-06 14:52:00,9,3649.1
12418,Switzerland,False,2011-08-19 11:08:00,2011-08-19 11:08:00,1,668.58
12420,Cyprus,False,2011-10-07 08:55:00,2011-10-07 08:55:00,1,600.39
12421,Spain,False,2011-01-24 15:09:00,2011-11-24 09:07:00,4,807.04
12422,Australia,False,2011-01-19 09:13:00,2011-09-05 09:48:00,3,803.56
12423,Belgium,False,2010-12-21 10:54:00,2011-12-09 10:10:00,8,1859.31
12424,Australia,False,2011-06-30 12:06:00,2011-06-30 12:06:00,2,1760.96
12425,Portugal,False,2011-09-22 17:31:00,2011-09-22 17:31:00,1,777.2
12426,Germany,False,2011-05-29 12:26:00,2011-05-29 12:26:00,1,582.73
12427,Germany,False,2010-12-03 10:44:00,2011-11-18 08:56:00,3,825.8
12428,Finland,False,2011-03-01 09:33:00,2011-11-14 08:22:00,9,7956.46
12429,Denmark,False,2010-12-09 12:05:00,2011-11-30 17:22:00,4,3750.4
12430,Norway,False,2011-10-27 15:09:00,2011-10-27 15:09:00,1,256.4
12431,Australia,False,2010-12-01 10:03:00,2011-11-04 11:55:00,15,6419.95
12432,Norway,False,2011-06-20 13:27:00,2011-10-28 11:43:00,5,5059.32
12433,Norway,False,2010-12-01 13:24:00,2011-12-09 10:02:00,7,13375.87
12434,Australia,False,2011-03-24 13:05:00,2011-09-16 12:38:00,2,806.14
12435,Denmark,False,2011-03-17 07:40:00,2011-09-21 09:06:00,2,7829.89
12436,Norway,False,2011-09-01 12:09:00,2011-09-01 12:09:00,1,509.01
12437,France,False,2011-01-12 14:13:00,2011-12-08 11:35:00,18,4951.41
12438,Norway,False,2011-07-22 13:29:00,2011-11-25 13:28:00,2,2906.85
12441,France,False,2010-12-08 10:45:00,2010-12-08 10:45:00,1,173.55
12442,Spain,False,2011-12-06 14:22:00,2011-12-06 14:22:00,1,172.06
12444,Norway,False,2011-06-21 14:00:00,2011-11-18 13:23:00,5,5005.46
12445,Spain,False,2011-11-17 18:43:00,2011-11-17 18:43:00,1,133.4
12446,RSA,False,2011-10-13 12:50:00,2011-10-13 12:50:00,1,1002.31
12447,Belgium,False,2011-04-10 13:25:00,2011-04-10 13:25:00,1,476.49
12448,Spain,False,2011-10-26 13:46:00,2011-10-26 13:46:00,1,449.45
12449,Belgium,False,2011-06-05 15:37:00,2011-11-17 13:46:00,4,4067.29
12450,Spain,False,2011-06-19 14:36:00,2011-07-06 14:41:00,2,197.88
12451,Switzerland,False,2011-01-19 09:05:00,2011-11-29 08:40:00,5,9035.52
12452,Switzerland,False,2011-11-23 08:05:00,2011-11-23 10:28:00,2,430.57
12453,Austria,False,2011-07-28 14:08:00,2011-07-28 14:08:00,1,707.09
12454,Spain,False,2011-10-14 17:13:00,2011-10-14 17:13:00,1,3528.34
12455,Spain,False,2011-02-16 09:56:00,2011-09-27 15:31:00,6,2466.86
12456,Switzerland,False,2011-03-30 09:12:00,2011-10-26 14:41:00,3,3181.04
12457,Switzerland,False,2011-04-14 18:57:00,2011-10-04 13:13:00,7,2363.23
12458,Switzerland,False,2011-02-28 10:55:00,2011-09-29 15:25:00,2,947.4
12461,Switzerland,False,2011-07-08 10:23:00,2011-09-06 16:57:00,2,826.88
12462,Spain,False,2011-02-09 14:44:00,2011-11-21 09:11:00,2,1189.59
12463,Belgium,False,2011-04-12 12:47:00,2011-10-17 13:44:00,4,1344.78
12464,Belgium,False,2011-02-03 13:30:00,2011-11-29 13:33:00,8,1212.05
12465,Belgium,False,2011-06-23 13:37:00,2011-11-22 16:34:00,2,742.19
12468,Germany,False,2011-01-27 13:29:00,2011-06-05 11:36:00,2,729.54
12471,Germany,False,2010-12-10 09:35:00,2011-12-07 15:43:00,30,19788.65
12472,Germany,False,2010-12-05 14:19:00,2011-11-07 14:01:00,7,6572.11
12473,Germany,False,2011-06-01 10:15:00,2011-11-10 13:46:00,5,3928.05
12474,Germany,False,2011-01-14 10:06:00,2011-11-22 14:39:00,18,7324.09
12475,Germany,False,2011-10-17 10:10:00,2011-10-17 10:10:00,1,723.38
12476,Germany,False,2010-12-13 14:39:00,2011-11-24 12:40:00,11,6816.42
12477,Germany,False,2011-02-11 12:45:00,2011-11-17 09:51:00,6,13219.74
12478,Greece,False,2011-12-06 09:56:00,2011-12-06 09:56:00,1,680.99
12479,Germany,False,2011-11-28 13:26:00,2011-11-28 13:26:00,1,527.2
12480,Germany,False,2011-01-07 15:27:00,2011-11-11 14:52:00,4,3281.63
12481,Germany,False,2010-12-09 10:13:00,2011-11-17 08:29:00,10,5579.82
12483,Sweden,False,2011-01-04 14:20:00,2011-11-22 17:02:00,8,2484.98
12484,Spain,False,2011-01-07 14:04:00,2011-11-07 11:37:00,6,4527.32
12488,France,False,2011-09-25 10:34:00,2011-11-30 08:50:00,3,1298.66
12489,France,False,2011-01-07 13:13:00,2011-01-07 13:13:00,1,334.93
12490,France,False,2011-01-14 09:13:00,2011-12-04 16:07:00,10,5417.93
12491,France,False,2011-11-01 12:18:00,2011-11-01 12:18:00,1,460.4
12492,Germany,False,2011-08-26 14:51:00,2011-10-07 15:15:00,2,263.21
12493,France,False,2011-05-26 14:53:00,2011-06-27 10:17:00,2,433.74
12494,France,False,2010-12-09 11:31:00,2011-11-24 09:34:00,7,1246.1
12497,Germany,False,2011-09-19 12:29:00,2011-09-19 12:29:00,1,1043.1
12498,Germany,False,2011-10-13 09:30:00,2011-11-18 12:53:00,3,403.7
12500,Germany,False,2011-01-10 09:48:00,2011-11-16 16:20:00,11,4257.82
12501,Germany,False,2011-01-07 12:28:00,2011-01-07 12:28:00,1,2169.39
12502,Spain,False,2011-02-03 10:41:00,2011-09-05 11:52:00,5,3723.87
12503,Spain,False,,,0,0.0
12504,Germany,False,2011-11-09 14:56:00,2011-11-21 16:02:00,2,482.05
12505,Italy,False,,,0,0.0
12506,France,False,2011-04-21 08:54:00,2011-04-21 08:54:00,1,73.5
12507,Spain,False,2011-02-14 09:24:00,2011-07-28 17:09:00,3,1304.81
12508,France,False,2011-11-10 16:27:00,2011-11-13 15:37:00,2,397.88
12509,France,False,2011-02-28 14:45:00,2011-02-28 14:45:00,1,176.5
12510,Spain,False,2011-01-18 14:04:00,2011-07-20 10:15:00,2,982.57
12512,Israel,False,2011-10-04 14:53:00,2011-10-04 14:55:00,2,132.18
12513,France,False,2011-08-19 10:51:00,2011-08-19 10:51:00,1,612.29
12514,Italy,False,2011-03-17 16:38:00,2011-03-17 16:38:00,1,1017.68
12515,Italy,False,2010-12-21 15:43:00,2010-12-21 15:43:00,1,383.7
12516,Germany,False,2011-06-12 11:37:00,2011-09-23 09:13:00,2,1312.06
12517,Germany,False,2011-06-02 15:13:00,2011-11-11 14:04:00,5,2481.6
12518,Germany,False,2011-08-21 13:18:00,2011-12-09 10:13:00,5,2056.89
12519,Germany,False,2011-10-07 09:26:00,2011-10-07 09:26:00,1,330.84
12520,Germany,False,2011-03-11 11:35:00,2011-09-21 15:23:00,5,2634.26
12521,Germany,False,2011-07-20 10:51:00,2011-07-20 10:51:00,1,599.68
12522,Germany,False,2011-10-19 14:41:00,2011-10-31 15:30:00,2,192.72
12523,France,False,2011-01-12 09:43:00,2011-11-20 12:55:00,11,1789.77
12524,Germany,False,2011-01-10 10:35:00,2011-11-30 15:31:00,8,4485.72
12526,Germany,False,2011-09-06 14:19:00,2011-12-09 12:09:00,3,1316.66
12527,Germany,False,2011-01-18 12:05:00,2011-09-19 11:55:00,3,348.71
12528,Germany,False,2011-01-31 09:05:00,2011-11-30 14:40:00,6,1933.48
12530,Germany,False,2011-01-07 10:04:00,2011-10-11 12:34:00,4,1662.28
12531,Germany,False,2011-11-25 11:12:00,2011-11-25 11:12:00,1,125.22
12532,France,False,2011-11-09 13:47:00,2011-11-09 13:47:00,1,349.83
12534,Germany,False,2011-08-01 10:26:00,2011-08-01 10:26:00,1,1089.18
12535,France,False,2011-06-06 12:47:00,2011-09-09 08:48:00,2,716.35
12536,France,False,2011-10-11 14:52:00,2011-10-27 14:20:00,3,12601.83
12538,Spain,False,2011-11-10 17:16:00,2011-11-10 17:16:00,1,363.95
12539,Spain,False,2011-01-10 09:11:00,2011-11-17 13:30:00,4,5568.35
12540,Spain,False,2010-12-13 09:39:00,2011-11-20 11:31:00,17,13400.24
12541,Spain,False,2011-03-04 09:32:00,2011-11-10 10:40:00,3,981.18
12544,Spain,False,2011-11-03 16:15:00,2011-11-03 16:15:00,1,372.7
12545,Spain,False,2011-03-25 12:04:00,2011-09-25 13:39:00,2,1000.39
12546,Spain,False,2011-09-23 09:44:00,2011-10-24 12:09:00,2,1161.5
12547,Spain,False,2011-03-04 12:46:00,2011-05-26 12:38:00,2,207.8
12548,Spain,False,2011-06-26 15:35:00,2011-06-26 15:35:00,1,95.2
12550,Spain,False,2011-09-21 14:35:00,2011-09-21 14:35:00,1,964.83
12551,Spain,False,2010-12-17 11:23:00,2010-12-17 11:23:00,1,168.0
12552,Italy,False,2011-10-31 12:11:00,2011-11-01 10:02:00,2,437.82
12553,France,False,2011-01-14 10:42:00,2011-12-01 16:38:00,10,3692.28
12556,Spain,False,2011-07-11 13:35:00,2011-10-20 13:06:00,2,599.56
12557,Spain,False,2010-12-03 12:20:00,2011-11-23 16:59:00,5,11990.96
12558,USA,False,2011-12-02 10:41:00,2011-12-02 10:41:00,1,269.96
12559,Germany,False,2011-01-24 10:12:00,2011-02-02 09:49:00,2,561.71
12560,Germany,False,2011-07-19 15:55:00,2011-12-04 13:54:00,3,2134.01
12561,Germany,False,2011-02-10 11:39:00,2011-02-10 11:39:00,1,238.85
12562,France,False,2011-05-25 12:44:00,2011-12-01 17:20:00,7,3781.74
12564,France,False,2011-03-23 14:55:00,2011-03-23 14:55:00,1,456.9
12565,Saudi Arabia,False,2011-02-24 10:34:00,2011-02-24 10:34:00,1,145.92
12566,Germany,False,2011-09-14 14:30:00,2011-09-14 14:30:00,1,351.65
12567,France,False,2010-12-05 11:57:00,2011-11-17 11:02:00,10,9401.28
12569,Germany,False,2011-04-01 13:47:00,2011-12-07 16:24:00,32,4124.69
12571,France,False,2011-08-10 12:35:00,2011-10-31 10:19:00,2,519.61
12572,Germany,False,2011-10-19 08:20:00,2011-12-01 09:20:00,2,1020.42
12573,France,False,2011-04-26 15:52:00,2011-04-26 15:52:00,1,160.54
12574,France,False,2011-01-28 09:20:00,2011-01-28 09:20:00,1,218.45
12576,Poland,False,2011-02-08 11:31:00,2011-11-04 10:11:00,5,1315.83
12577,France,False,2010-12-15 16:21:00,2011-11-04 13:24:00,3,626.6
12578,Italy,False,2011-01-13 15:34:00,2011-11-18 13:30:00,2,2794.51
12579,France,False,2011-09-22 17:15:00,2011-09-22 17:15:00,1,440.42
12580,Germany,False,2011-04-07 10:24:00,2011-04-07 10:24:00,1,415.7
12581,Germany,False,2011-10-31 08:56:00,2011-10-31 08:56:00,1,197.71
12582,Finland,False,2011-02-24 11:42:00,2011-04-15 08:45:00,2,511.36
12583,France,False,2010-12-01 08:45:00,2011-12-07 08:07:00,15,7281.38
12584,Italy,False,2011-03-04 15:15:00,2011-12-06 09:35:00,9,2338.15
12585,Germany,False,2010-12-23 12:58:00,2011-04-19 13:39:00,2,2040.1
12586,Italy,False,2011-11-22 16:24:00,2011-11-22 16:24:00,1,196.94
12587,Finland,False,2011-12-02 12:47:00,2011-12-02 12:47:00,1,144.0
12588,Finland,False,2011-10-31 15:01:00,2011-10-31 15:01:00,1,214.9
12589,France,False,2011-07-18 12:05:00,2011-11-11 10:19:00,2,646.68
12590,Germany,False,2011-05-12 14:46:00,2011-05-12 14:52:00,2,9864.26
12591,Italy,False,2011-01-26 14:35:00,2011-01-26 14:35:00,1,452.85
12592,Germany,False,2011-05-10 13:44:00,2011-09-08 15:04:00,2,437.6
12593,France,False,2011-05-05 09:29:00,2011-08-23 12:43:00,3,418.1
12594,Italy,False,2011-01-21 09:52:00,2011-11-02 12:20:00,10,3338.22
12596,Spain,False,2011-04-11 13:22:00,2011-10-19 13:02:00,2,618.27
12597,Spain,False,2011-03-16 14:00:00,2011-11-20 13:33:00,4,3811.22
12598,France,False,2011-02-28 11:58:00,2011-11-30 12:18:00,8,3023.08
12599,France,False,2011-02-08 13:28:00,2011-11-10 13:34:00,7,1032.58
12600,Germany,False,2010-12-03 12:57:00,2011-11-11 10:29:00,10,2599.04
12601,Germany,False,2011-01-11 10:38:00,2011-06-03 10:17:00,5,577.06
12602,France,False,2011-10-12 11:22:00,2011-10-12 11:22:00,1,153.12
12603,Germany,False,2011-11-18 10:42:00,2011-11-18 10:42:00,1,739.2
12604,France,False,2011-03-23 12:06:00,2011-09-21 14:08:00,2,254.18
12605,Germany,False,,,0,0.0
12607,USA,False,2011-10-10 16:06:00,2011-10-10 16:06:00,1,1579.51
12609,Germany,False,2011-01-25 15:13:00,2011-09-22 16:34:00,3,1126.85
12610,Italy,False,2011-08-05 13:52:00,2011-11-17 09:34:00,5,2099.54
12611,Italy,False,2011-10-18 13:12:00,2011-10-18 13:12:00,1,1193.32
12612,Germany,False,2011-09-26 15:35:00,2011-09-26 15:35:00,1,704.04
12613,Germany,False,2011-03-22 15:42:00,2011-10-13 14:59:00,5,3344.38
12614,Germany,False,2011-03-07 10:22:00,2011-03-07 10:22:00,1,315.6
12615,France,False,2011-06-24 13:35:00,2011-12-07 15:02:00,4,2291.19
12616,France,False,2011-02-15 14:17:00,2011-09-05 15:17:00,2,713.3
12617,France,False,2011-11-10 14:39:00,2011-11-10 14:39:00,1,352.98
12618,Italy,False,2011-11-18 11:10:00,2011-11-18 11:10:00,1,177.31
12619,Germany,False,2011-03-31 13:10:00,2011-11-23 14:52:00,9,3641.24
12620,France,False,2011-05-19 12:10:00,2011-11-25 10:20:00,3,1339.41
12621,Germany,False,2010-12-09 10:16:00,2011-12-08 11:25:00,20,13689.67
12622,Germany,False,2011-04-21 16:39:00,2011-04-21 16:39:00,1,180.1
12623,Germany,False,2011-03-08 13:50:00,2011-03-08 13:50:00,1,305.1
12624,France,False,2011-06-15 12:34:00,2011-08-25 15:04:00,2,641.13
12625,Germany,False,2011-01-24 13:27:00,2011-05-12 09:54:00,2,2683.82
12626,Germany,False,2011-01-17 11:01:00,2011-11-16 16:06:00,9,6620.48
12627,Germany,False,2011-07-22 13:59:00,2011-11-29 12:07:00,7,4478.53
12628,Germany,False,2011-10-06 09:28:00,2011-12-05 13:15:00,3,786.46
12630,Finland,False,2011-10-27 10:41:00,2011-11-30 10:48:00,2,1270.88
12631,Finland,False,2011-10-13 13:53:00,2011-10-13 13:53:00,1,640.5
12633,Germany,False,2011-02-25 08:44:00,2011-10-12 11:40:00,4,2163.98
12635,Germany,False,2011-07-08 08:43:00,2011-09-11 11:04:00,2,1689.18
12637,France,False,2011-01-20 10:47:00,2011-10-03 13:46:00,8,6002.9
12638,Sweden,False,2011-11-06 13:11:00,2011-11-06 13:11:00,1,671.69
12639,Sweden,False,2011-04-15 12:48:00,2011-04-15 12:48:00,1,486.1
12640,France,False,2011-09-19 12:01:00,2011-11-16 11:52:00,3,1174.58
12641,Sweden,False,2011-08-16 13:26:00,2011-08-16 13:26:00,1,185.9
12642,Germany,False,2011-08-24 09:23:00,2011-11-14 15:03:00,3,1013.26
12643,France,False,2011-01-11 11:48:00,2011-08-03 12:56:00,6,3344.64
12644,Germany,False,2011-08-02 10:33:00,2011-08-02 10:33:00,1,477.91
12645,Germany,False,2011-01-27 13:08:00,2011-11-06 12:38:00,4,1775.18
12646,USA,False,2011-10-21 12:52:00,2011-12-05 10:14:00,2,1346.97
12647,Germany,False,2010-12-05 14:02:00,2011-11-17 12:56:00,12,3722.82
12648,Germany,False,2011-07-08 11:55:00,2011-07-08 11:55:00,1,318.05
12649,Germany,False,2011-05-11 14:37:00,2011-08-24 14:41:00,3,623.51
12650,France,False,2011-12-06 16:34:00,2011-12-06 16:34:00,1,314.44
12651,France,False,2011-01-09 12:46:00,2011-01-09 12:46:00,1,114.0
12652,France,False,2011-01-12 15:00:00,2011-01-12 15:00:00,1,919.98
12653,Israel,False,2011-02-16 10:53:00,2011-07-14 10:41:00,2,2209.85
12654,Germany,False,2011-02-17 13:16:00,2011-11-29 10:10:00,5,601.98
12656,France,False,2011-04-20 09:20:00,2011-11-22 13:42:00,5,4051.17
12657,France,False,2011-09-22 11:40:00,2011-11-28 15:47:00,4,1643.18
12658,Germany,False,2011-11-21 10:22:00,2011-11-21 10:22:00,1,686.05
12659,France,False,2011-11-10 11:53:00,2011-11-10 11:53:00,1,91.68
12660,France,False,2011-11-28 13:26:00,2011-11-28 13:26:00,1,245.1
12662,Germany,False,2010-12-01 13:04:00,2011-12-09 11:59:00,11,3849.78
12664,Finland,False,2011-01-21 11:42:00,2011-12-01 17:07:00,9,4881.88
12665,Germany,False,2011-01-19 08:34:00,2011-01-19 08:34:00,1,63.0
12666,Israel,False,,,0,0.0
12667,Finland,False,2011-10-12 17:00:00,2011-10-12 17:00:00,1,620.13
12668,Germany,False,2010-12-19 12:46:00,2011-11-28 10:56:00,4,3807.15
12669,France,False,2011-03-28 10:15:00,2011-07-12 09:54:00,3,2744.03
12670,France,False,2011-04-21 10:16:00,2011-11-29 15:23:00,5,2996.05
12672,France,False,2011-01-14 09:20:00,2011-01-14 09:20:00,1,225.9
12673,Germany,False,2011-01-17 11:46:00,2011-12-04 13:55:00,2,610.52
12674,France,False,2011-05-16 09:10:00,2011-11-01 12:12:00,4,1970.6
12676,Sweden,False,2011-02-01 15:41:00,2011-11-15 12:25:00,6,1331.39
12678,France,False,2010-12-21 11:00:00,2011-10-28 13:04:00,12,17628.46
12679,France,False,2011-03-01 12:26:00,2011-10-12 12:30:00,4,1113.02
12680,France,False,2011-08-18 15:44:00,2011-12-09 12:50:00,4,862.81
12681,France,False,2010-12-07 10:08:00,2011-11-25 11:33:00,22,13787.54
12682,France,False,2010-12-03 13:59:00,2011-12-06 10:00:00,31,12279.82
12683,France,False,2010-12-09 10:37:00,2011-12-05 16:31:00,15,8476.57
12684,France,False,2011-05-10 12:55:00,2011-12-02 09:53:00,7,2283.63
12685,France,False,2011-09-07 10:28:00,2011-11-11 13:46:00,6,2863.08
12686,France,False,2010-12-03 09:51:00,2010-12-03 09:51:00,1,89.14
12688,Israel,False,2011-08-18 08:49:00,2011-08-18 08:49:00,1,4873.81
12689,France,False,2011-08-04 10:04:00,2011-11-14 08:31:00,2,1247.61
12690,France,False,2011-05-18 09:09:00,2011-05-18 09:09:00,1,389.01
12691,France,False,2010-12-17 14:46:00,2011-11-11 16:49:00,6,1035.8
12693,Germany,False,2011-01-24 12:58:00,2011-08-04 17:51:00,4,855.91
12694,France,False,2011-06-09 17:48:00,2011-09-30 13:06:00,2,869.67
12695,France,False,2011-05-13 13:15:00,2011-12-02 13:22:00,4,582.1
12697,Sweden,False,2011-06-23 15:44:00,2011-11-11 08:47:00,3,957.59
12700,France,False,2011-05-08 16:10:00,2011-12-02 10:47:00,4,4939.99
12701,Germany,False,2011-04-11 13:02:00,2011-09-21 10:47:00,2,797.71
12702,Germany,False,2011-11-20 10:36:00,2011-11-20 10:36:00,1,219.0
12703,Germany,False,2011-09-29 17:52:00,2011-09-29 17:52:00,1,283.55
12704,Finland,False,2011-06-23 10:20:00,2011-12-02 13:15:00,8,2340.84
12705,Germany,False,2010-12-17 15:58:00,2011-11-24 13:17:00,9,6868.29
12707,France,False,2011-02-21 08:38:00,2011-02-21 08:38:00,1,603.42
12708,Germany,False,2010-12-06 10:43:00,2011-11-10 09:52:00,10,2712.91
12709,Germany,False,2010-12-08 09:49:00,2011-11-24 15:38:00,15,9706.52
12710,Germany,False,2011-05-22 14:05:00,2011-09-04 12:00:00,3,1149.02
12712,Germany,False,2010-12-03 14:30:00,2011-11-11 08:19:00,13,4396.13
12713,Germany,False,2011-12-09 12:16:00,2011-12-09 12:16:00,1,848.55
12714,France,False,2011-02-18 10:53:00,2011-11-30 15:43:00,5,4708.86
12715,Sweden,False,2011-08-25 15:22:00,2011-08-25 15:22:00,1,343.36
12716,France,False,2011-07-29 13:28:00,2011-12-06 08:55:00,2,1053.49
12717,Greece,False,2011-04-08 10:32:00,2011-07-11 14:47:00,2,1030.98
12718,France,False,2011-09-29 16:38:00,2011-09-29 16:38:00,1,238.25
12719,France,False,2011-10-05 14:50:00,2011-12-04 13:45:00,2,644.95
12720,Germany,False,2010-12-05 15:21:00,2011-12-07 08:03:00,25,5781.73
12721,France,False,2010-12-20 11:38:00,2011-11-08 12:13:00,6,2656.13
12722,France,False,2011-07-12 11:55:00,2011-09-15 14:50:00,4,997.63
12723,France,False,2011-10-05 15:52:00,2011-12-06 10:19:00,5,725.07
12724,France,False,2011-01-11 15:00:00,2011-12-04 16:02:00,4,1031.41
12725,Italy,False,2010-12-03 15:45:00,2010-12-03 15:45:00,1,427.8
12726,France,False,2010-12-17 12:56:00,2011-11-11 13:35:00,7,2609.1
12727,France,False,2011-01-23 15:17:00,2011-11-29 11:46:00,7,3980.7
12728,France,False,2011-01-11 13:31:00,2011-09-29 15:31:00,4,836.33
12729,France,False,2011-08-18 11:40:00,2011-08-18 11:40:00,1,453.01
12731,France,False,2010-12-10 10:56:00,2011-11-16 11:59:00,12,18895.91
12732,France,False,2011-06-13 11:33:00,2011-06-13 11:33:00,1,236.26
12733,USA,False,2011-04-19 16:19:00,2011-04-19 16:19:00,1,383.95
12734,France,False,2010-12-22 12:47:00,2010-12-22 12:47:00,1,110.4
12735,France,False,2011-01-06 14:26:00,2011-01-28 13:37:00,2,779.57
12736,France,False,2011-01-11 07:57:00,2011-01-11 07:57:00,1,234.0
12738,Germany,False,2010-12-02 18:27:00,2010-12-02 18:27:00,1,155.35
12739,United Arab Emirates,False,2011-09-01 17:45:00,2011-09-22 13:00:00,2,1013.04
12740,France,False,2011-10-07 10:44:00,2011-10-07 10:44:00,1,427.6
12743,Unspecified,False,2011-07-28 16:06:00,2011-07-28 16:21:00,2,540.13
12744,Singapore,False,2011-01-25 13:26:00,2011-10-19 11:18:00,7,21279.29
12747,United Kingdom,False,2010-12-05 15:38:00,2011-12-07 14:34:00,11,4196.01
12748,United Kingdom,False,2010-12-01 12:48:00,2011-12-09 12:20:00,209,33053.19
12749,United Kingdom,False,2011-05-10 15:25:00,2011-12-06 09:56:00,5,4090.88
12750,Poland,False,2011-08-03 09:13:00,2011-08-03 09:13:00,1,275.88
12752,Norway,False,2011-09-19 13:32:00,2011-09-19 13:32:00,1,4366.78
12753,Japan,False,2010-12-12 11:44:00,2011-11-17 10:52:00,6,21429.39
12754,Japan,False,2011-02-04 10:31:00,2011-04-18 09:00:00,3,3010.74
12755,Japan,False,2010-12-09 10:44:00,2011-03-04 12:42:00,2,3811.95
12756,Japan,False,2011-09-14 09:31:00,2011-09-14 09:31:00,1,112.08
12757,Portugal,False,2011-05-12 19:01:00,2011-11-24 12:30:00,13,7834.65
12758,Portugal,False,2011-03-08 12:05:00,2011-08-15 10:22:00,2,2791.59
12759,Netherlands,False,2011-03-09 08:09:00,2011-10-18 14:49:00,3,1531.44
12762,Portugal,False,2011-11-14 14:23:00,2011-12-02 10:23:00,2,1898.52
12763,Japan,False,2010-12-05 15:46:00,2011-07-24 14:12:00,2,494.08
12764,Lebanon,False,2011-01-27 10:19:00,2011-01-27 10:19:00,1,1693.88
12766,Portugal,False,2010-12-08 13:53:00,2011-12-06 08:46:00,7,6989.63
12769,Brazil,False,2011-04-15 10:25:00,2011-04-15 10:25:00,1,1143.6
12770,Japan,False,2011-05-13 09:33:00,2011-05-13 09:33:00,1,1351.45
12772,Portugal,False,2011-10-11 09:19:00,2011-10-11 09:19:00,1,892.47
12775,Netherlands,False,2011-02-01 13:45:00,2011-11-22 16:33:00,5,1386.04
12778,Netherlands,False,2011-01-31 14:35:00,2011-11-20 11:30:00,6,822.23
12779,Poland,False,2010-12-03 13:40:00,2011-11-02 11:43:00,8,3981.36
12781,Czech Republic,False,2011-02-28 08:43:00,2011-10-07 10:37:00,2,826.74
12782,Portugal,False,2010-12-17 11:30:00,2011-12-05 09:16:00,5,2330.92
12783,Portugal,False,2011-09-25 15:35:00,2011-12-07 15:56:00,6,2225.91
12784,Portugal,False,2011-11-24 12:53:00,2011-11-30 15:38:00,2,532.82
12785,Portugal,False,2010-12-10 13:48:00,2010-12-10 13:48:00,1,311.95
12787,Netherlands,False,2011-05-31 09:36:00,2011-11-30 08:44:00,3,463.66
12789,Netherlands,False,2011-10-05 13:34:00,2011-10-05 13:34:00,1,91.85
12790,Netherlands,False,2011-05-31 14:14:00,2011-05-31 14:14:00,1,324.92
12791,Netherlands,False,2010-12-01 11:27:00,2010-12-01 11:27:00,1,192.6
12792,Portugal,False,2011-03-28 11:36:00,2011-03-28 11:36:00,1,400.54
12793,Portugal,False,2010-12-03 15:14:00,2011-01-09 12:12:00,2,545.48
12794,Portugal,False,2011-09-02 12:01:00,2011-10-17 14:54:00,2,860.41
12795,Portugal,False,2011-11-21 10:27:00,2011-11-21 10:27:00,1,430.48
12797,Portugal,False,2010-12-09 10:55:00,2010-12-09 10:55:00,1,254.03
12798,Japan,False,2011-06-22 10:11:00,2011-11-29 15:52:00,3,6977.04
12802,Netherlands,False,2011-06-06 09:36:00,2011-06-06 09:36:00,1,427.58
12808,Portugal,False,2010-12-06 10:27:00,2011-11-03 10:05:00,3,483.65
12809,Portugal,False,2011-06-15 10:51:00,2011-06-15 10:51:00,1,489.31
12811,Portugal,False,2011-02-28 15:39:00,2011-03-24 09:42:00,3,514.85
12812,Japan,False,2011-10-26 09:54:00,2011-10-26 09:54:00,1,229.64
12814,Poland,False,2011-08-30 12:11:00,2011-08-30 12:11:00,1,125.92
12815,Poland,False,2011-05-25 13:34:00,2011-07-15 10:21:00,2,1063.46
12816,Poland,False,2011-06-16 13:24:00,2011-09-05 12:41:00,2,572.2
12817,Austria,False,2011-03-03 16:28:00,2011-03-03 16:28:00,1,166.04
12818,Austria,False,2011-03-23 12:06:00,2011-03-23 12:06:00,1,1542.08
12820,United Kingdom,False,2011-01-17 12:34:00,2011-12-06 15:12:00,4,942.34
12821,United Kingdom,False,2011-05-09 15:51:00,2011-05-09 15:51:00,1,92.72
12822,United Kingdom,False,2011-09-13 13:46:00,2011-09-30 10:04:00,2,948.88
12823,United Kingdom,False,2011-02-16 12:15:00,2011-09-26 07:35:00,5,1759.5
12824,United Kingdom,False,2011-10-11 12:49:00,2011-10-11 12:49:00,1,397.12
12826,United Kingdom,False,2010-12-09 15:21:00,2011-12-07 10:25:00,7,1474.72
12827,United Kingdom,False,2011-10-26 15:44:00,2011-12-04 12:17:00,3,430.15
12828,United Kingdom,False,2011-08-01 16:16:00,2011-12-07 08:45:00,6,1018.71
12829,United Kingdom,False,2010-12-14 14:54:00,2011-01-07 11:13:00,2,293.0
12830,United Kingdom,False,2011-06-21 10:53:00,2011-11-02 11:54:00,6,6814.64
12831,United Kingdom,False,2011-03-22 13:02:00,2011-03-22 13:02:00,1,215.05
12832,United Kingdom,False,2011-09-02 13:48:00,2011-11-07 13:30:00,2,383.03
12833,United Kingdom,False,2011-07-17 13:46:00,2011-07-17 13:46:00,1,417.38
12834,United Kingdom,False,2011-03-02 09:49:00,2011-03-02 09:49:00,1,312.38
12836,United Kingdom,False,2011-02-01 11:19:00,2011-10-11 15:10:00,4,2610.36
12837,United Kingdom,False,2011-06-19 16:07:00,2011-06-19 16:07:00,1,134.1
12838,United Kingdom,False,2010-12-01 11:57:00,2011-11-06 12:20:00,2,671.95
12839,United Kingdom,False,2010-12-07 15:48:00,2011-12-07 12:33:00,14,5591.42
12840,United Kingdom,False,2011-04-27 12:21:00,2011-07-19 09:29:00,4,2726.77
12841,United Kingdom,False,2010-12-03 10:43:00,2011-12-05 11:13:00,25,3991.58
12842,United Kingdom,False,2011-02-04 12:36:00,2011-09-30 15:33:00,2,1118.99
12843,United Kingdom,False,2011-03-20 14:38:00,2011-10-05 12:09:00,8,1702.26
12844,United Kingdom,False,2011-08-01 13:11:00,2011-11-10 13:31:00,2,325.96
12845,United Kingdom,False,2011-02-22 14:10:00,2011-03-17 13:34:00,4,354.09
12847,United Kingdom,False,2011-11-17 13:16:00,2011-11-17 13:16:00,1,843.64
12849,United Kingdom,False,2011-03-16 12:26:00,2011-11-08 13:41:00,2,1010.29
12851,United Kingdom,False,2011-09-04 12:41:00,2011-09-04 12:41:00,1,131.81
12852,United Kingdom,False,2011-02-18 08:47:00,2011-02-18 08:47:00,1,311.55
12853,United Kingdom,False,2011-01-28 10:28:00,2011-07-28 11:29:00,6,1957.1
12854,United Kingdom,False,2011-01-25 13:35:00,2011-09-22 12:15:00,3,1316.25
12855,United Kingdom,False,2010-12-02 09:37:00,2010-12-02 09:37:00,1,38.1
12856,United Kingdom,False,2011-10-07 12:38:00,2011-12-02 10:52:00,6,2170.78
12857,United Kingdom,False,2011-02-10 12:32:00,2011-05-13 10:20:00,2,1106.4
12863,United Kingdom,False,2011-10-18 14:15:00,2011-10-18 14:15:00,1,521.2
12864,United Kingdom,False,2011-07-24 13:03:00,2011-07-24 13:03:00,1,147.12
12865,Austria,False,2011-08-08 10:11:00,2011-11-13 14:31:00,2,1568.23
12866,Belgium,False,2011-03-01 14:11:00,2011-03-01 14:11:00,1,559.12
12867,United Kingdom,False,2010-12-14 16:39:00,2011-11-13 15:30:00,7,4009.34
12868,United Kingdom,False,2010-12-01 12:50:00,2011-06-07 10:42:00,6,1607.06
12870,United Kingdom,False,,,0,0.0
12871,United Kingdom,False,2011-05-16 13:32:00,2011-09-16 15:07:00,2,380.64
12872,United Kingdom,False,2010-12-09 14:44:00,2011-01-17 10:52:00,2,599.97
12873,United Kingdom,False,2011-03-02 14:58:00,2011-03-02 14:58:00,1,374.0
12875,United Kingdom,False,2010-12-12 12:03:00,2011-07-19 15:30:00,2,343.23
12876,Belgium,False,2011-05-27 13:34:00,2011-10-13 12:26:00,2,2218.02
12877,United Kingdom,False,2010-12-16 12:23:00,2011-12-06 10:30:00,12,1535.77
12878,United Kingdom,False,2011-03-18 14:02:00,2011-04-17 13:07:00,2,854.99
12879,United Kingdom,False,2011-09-09 12:11:00,2011-10-26 12:24:00,3,573.22
12881,United Kingdom,False,2011-03-09 11:44:00,2011-03-09 11:44:00,1,298.0
12882,United Kingdom,False,2011-11-06 11:22:00,2011-11-30 16:18:00,2,1463.04
12883,United Kingdom,False,2011-09-11 15:18:00,2011-11-15 09:32:00,4,703.47
12884,United Kingdom,False,2011-09-12 13:10:00,2011-09-12 13:10:00,1,309.05
12885,United Kingdom,False,2011-08-08 11:45:00,2011-10-07 13:40:00,3,1175.22
12886,United Kingdom,False,2011-05-04 11:21:00,2011-10-03 10:09:00,2,1378.4
12888,United Kingdom,False,2011-03-29 14:31:00,2011-05-09 16:02:00,2,354.12
12890,United Kingdom,False,2011-11-15 17:26:00,2011-11-15 17:26:00,1,376.72
12891,United Kingdom,False,2011-02-20 11:28:00,2011-06-07 12:31:00,3,331.0
12893,United Kingdom,False,2011-11-09 12:34:00,2011-11-09 12:34:00,1,176.55
12895,United Kingdom,False,2011-09-14 08:35:00,2011-10-28 13:51:00,2,372.8
12897,United Kingdom,False,2011-02-11 11:40:00,2011-05-19 12:13:00,2,216.5
12901,United Kingdom,False,2011-03-14 10:41:00,2011-12-01 10:07:00,28,17654.54
12902,United Kingdom,False,2011-03-20 12:06:00,2011-03-20 12:06:00,1,138.68
12904,United Kingdom,False,2011-06-20 13:18:00,2011-11-21 14:34:00,2,496.06
12906,United Kingdom,False,2011-09-22 15:03:00,2011-11-28 09:55:00,5,2919.81
12908,United Kingdom,False,2011-01-31 12:37:00,2011-06-16 15:39:00,2,750.0
12909,United Kingdom,False,2011-03-31 12:51:00,2011-10-31 12:43:00,5,2178.67
12910,United Kingdom,False,2011-04-12 10:01:00,2011-11-16 14:28:00,8,3075.04
12912,United Kingdom,False,2011-10-30 11:35:00,2011-12-07 08:55:00,5,1662.3
12913,United Kingdom,False,2010-12-06 16:36:00,2011-12-05 12:11:00,5,2483.63
12915,United Kingdom,False,2010-12-02 12:33:00,2011-07-14 11:34:00,2,363.65
12916,United Kingdom,False,2011-01-23 10:43:00,2011-07-24 10:35:00,4,2944.95
12917,United Kingdom,False,2011-08-03 16:42:00,2011-08-03 16:42:00,1,594.0
12919,United Kingdom,False,2011-06-23 09:22:00,2011-12-01 13:47:00,6,1335.19
12920,United Kingdom,False,2011-11-22 15:05:00,2011-11-22 15:05:00,1,162.78
12921,United Kingdom,False,2010-12-01 15:06:00,2011-11-30 16:22:00,37,16587.09
12922,United Kingdom,False,2011-07-01 15:35:00,2011-07-01 15:35:00,1,405.38
12923,United Kingdom,False,2011-10-06 16:20:00,2011-10-06 16:20:00,1,172.82
12924,United Kingdom,False,2011-01-16 11:49:00,2011-09-12 13:55:00,4,933.7
12925,United Kingdom,False,2011-09-26 11:05:00,2011-12-05 11:11:00,2,694.05
12928,United Kingdom,False,2010-12-15 15:45:00,2011-11-04 14:24:00,5,2062.7
12929,United Kingdom,False,2011-02-01 12:08:00,2011-02-01 12:08:00,1,117.85
12930,United Kingdom,False,2011-06-21 13:25:00,2011-09-22 15:18:00,2,415.8
12931,United Kingdom,False,2010-12-17 09:45:00,2011-11-18 12:39:00,15,42055.96
12933,United Kingdom,False,2011-03-01 11:30:00,2011-11-15 16:38:00,3,607.53
12935,United Kingdom,False,2011-01-24 13:58:00,2011-12-07 17:25:00,7,2160.7
12936,United Kingdom,False,2011-09-22 13:51:00,2011-11-22 17:32:00,4,1063.9
12937,United Kingdom,False,2011-03-17 14:19:00,2011-11-24 15:05:00,4,1504.27
12938,United Kingdom,False,2011-11-14 11:21:00,2011-11-14 11:21:00,1,114.14
12939,United Kingdom,False,2011-01-09 11:20:00,2011-10-06 14:33:00,8,11581.8
12940,United Kingdom,False,2011-09-13 10:16:00,2011-10-16 12:09:00,2,899.69
12942,United Kingdom,False,2010-12-09 09:34:00,2011-07-31 14:39:00,3,675.6
12943,United Kingdom,False,,,0,0.0
12944,United Kingdom,False,2010-12-20 10:41:00,2011-11-04 11:04:00,2,604.51
12945,United Kingdom,False,2011-02-24 14:15:00,2011-02-24 14:15:00,1,462.95
12947,United Kingdom,False,2010-12-01 16:21:00,2011-07-19 10:06:00,6,1603.99
12948,United Kingdom,False,2011-03-20 10:17:00,2011-11-23 17:10:00,7,2064.95
12949,United Kingdom,False,2011-04-01 13:20:00,2011-11-09 11:25:00,8,4167.22
12950,United Kingdom,False,2011-11-15 13:48:00,2011-12-07 13:17:00,3,1843.0
12951,United Kingdom,False,2011-01-13 10:33:00,2011-12-01 12:14:00,6,1064.07
12952,United Kingdom,False,2011-09-22 16:37:00,2011-12-04 10:35:00,4,1387.79
12953,United Kingdom,False,2011-11-30 09:24:00,2011-11-30 09:24:00,1,329.85
12955,United Kingdom,False,2011-03-17 09:03:00,2011-12-08 16:29:00,11,4757.16
12956,United Kingdom,False,2011-02-06 16:08:00,2011-02-06 16:08:00,1,108.07
12957,United Kingdom,False,2011-01-04 12:18:00,2011-11-30 09:53:00,8,4017.54
12962,United Kingdom,False,2011-08-18 13:38:00,2011-12-02 15:55:00,2,266.39
12963,United Kingdom,False,2010-12-09 09:14:00,2011-12-01 12:55:00,8,1856.63
12965,United Kingdom,False,2011-09-11 15:31:00,2011-09-11 15:31:00,1,769.81
12966,United Kingdom,False,2011-11-30 12:38:00,2011-11-30 12:38:00,1,160.18
12967,United Kingdom,False,2010-12-03 09:49:00,2010-12-16 19:10:00,2,1660.9
12968,United Kingdom,False,2011-08-19 15:44:00,2011-08-19 15:44:00,1,135.95
12970,United Kingdom,False,2011-01-21 14:04:00,2011-12-02 14:30:00,4,405.47
12971,United Kingdom,False,2010-12-02 16:42:00,2011-12-06 12:20:00,86,11189.91
12974,United Kingdom,False,2011-05-26 09:33:00,2011-05-26 09:33:00,1,144.8
12976,United Kingdom,False,2011-05-12 09:55:00,2011-05-12 09:55:00,1,738.6
12977,United Kingdom,False,2011-07-06 16:40:00,2011-07-06 16:40:00,1,39.24
12980,United Kingdom,False,2010-12-16 11:36:00,2011-07-05 09:34:00,9,7374.9
12981,United Kingdom,False,2011-07-29 14:14:00,2011-11-10 12:00:00,2,372.22
12982,United Kingdom,False,2011-04-11 11:51:00,2011-04-11 11:51:00,1,390.54
12984,United Kingdom,False,2011-11-21 12:37:00,2011-11-21 12:37:00,1,97.5
12985,United Kingdom,False,2011-11-11 12:44:00,2011-12-09 10:46:00,2,1239.38
12987,United Kingdom,False,2011-05-26 12:00:00,2011-09-27 12:03:00,2,558.7
12988,United Kingdom,False,2011-02-20 14:31:00,2011-02-20 14:31:00,1,505.82
12989,United Kingdom,False,2010-12-10 13:24:00,2011-12-06 15:28:00,15,6924.11
12990,United Kingdom,False,2011-02-02 15:39:00,2011-11-08 13:01:00,3,409.5
12991,United Kingdom,False,2011-08-19 14:39:00,2011-11-16 15:34:00,2,503.76
12993,United Kingdom,False,2011-02-14 14:29:00,2011-11-16 15:49:00,4,414.76
12994,United Kingdom,False,2011-03-16 08:31:00,2011-12-05 15:43:00,3,974.42
12995,United Kingdom,False,2011-09-15 15:44:00,2011-09-15 15:44:00,1,211.32
12997,United Kingdom,False,2011-01-26 15:49:00,2011-11-17 15:47:00,4,1226.89
12999,United Kingdom,False,2011-04-08 10:26:00,2011-05-27 13:24:00,3,455.88
13000,United Kingdom,False,2010-12-10 10:26:00,2011-08-25 10:43:00,3,534.85
13001,United Kingdom,False,2011-01-17 12:45:00,2011-12-05 14:51:00,13,9785.97
13002,United Kingdom,False,2011-01-25 15:18:00,2011-01-25 15:18:00,1,120.95
13003,United Kingdom,False,2011-05-09 08:23:00,2011-08-26 10:50:00,3,149.05
13004,United Kingdom,False,2010-12-17 08:20:00,2011-11-28 11:27:00,18,5655.91
13005,United Kingdom,False,2011-04-07 13:32:00,2011-06-19 10:53:00,2,513.7
13006,United Kingdom,False,2011-10-14 13:49:00,2011-10-14 13:49:00,1,81.57
13008,United Kingdom,False,2011-01-20 14:24:00,2011-01-20 14:24:00,1,229.47
13011,United Kingdom,False,2010-12-02 17:22:00,2010-12-02 17:22:00,1,50.55
13012,United Kingdom,False,2011-02-18 09:43:00,2011-11-30 13:05:00,8,1646.84
13013,United Kingdom,False,2010-12-03 12:28:00,2011-12-08 15:01:00,13,4810.94
13014,United Kingdom,False,2011-03-03 18:28:00,2011-11-29 12:27:00,10,3466.28
13015,United Kingdom,False,2011-04-04 14:28:00,2011-10-17 13:19:00,5,3339.64
13016,United Kingdom,False,2011-08-08 15:00:00,2011-09-27 14:08:00,3,789.89
13017,United Kingdom,False,2011-12-02 15:53:00,2011-12-02 15:53:00,1,204.0
13018,United Kingdom,False,2011-02-17 11:05:00,2011-11-23 13:28:00,28,7277.7
13021,United Kingdom,False,2010-12-16 10:12:00,2011-12-05 16:37:00,9,2616.38
13023,United Kingdom,False,2011-08-02 09:34:00,2011-10-06 16:27:00,2,689.9
13026,United Kingdom,False,2011-03-09 11:35:00,2011-12-08 16:58:00,5,975.36
13027,United Kingdom,False,2010-12-20 12:45:00,2011-08-18 09:39:00,6,6912.0
13028,United Kingdom,False,2011-10-25 14:09:00,2011-11-17 11:10:00,2,661.32
13029,United Kingdom,False,2010-12-21 13:53:00,2011-11-09 09:13:00,3,1247.5
13030,United Kingdom,False,2010-12-06 14:31:00,2011-11-28 14:30:00,2,752.44
13032,United Kingdom,False,2011-09-13 16:40:00,2011-10-18 15:54:00,2,1010.18
13033,United Kingdom,False,2010-12-17 14:23:00,2010-12-17 14:23:00,1,190.55
13034,United Kingdom,False,2010-12-05 14:52:00,2011-10-16 12:21:00,2,642.77
13035,United Kingdom,False,2011-03-24 09:21:00,2011-09-27 08:57:00,2,921.88
13037,United Kingdom,False,2011-03-28 15:42:00,2011-07-24 15:46:00,3,881.07
13038,United Kingdom,False,2011-02-22 11:43:00,2011-09-20 14:37:00,3,908.46
13040,United Kingdom,False,2011-11-06 13:53:00,2011-12-01 10:38:00,2,676.99
13043,United Kingdom,False,2011-03-11 14:52:00,2011-03-11 14:52:00,1,516.42
13044,United Kingdom,False,2011-02-21 15:20:00,2011-02-21 15:20:00,1,560.47
13045,United Kingdom,False,2011-09-01 15:04:00,2011-09-01 15:04:00,1,305.28
13046,United Kingdom,False,2011-03-18 15:43:00,2011-11-09 08:36:00,2,629.31
13047,United Kingdom,False,2010-12-01 08:34:00,2011-11-08 12:06:00,10,3237.54
13048,United Kingdom,False,2011-01-16 14:36:00,2011-11-25 13:23:00,4,1819.41
13049,United Kingdom,False,2011-01-25 16:33:00,2011-10-06 15:31:00,2,656.68
13050,United Kingdom,False,2010-12-08 09:30:00,2011-11-25 09:18:00,17,5836.86
13052,United Kingdom,False,2011-05-11 14:12:00,2011-05-11 14:12:00,1,348.15
13055,United Kingdom,False,2011-05-10 08:58:00,2011-09-22 14:26:00,3,1214.41
13058,United Kingdom,False,2011-07-11 12:01:00,2011-11-15 12:43:00,3,271.4
13059,United Kingdom,False,2011-04-04 10:40:00,2011-04-04 10:40:00,1,183.4
13060,United Kingdom,False,2011-03-31 11:37:00,2011-03-31 11:37:00,1,307.53
13061,United Kingdom,False,2011-09-28 16:04:00,2011-09-28 16:04:00,1,248.61
13062,United Kingdom,False,2011-06-01 15:12:00,2011-06-01 15:12:00,1,346.98
13064,United Kingdom,False,2011-01-16 13:41:00,2011-11-27 12:31:00,4,1105.59
13065,United Kingdom,False,2010-12-01 16:52:00,2010-12-01 16:52:00,1,205.86
13066,United Kingdom,False,2011-11-07 17:06:00,2011-11-15 12:57:00,2,470.8
13067,United Kingdom,False,2011-09-18 13:38:00,2011-09-18 13:38:00,1,115.46
13068,United Kingdom,False,2011-01-24 08:20:00,2011-11-29 15:00:00,2,344.0
13069,United Kingdom,False,2010-12-05 11:02:00,2011-12-09 08:39:00,24,4431.44
13070,United Kingdom,False,2011-05-31 13:45:00,2011-05-31 13:45:00,1,228.8
13072,United Kingdom,False,2011-03-18 08:12:00,2011-03-18 08:12:00,1,177.15
13075,United Kingdom,False,2011-08-02 10:19:00,2011-08-02 10:19:00,1,919.61
13077,United Kingdom,False,2010-12-08 14:59:00,2011-12-08 19:24:00,4,728.02
13078,United Kingdom,False,2010-12-08 09:07:00,2011-12-06 15:36:00,26,12627.94
13079,United Kingdom,False,2011-07-22 14:41:00,2011-12-05 16:53:00,5,220.1
13080,United Kingdom,False,2011-06-13 14:59:00,2011-06-13 14:59:00,1,58.08
13081,United Kingdom,False,2010-12-03 17:20:00,2011-11-28 10:54:00,11,28337.38
13082,United Kingdom,False,2011-01-05 15:42:00,2011-08-05 16:16:00,9,3613.63
13083,United Kingdom,False,2011-09-25 10:46:00,2011-12-05 15:01:00,2,303.75
13085,United Kingdom,False,2011-02-17 13:57:00,2011-07-05 12:11:00,2,416.08
13089,United Kingdom,False,2010-12-05 10:27:00,2011-12-07 09:02:00,97,58762.08
13090,United Kingdom,False,2010-12-02 07:48:00,2011-12-01 12:39:00,14,8910.82
13091,United Kingdom,False,2011-11-11 15:54:00,2011-11-11 15:54:00,1,345.82
13092,United Kingdom,False,2010-12-15 12:27:00,2011-09-30 11:18:00,5,477.83
13093,United Kingdom,False,2010-12-01 15:00:00,2011-03-09 12:14:00,8,7832.47
13094,United Kingdom,False,2010-12-06 10:34:00,2011-11-18 14:07:00,12,1927.32
13095,United Kingdom,False,2011-09-30 12:03:00,2011-09-30 12:03:00,1,74.4
13097,United Kingdom,False,2010-12-14 15:13:00,2011-11-07 10:43:00,10,6003.22
13098,United Kingdom,False,2011-01-26 13:46:00,2011-12-08 14:14:00,28,28882.44
13099,United Kingdom,False,2011-09-01 17:40:00,2011-09-01 17:40:00,1,207.36
13101,United Kingdom,False,2011-04-19 14:37:00,2011-04-19 14:37:00,1,101.19
13102,United Kingdom,False,2010-12-09 13:38:00,2011-12-08 12:52:00,24,6424.09
13103,United Kingdom,False,2011-10-31 09:38:00,2011-10-31 09:38:00,1,243.94
13104,United Kingdom,False,2010-12-20 11:58:00,2011-12-06 13:10:00,6,1098.48
13106,United Kingdom,False,2011-07-29 15:12:00,2011-07-29 15:12:00,1,76.5
13107,United Kingdom,False,2011-01-10 12:28:00,2011-10-26 14:52:00,4,1531.62
13108,United Kingdom,False,2010-12-02 10:35:00,2010-12-02 10:35:00,1,350.06
13109,United Kingdom,False,2011-07-05 14:56:00,2011-10-11 10:16:00,2,786.54
13110,United Kingdom,False,2011-02-01 15:24:00,2011-11-08 14:30:00,7,1488.67
13113,United Kingdom,False,2010-12-08 13:21:00,2011-12-09 12:49:00,24,12245.96
13115,United Kingdom,False,2011-06-08 16:15:00,2011-11-28 12:38:00,4,2294.78
13116,United Kingdom,False,2011-07-24 14:33:00,2011-07-24 14:33:00,1,501.14
13117,United Kingdom,False,2010-12-02 13:11:00,2011-11-18 12:02:00,8,984.91
13118,United Kingdom,False,2011-02-24 12:32:00,2011-11-20 12:46:00,5,1197.81
13120,United Kingdom,False,2011-04-15 10:19:00,2011-04-15 10:19:00,1,30.6
13121,United Kingdom,False,2011-03-15 16:47:00,2011-03-15 16:47:00,1,283.73
13122,United Kingdom,False,2011-04-13 14:12:00,2011-09-06 15:53:00,2,922.39
13124,United Kingdom,False,2010-12-15 15:00:00,2011-09-11 12:45:00,3,3756.33
13126,United Kingdom,False,2010-12-08 11:42:00,2011-12-05 10:00:00,8,2099.64
13127,United Kingdom,False,2011-09-23 10:26:00,2011-09-23 10:26:00,1,259.17
13130,United Kingdom,False,2011-09-06 15:30:00,2011-09-06 15:30:00,1,64.0
13131,United Kingdom,False,2011-06-05 10:54:00,2011-11-16 13:21:00,3,1073.3
13132,United Kingdom,False,2011-03-23 12:44:00,2011-03-23 12:44:00,1,77.3
13133,United Kingdom,False,2011-02-08 15:48:00,2011-03-11 10:31:00,2,109.8
13134,United Kingdom,False,2011-04-13 12:57:00,2011-09-15 10:35:00,4,1793.58
13135,United Kingdom,False,2011-05-27 10:52:00,2011-05-27 10:52:00,1,3096.0
13136,United Kingdom,False,2011-05-11 12:47:00,2011-10-14 13:41:00,5,2607.61
13137,United Kingdom,False,2011-02-04 11:54:00,2011-11-29 12:09:00,8,3603.29
13138,United Kingdom,False,2010-12-02 15:03:00,2011-11-17 16:51:00,6,962.39
13139,United Kingdom,False,2011-03-25 11:57:00,2011-11-23 13:54:00,7,5064.94
13140,United Kingdom,False,2010-12-08 15:12:00,2011-08-23 15:33:00,3,422.47
13141,United Kingdom,False,2011-01-28 13:04:00,2011-09-16 09:54:00,5,2388.75
13142,United Kingdom,False,2011-11-20 16:07:00,2011-11-20 16:07:00,1,307.09
13144,United Kingdom,False,2011-01-11 11:15:00,2011-01-11 11:15:00,1,110.95
13145,United Kingdom,False,2010-12-02 18:06:00,2011-10-31 12:45:00,4,618.52
13146,United Kingdom,False,2011-11-13 15:29:00,2011-11-13 15:29:00,1,228.91
13147,United Kingdom,False,2011-09-01 12:28:00,2011-11-29 13:59:00,4,712.8
13148,United Kingdom,False,2010-12-10 13:06:00,2011-11-10 15:23:00,12,3683.26
13149,United Kingdom,False,2011-02-23 13:57:00,2011-11-25 13:09:00,4,1676.06
13151,United Kingdom,False,2011-02-17 12:29:00,2011-02-17 12:29:00,1,1257.87
13153,United Kingdom,False,2011-12-04 12:14:00,2011-12-04 12:14:00,1,486.22
13154,United Kingdom,False,,,0,0.0
13155,United Kingdom,False,2010-12-06 12:44:00,2011-11-06 15:41:00,4,971.76
13157,United Kingdom,False,2011-02-14 14:03:00,2011-10-21 13:50:00,4,1741.22
13158,United Kingdom,False,2011-01-25 09:58:00,2011-09-06 11:58:00,4,1201.06
13159,United Kingdom,False,2011-08-16 11:44:00,2011-12-01 11:20:00,4,1429.35
13160,United Kingdom,False,2011-11-17 13:07:00,2011-11-17 13:07:00,1,91.8
13161,United Kingdom,False,2011-01-30 14:03:00,2011-01-30 14:03:00,1,112.75
13162,United Kingdom,False,2011-01-09 10:43:00,2011-08-09 15:59:00,4,1688.29
13165,United Kingdom,False,2010-12-23 14:06:00,2011-10-24 15:05:00,2,1021.48
13166,United Kingdom,False,2011-03-01 15:16:00,2011-03-01 15:16:00,1,417.2
13167,United Kingdom,False,2011-07-19 12:13:00,2011-11-21 12:24:00,4,791.33
13168,United Kingdom,False,2011-01-25 13:55:00,2011-11-03 12:56:00,4,1299.59
13169,United Kingdom,False,2011-04-01 14:24:00,2011-10-07 12:11:00,2,712.88
13170,United Kingdom,False,2011-11-13 12:19:00,2011-11-13 12:19:00,1,108.81
13171,United Kingdom,False,2011-02-13 14:16:00,2011-11-18 10:27:00,3,468.41
13173,United Kingdom,False,2010-12-07 14:30:00,2011-12-05 15:51:00,2,353.65
13174,United Kingdom,False,2010-12-05 16:24:00,2011-11-23 14:35:00,3,2742.82
13176,United Kingdom,False,2011-10-24 15:43:00,2011-10-24 15:43:00,1,481.49
13177,United Kingdom,False,2011-10-06 09:56:00,2011-10-06 09:56:00,1,282.45
13178,United Kingdom,False,2010-12-14 12:22:00,2011-11-13 16:14:00,11,5725.47
13182,United Kingdom,False,2011-10-25 13:46:00,2011-10-25 13:46:00,1,121.18
13183,United Kingdom,False,2011-01-09 10:50:00,2011-12-02 10:30:00,9,3957.78
13184,United Kingdom,False,2011-02-22 17:25:00,2011-11-25 12:02:00,10,1668.95
13185,United Kingdom,False,2011-03-17 11:56:00,2011-03-17 11:56:00,1,71.4
13186,United Kingdom,False,2011-08-03 09:09:00,2011-10-31 11:40:00,3,1575.89
13187,United Kingdom,False,2011-01-06 18:57:00,2011-01-06 18:57:00,1,236.02
13188,United Kingdom,False,2011-11-28 15:28:00,2011-11-28 15:28:00,1,114.6
13189,United Kingdom,False,2011-08-16 13:12:00,2011-11-21 10:39:00,2,260.68
13192,United Kingdom,False,2011-05-18 14:57:00,2011-09-05 14:13:00,2,911.94
13193,United Kingdom,False,2011-10-09 14:30:00,2011-10-09 14:30:00,1,112.08
13194,United Kingdom,False,2011-07-27 09:01:00,2011-07-27 09:01:00,1,60.7
13196,United Kingdom,False,2011-03-22 14:24:00,2011-11-28 13:54:00,4,1797.78
13198,United Kingdom,False,2010-12-13 09:29:00,2011-11-29 15:17:00,6,3401.24
13199,United Kingdom,False,2010-12-08 10:51:00,2011-12-06 12:30:00,38,9817.12
13200,United Kingdom,False,2011-08-05 14:50:00,2011-11-20 15:35:00,4,870.09
13203,United Kingdom,False,2011-04-11 14:40:00,2011-11-30 10:45:00,4,869.46
13207,United Kingdom,False,2011-07-12 11:35:00,2011-11-24 14:52:00,2,250.26
13208,United Kingdom,False,2011-02-03 19:32:00,2011-10-12 09:54:00,6,1217.65
13209,United Kingdom,False,2010-12-13 10:31:00,2011-11-09 13:54:00,8,5891.61
13210,United Kingdom,False,2011-09-07 08:18:00,2011-09-07 08:18:00,1,353.48
13211,United Kingdom,False,2010-12-13 16:17:00,2011-11-29 14:43:00,3,1095.42
13212,United Kingdom,False,2011-10-09 14:48:00,2011-11-20 12:40:00,3,786.83
13213,United Kingdom,False,2011-05-24 12:22:00,2011-10-14 11:42:00,5,1520.58
13216,United Kingdom,False,2011-03-17 12:18:00,2011-03-17 12:18:00,1,333.74
13217,United Kingdom,False,2011-07-06 12:08:00,2011-08-09 15:32:00,3,533.98
13218,United Kingdom,False,2011-08-04 16:59:00,2011-08-04 16:59:00,1,62.64
13220,United Kingdom,False,2011-04-17 10:59:00,2011-09-22 13:38:00,4,819.29
13221,United Kingdom,False,2010-12-15 13:24:00,2011-04-13 16:58:00,2,847.41
13223,United Kingdom,False,2011-04-21 15:16:00,2011-05-23 13:03:00,2,163.2
13224,United Kingdom,False,2011-07-11 14:10:00,2011-10-10 14:55:00,2,2155.95
13225,United Kingdom,False,2010-12-13 09:49:00,2011-12-06 13:29:00,7,6463.84
13226,United Kingdom,False,2011-03-11 14:35:00,2011-03-11 14:35:00,1,108.21
13227,United Kingdom,False,2011-05-22 11:47:00,2011-05-22 11:47:00,1,257.7
13228,United Kingdom,False,2011-09-19 14:28:00,2011-09-19 14:28:00,1,358.0
13229,United Kingdom,False,2011-04-28 12:07:00,2011-04-28 12:07:00,1,160.95
13230,United Kingdom,False,2010-12-09 19:28:00,2011-12-05 16:03:00,14,2755.63
13232,United Kingdom,False,2011-04-10 13:48:00,2011-11-27 10:39:00,7,1328.35
13233,United Kingdom,False,2011-01-07 14:49:00,2011-09-26 13:25:00,2,605.12
13235,United Kingdom,False,2011-05-11 17:13:00,2011-05-11 17:13:00,1,1031.07
13236,United Kingdom,False,2011-08-25 08:58:00,2011-11-15 12:50:00,2,744.85
13238,United Kingdom,False,2010-12-14 14:37:00,2011-11-22 15:37:00,4,700.73
13239,United Kingdom,False,2011-03-23 10:25:00,2011-03-23 10:25:00,1,329.56
13240,United Kingdom,False,2010-12-09 12:49:00,2011-09-04 14:08:00,4,663.65
13242,United Kingdom,False,2011-05-10 12:26:00,2011-08-19 12:53:00,3,270.4
13243,United Kingdom,False,2011-05-20 13:14:00,2011-05-20 13:14:00,1,585.12
13244,United Kingdom,False,2011-09-08 11:46:00,2011-09-08 11:46:00,1,121.74
13245,United Kingdom,False,2011-10-20 11:40:00,2011-10-20 11:40:00,1,430.5
13246,United Kingdom,False,2011-01-13 13:36:00,2011-11-21 16:50:00,6,1961.52
13247,United Kingdom,False,2011-09-18 11:31:00,2011-11-22 10:59:00,4,501.12
13248,United Kingdom,False,2011-06-03 13:05:00,2011-08-07 12:40:00,2,465.68
13249,United Kingdom,False,2011-03-23 15:26:00,2011-09-08 13:26:00,3,711.41
13253,United Kingdom,False,2011-01-04 15:43:00,2011-07-06 10:09:00,2,1030.4
13255,United Kingdom,False,2010-12-01 11:58:00,2011-11-30 13:14:00,2,399.51
13258,United Kingdom,False,2011-05-18 13:11:00,2011-11-28 09:31:00,3,672.83
13259,United Kingdom,False,2011-10-09 10:48:00,2011-10-09 10:48:00,1,283.18
13260,United Kingdom,False,2011-10-09 13:21:00,2011-10-09 13:21:00,1,557.62
13261,United Kingdom,False,2011-02-27 10:41:00,2011-03-16 12:22:00,2,944.1
13262,United Kingdom,False,2011-03-21 15:06:00,2011-03-21 15:06:00,1,200.29
13263,United Kingdom,False,2011-01-18 16:31:00,2011-12-08 13:59:00,35,7436.93
13265,United Kingdom,False,2011-03-11 09:54:00,2011-10-17 15:02:00,5,2092.66
13266,United Kingdom,False,2011-03-28 10:14:00,2011-11-28 14:39:00,12,3834.26
13267,United Kingdom,False,2010-12-08 09:20:00,2011-12-07 11:12:00,19,4521.49
13268,United Kingdom,False,2011-03-17 13:20:00,2011-11-22 11:51:00,11,3174.75
13269,United Kingdom,False,2010-12-05 11:51:00,2011-12-08 14:53:00,15,5343.28
13270,United Kingdom,False,2010-12-08 14:53:00,2010-12-08 14:53:00,1,590.0
13271,United Kingdom,False,2011-11-02 14:31:00,2011-11-02 14:31:00,1,211.49
13272,United Kingdom,False,2011-09-11 12:06:00,2011-11-08 14:00:00,2,276.56
13273,United Kingdom,False,2011-08-18 14:02:00,2011-08-18 14:02:00,1,138.98
13276,United Kingdom,False,2011-09-01 10:03:00,2011-10-07 12:44:00,2,590.93
13277,United Kingdom,False,2011-07-29 10:06:00,2011-11-24 09:21:00,4,258.4
13278,United Kingdom,False,2011-10-30 11:49:00,2011-10-30 11:49:00,1,542.73
13279,United Kingdom,False,2011-09-22 17:24:00,2011-09-22 17:24:00,1,137.75
13280,United Kingdom,False,2011-01-06 17:10:00,2011-08-09 13:14:00,3,798.46
13282,United Kingdom,False,2011-05-03 12:03:00,2011-11-21 15:33:00,3,1132.14
13283,United Kingdom,False,2011-06-07 12:39:00,2011-10-11 09:50:00,2,93.66
13284,United Kingdom,False,2011-01-13 09:23:00,2011-01-13 09:23:00,1,201.19
13285,United Kingdom,False,2011-02-22 17:13:00,2011-11-16 13:19:00,4,2709.12
13291,United Kingdom,False,2011-07-07 10:36:00,2011-07-07 10:36:00,1,361.11
13292,United Kingdom,False,2011-02-28 15:00:00,2011-11-01 10:04:00,2,578.94
13294,United Kingdom,False,2011-04-04 12:37:00,2011-06-03 08:54:00,2,873.74
13295,United Kingdom,False,2010-12-15 11:21:00,2010-12-15 11:21:00,1,201.2
13296,United Kingdom,False,2011-07-25 13:46:00,2011-07-25 13:46:00,1,87.4
13297,United Kingdom,False,2011-10-03 15:08:00,2011-12-02 09:32:00,4,2089.85
13298,United Kingdom,False,2011-12-08 13:11:00,2011-12-08 13:11:00,1,360.0
13299,United Kingdom,False,2011-03-16 12:55:00,2011-03-16 12:55:00,1,142.5
13300,United Kingdom,False,2011-06-23 13:09:00,2011-06-23 13:09:00,1,371.89
13301,United Kingdom,False,2011-02-20 13:13:00,2011-08-28 11:25:00,4,618.09
13302,United Kingdom,False,2011-07-07 17:56:00,2011-07-07 17:56:00,1,63.75
13304,United Kingdom,False,2010-12-23 14:35:00,2010-12-23 14:35:00,1,300.42
13305,United Kingdom,False,2010-12-02 12:10:00,2011-12-05 15:15:00,10,2000.86
13307,United Kingdom,False,2011-08-11 17:14:00,2011-08-11 17:14:00,1,15.0
13308,United Kingdom,False,2011-05-20 13:13:00,2011-11-17 09:31:00,3,1385.51
13309,United Kingdom,False,2011-02-04 12:29:00,2011-12-02 16:34:00,5,1456.79
13310,United Kingdom,False,2011-01-19 14:50:00,2011-11-11 17:23:00,3,1132.03
13311,United Kingdom,False,2011-07-12 14:26:00,2011-12-05 12:55:00,2,598.57
13313,United Kingdom,False,2011-01-04 10:00:00,2011-11-17 16:48:00,5,1555.32
13314,United Kingdom,False,2011-09-27 10:20:00,2011-12-08 12:29:00,3,775.94
13316,United Kingdom,False,2011-03-30 13:01:00,2011-11-02 13:40:00,4,5732.93
13317,United Kingdom,False,2010-12-16 09:22:00,2011-10-04 13:35:00,6,2273.68
13318,United Kingdom,False,2011-11-02 13:26:00,2011-12-08 18:51:00,3,640.76
13319,United Kingdom,False,2010-12-09 10:04:00,2011-12-04 13:34:00,26,10845.55
13320,United Kingdom,False,2011-05-10 10:29:00,2011-09-22 18:07:00,4,1532.2
13321,United Kingdom,False,2011-09-14 15:18:00,2011-09-28 15:24:00,2,567.36
13322,United Kingdom,False,2011-11-22 14:21:00,2011-11-22 14:21:00,1,199.48
13323,United Kingdom,False,2011-09-16 13:23:00,2011-12-06 17:12:00,5,787.85
13324,United Kingdom,False,2010-12-14 09:50:00,2011-11-03 16:28:00,10,7121.95
13325,United Kingdom,False,2011-09-19 10:36:00,2011-09-19 10:36:00,1,675.3
13327,United Kingdom,False,2010-12-09 15:32:00,2011-11-01 10:21:00,8,3627.77
13328,United Kingdom,False,2011-01-27 15:22:00,2011-01-27 15:22:00,1,1308.48
13329,United Kingdom,False,2010-12-08 10:11:00,2011-11-08 10:29:00,2,789.0
13330,United Kingdom,False,2011-01-28 10:08:00,2011-09-08 12:27:00,3,1140.93
13332,United Kingdom,False,2011-11-25 13:30:00,2011-11-25 13:30:00,1,350.9
13334,United Kingdom,False,2011-02-07 11:42:00,2011-09-18 15:21:00,3,3502.32
13336,United Kingdom,False,2011-09-23 14:05:00,2011-09-23 14:05:00,1,795.12
13338,United Kingdom,False,2011-07-05 09:06:00,2011-07-05 09:06:00,1,487.02
13339,United Kingdom,False,2011-05-23 08:31:00,2011-05-23 08:31:00,1,860.12
13340,United Kingdom,False,2011-03-08 11:39:00,2011-10-25 13:15:00,7,10736.48
13341,United Kingdom,False,2011-03-24 09:50:00,2011-03-24 09:50:00,1,775.85
13343,United Kingdom,False,2011-06-15 12:24:00,2011-06-15 12:24:00,1,353.43
13344,United Kingdom,False,2011-03-07 10:28:00,2011-10-03 09:45:00,3,2511.69
13345,United Kingdom,False,2011-02-25 09:01:00,2011-02-25 09:01:00,1,389.5
13347,United Kingdom,False,2011-09-30 13:28:00,2011-09-30 13:28:00,1,341.36
13348,United Kingdom,False,2011-10-06 17:28:00,2011-10-06 17:28:00,1,233.76
13349,United Kingdom,False,2011-11-29 08:07:00,2011-11-29 08:07:00,1,247.32
13350,United Kingdom,False,2011-09-21 13:33:00,2011-11-23 16:33:00,2,979.12
13351,United Kingdom,False,2011-10-04 12:55:00,2011-10-04 12:55:00,1,373.94
13352,United Kingdom,False,2011-10-10 13:55:00,2011-10-10 13:55:00,1,397.98
13354,United Kingdom,False,2011-09-29 13:17:00,2011-09-29 13:17:00,1,743.53
13355,United Kingdom,False,2011-08-09 14:48:00,2011-08-09 14:48:00,1,674.7
13356,United Kingdom,False,2011-09-20 14:33:00,2011-09-20 14:33:00,1,768.24
13357,United Kingdom,False,2011-03-27 13:56:00,2011-03-27 13:56:00,1,609.4
13358,United Kingdom,False,2011-03-16 11:52:00,2011-03-16 11:52:00,1,439.03
13359,United Kingdom,False,2011-10-07 09:30:00,2011-10-07 09:30:00,1,439.56
13362,United Kingdom,False,2011-02-25 11:33:00,2011-11-30 14:41:00,4,3090.74
13363,United Kingdom,False,2011-10-27 10:46:00,2011-11-22 12:40:00,2,992.5
13364,United Kingdom,False,2011-09-29 18:13:00,2011-09-29 18:13:00,1,134.96
13365,United Kingdom,False,2011-05-06 12:00:00,2011-11-06 12:36:00,2,2225.37
13366,United Kingdom,False,2011-10-20 13:37:00,2011-10-20 13:37:00,1,56.16
13368,United Kingdom,False,2011-01-06 12:32:00,2011-03-28 09:59:00,2,623.4
13369,United Kingdom,False,2010-12-09 11:30:00,2010-12-09 11:30:00,1,308.28
13370,United Kingdom,False,2010-12-03 10:26:00,2010-12-03 10:26:00,1,754.87
13372,United Kingdom,False,2011-09-11 12:46:00,2011-09-11 12:46:00,1,378.64
13373,United Kingdom,False,2011-03-08 14:35:00,2011-10-10 10:51:00,3,3312.25
13375,United Kingdom,False,2011-09-12 10:19:00,2011-09-12 10:19:00,1,778.65
13376,United Kingdom,False,2011-04-19 13:03:00,2011-09-01 16:16:00,3,1019.76
13379,United Kingdom,False,2011-07-26 12:26:00,2011-11-13 13:45:00,3,572.56
13381,United Kingdom,False,2011-02-14 10:10:00,2011-11-08 11:58:00,6,3639.31
13382,United Kingdom,False,2011-03-04 10:03:00,2011-03-04 10:03:00,1,222.99
13384,United Kingdom,False,2011-06-14 12:47:00,2011-11-09 11:04:00,7,4151.93
13385,United Kingdom,False,2011-01-14 09:52:00,2011-01-14 09:52:00,1,534.57
13388,United Kingdom,False,2011-07-31 12:52:00,2011-07-31 12:52:00,2,677.1
13389,United Kingdom,False,2011-04-21 12:12:00,2011-11-28 14:01:00,3,797.96
13390,United Kingdom,False,2011-09-26 08:38:00,2011-09-26 08:38:00,1,544.08
13391,United Kingdom,False,2011-05-20 10:50:00,2011-05-20 10:50:00,1,59.8
13394,United Kingdom,False,2011-02-03 10:39:00,2011-12-08 11:36:00,8,2520.02
13395,United Kingdom,False,2011-06-07 15:04:00,2011-06-07 15:04:00,1,307.72
13396,United Kingdom,False,2011-01-24 13:37:00,2011-11-10 16:59:00,2,1360.99
13397,United Kingdom,False,2011-01-04 13:50:00,2011-09-28 10:56:00,5,1544.13
13398,United Kingdom,False,2011-05-31 13:17:00,2011-05-31 13:17:00,1,457.34
13402,United Kingdom,False,2010-12-02 17:12:00,2011-08-04 15:51:00,2,621.23
13403,United Kingdom,False,2011-11-22 08:28:00,2011-11-22 08:28:00,1,75.0
13404,United Kingdom,False,2011-05-11 11:57:00,2011-12-08 15:37:00,2,252.49
13405,United Kingdom,False,2011-01-26 09:27:00,2011-09-26 17:01:00,3,572.45
13408,United Kingdom,False,2010-12-01 10:39:00,2011-12-08 09:05:00,62,28117.04
13410,United Kingdom,False,2011-02-21 14:38:00,2011-11-15 15:33:00,5,1003.06
13411,United Kingdom,False,2011-08-24 13:57:00,2011-08-24 13:57:00,1,213.55
13414,United Kingdom,False,2011-02-16 12:13:00,2011-07-29 11:45:00,3,1390.5
13416,United Kingdom,False,2011-09-19 14:43:00,2011-10-27 08:56:00,2,712.5
13417,United Kingdom,False,2011-05-18 16:26:00,2011-12-05 08:49:00,2,640.83
13418,United Kingdom,False,2010-12-02 10:45:00,2011-11-28 10:23:00,18,6127.43
13419,United Kingdom,False,2011-10-07 12:49:00,2011-10-07 12:49:00,1,221.06
13420,United Kingdom,False,2011-06-22 11:35:00,2011-07-13 08:48:00,2,159.85
13421,United Kingdom,False,2011-02-22 15:46:00,2011-10-30 14:21:00,2,1833.71
13422,United Kingdom,False,2011-10-06 13:42:00,2011-10-06 13:42:00,1,2626.3
13425,United Kingdom,False,2011-02-18 08:34:00,2011-08-23 17:13:00,3,1624.21
13426,United Kingdom,False,2010-12-15 12:43:00,2011-12-09 08:59:00,10,3641.32
13427,United Kingdom,False,2011-05-08 15:58:00,2011-11-20 13:02:00,3,582.6
13428,United Kingdom,False,2011-11-29 14:20:00,2011-11-29 14:20:00,1,201.78
13429,United Kingdom,False,2011-09-25 15:59:00,2011-11-29 09:10:00,4,1006.8
13430,United Kingdom,False,2011-09-14 14:26:00,2011-11-21 08:19:00,2,679.45
13431,United Kingdom,False,2011-09-12 11:25:00,2011-10-03 13:49:00,2,1269.1
13434,United Kingdom,False,2011-09-04 10:35:00,2011-09-26 14:30:00,2,534.24
13435,United Kingdom,False,2011-06-03 17:07:00,2011-12-04 14:45:00,7,3809.89
13436,United Kingdom,False,2011-12-08 10:33:00,2011-12-08 10:33:00,1,196.89
13437,United Kingdom,False,2011-06-02 14:30:00,2011-11-25 14:00:00,7,3408.06
13439,United Kingdom,False,2011-03-29 14:20:00,2011-03-29 14:20:00,1,283.71
13441,United Kingdom,False,2011-09-09 09:38:00,2011-09-09 09:38:00,1,296.64
13447,United Kingdom,False,2011-11-04 10:10:00,2011-11-16 13:38:00,3,1129.14
13448,United Kingdom,False,2010-12-01 10:52:00,2011-11-23 12:33:00,6,3534.69
13449,United Kingdom,False,2011-11-16 08:28:00,2011-11-16 08:28:00,1,291.88
13450,United Kingdom,False,2011-05-05 19:48:00,2011-11-13 11:54:00,6,2043.72
13451,United Kingdom,False,2011-01-09 15:35:00,2011-11-13 15:58:00,5,2898.26
13452,United Kingdom,False,2011-03-14 11:38:00,2011-03-25 14:19:00,2,590.0
13453,United Kingdom,False,2011-02-23 09:44:00,2011-06-27 09:34:00,2,356.98
13455,United Kingdom,False,2010-12-08 13:11:00,2011-11-15 11:21:00,2,1058.34
13456,United Kingdom,False,2011-05-16 15:34:00,2011-11-22 09:18:00,6,1766.72
13458,United Kingdom,False,2010-12-15 12:05:00,2011-12-02 15:29:00,14,9646.57
13460,United Kingdom,False,2011-10-21 09:50:00,2011-11-10 17:17:00,2,183.44
13461,United Kingdom,False,2011-06-29 10:23:00,2011-11-01 09:01:00,3,1445.0
13462,United Kingdom,False,2011-04-01 11:20:00,2011-04-01 11:20:00,1,151.5
13464,United Kingdom,False,2011-10-12 15:01:00,2011-10-12 15:01:00,1,674.68
13466,United Kingdom,False,2011-06-08 16:39:00,2011-06-08 16:39:00,1,307.9
13467,United Kingdom,False,2011-11-03 16:56:00,2011-11-29 10:01:00,2,1071.91
13468,United Kingdom,False,2010-12-01 15:08:00,2011-12-08 10:39:00,37,5704.97
13470,United Kingdom,False,2011-08-16 17:06:00,2011-09-01 14:57:00,2,165.0
13471,United Kingdom,False,2011-10-23 13:10:00,2011-12-08 15:44:00,4,2501.84
13473,United Kingdom,False,2011-01-11 08:45:00,2011-10-10 11:20:00,2,422.64
13474,United Kingdom,False,2011-04-17 13:53:00,2011-04-17 13:53:00,1,226.84
13475,United Kingdom,False,2011-02-14 12:36:00,2011-06-01 13:52:00,4,1431.78
13476,United Kingdom,False,2011-03-03 14:43:00,2011-06-14 12:00:00,2,1238.47
13477,United Kingdom,False,2011-02-21 12:29:00,2011-11-02 12:04:00,6,1454.58
13479,United Kingdom,False,2011-04-19 11:27:00,2011-05-23 10:45:00,2,300.95
13481,United Kingdom,False,2011-03-28 09:07:00,2011-10-25 09:07:00,5,1804.56
13482,United Kingdom,False,2011-04-21 17:03:00,2011-04-21 17:03:00,1,184.64
13483,United Kingdom,False,2011-10-05 11:53:00,2011-10-05 11:53:00,1,140.34
13484,United Kingdom,False,2011-04-12 16:30:00,2011-04-12 16:30:00,1,313.8
13485,United Kingdom,False,2011-04-20 13:58:00,2011-04-20 13:58:00,1,454.24
13486,United Kingdom,False,2011-07-07 17:19:00,2011-09-22 13:13:00,3,1122.41
13487,United Kingdom,False,2010-12-21 14:54:00,2011-10-13 12:07:00,3,575.4
13488,United Kingdom,False,2010-12-07 13:01:00,2011-11-22 14:41:00,13,8968.31
13489,United Kingdom,False,2011-02-18 10:42:00,2011-08-26 13:16:00,4,449.52
13491,United Kingdom,False,2010-12-02 14:30:00,2011-10-19 08:32:00,10,1215.82
13492,Switzerland,False,2011-05-09 10:06:00,2011-07-26 14:25:00,3,1269.84
13493,Switzerland,False,2011-02-25 16:42:00,2011-03-09 15:35:00,2,618.63
13494,United Kingdom,False,2011-02-01 11:58:00,2011-02-01 11:58:00,1,316.26
13495,United Kingdom,False,2010-12-06 15:14:00,2011-12-02 11:21:00,5,2044.87
13496,United Kingdom,False,2010-12-15 10:17:00,2011-11-29 10:58:00,2,653.33
13497,United Kingdom,False,2010-12-06 11:37:00,2011-03-02 09:04:00,2,348.05
13499,United Kingdom,False,2011-03-15 08:52:00,2011-11-22 11:21:00,5,1159.11
13500,United Kingdom,False,2011-08-09 12:20:00,2011-11-16 15:35:00,3,1166.77
13501,Switzerland,False,2011-02-24 18:59:00,2011-02-24 18:59:00,1,1340.32
13502,United Kingdom,False,2011-01-20 09:03:00,2011-11-23 10:39:00,3,292.0
13503,United Kingdom,False,2011-09-29 13:23:00,2011-09-29 13:23:00,1,216.85
13504,United Kingdom,False,2011-10-06 13:20:00,2011-10-06 13:20:00,1,295.93
13505,Switzerland,False,2011-04-21 12:07:00,2011-09-28 11:56:00,4,4393.63
13506,United Kingdom,False,2010-12-05 12:15:00,2011-01-27 13:53:00,2,458.52
13507,United Kingdom,False,2011-07-17 11:50:00,2011-12-06 13:13:00,4,2479.16
13508,United Kingdom,False,2011-04-10 11:58:00,2011-04-10 11:58:00,1,110.97
13509,United Kingdom,False,2011-02-28 13:27:00,2011-12-01 10:10:00,7,979.72
13510,United Kingdom,False,2011-06-09 09:32:00,2011-12-08 13:46:00,4,1791.56
13512,United Kingdom,False,2011-03-24 10:03:00,2011-03-24 10:03:00,1,251.21
13513,United Kingdom,False,2011-08-05 11:50:00,2011-08-05 11:50:00,1,205.1
13514,United Kingdom,False,2011-09-27 09:39:00,2011-09-27 09:39:00,1,152.2
13515,United Kingdom,False,2011-04-06 10:33:00,2011-09-28 11:26:00,4,891.12
13516,United Kingdom,False,2011-04-15 11:06:00,2011-11-18 13:15:00,3,1389.41
13517,United Kingdom,False,2011-06-13 08:44:00,2011-10-11 11:43:00,3,2128.42
13518,United Kingdom,False,2011-09-15 10:29:00,2011-09-15 10:29:00,1,627.16
13519,United Kingdom,False,2011-09-22 18:24:00,2011-09-22 18:24:00,1,122.75
13520,Switzerland,False,2010-12-03 10:36:00,2011-10-12 10:20:00,6,3624.35
13521,United Kingdom,False,2011-11-29 15:09:00,2011-12-08 13:50:00,3,1071.73
13522,United Kingdom,False,2011-11-09 15:11:00,2011-11-09 15:11:00,1,125.8
13523,United Kingdom,False,2010-12-08 14:22:00,2011-11-06 15:11:00,5,3964.88
13524,United Kingdom,False,2011-05-04 12:26:00,2011-10-30 12:34:00,5,680.18
13525,United Kingdom,False,2011-04-05 15:36:00,2011-11-25 12:01:00,2,628.78
13527,United Kingdom,False,2011-01-17 11:17:00,2011-11-06 12:04:00,7,2242.36
13529,United Kingdom,False,2011-05-19 11:50:00,2011-09-22 09:15:00,2,307.76
13531,United Kingdom,False,2010-12-08 15:03:00,2011-05-18 16:56:00,2,483.8
13532,United Kingdom,False,2011-11-06 12:25:00,2011-11-06 12:25:00,1,210.31
13533,United Kingdom,False,2011-03-17 12:47:00,2011-06-10 11:54:00,3,269.09
13534,United Kingdom,False,2010-12-16 15:23:00,2011-12-07 14:52:00,25,5870.08
13536,United Kingdom,False,2011-09-25 13:30:00,2011-12-08 16:38:00,7,3444.39
13538,United Kingdom,False,2011-01-28 10:40:00,2011-10-27 16:34:00,7,1280.85
13539,United Kingdom,False,2011-02-03 15:23:00,2011-09-15 10:18:00,3,631.34
13544,United Kingdom,False,2011-04-13 12:09:00,2011-10-31 11:57:00,2,276.06
13546,United Kingdom,False,2011-05-23 12:14:00,2011-11-27 14:50:00,3,621.09
13548,United Kingdom,False,2011-04-10 11:35:00,2011-09-04 14:50:00,2,678.16
13549,United Kingdom,False,2011-04-11 13:42:00,2011-11-14 09:20:00,7,918.2
13551,United Kingdom,False,2011-01-24 14:46:00,2011-01-24 14:46:00,1,91.8
13552,United Kingdom,False,2011-01-28 10:10:00,2011-10-04 15:19:00,12,3740.07
13555,United Kingdom,False,2011-05-22 11:06:00,2011-09-27 12:36:00,4,4098.88
13557,United Kingdom,False,2011-03-04 12:14:00,2011-11-11 15:24:00,2,584.06
13558,United Kingdom,False,2011-10-02 13:01:00,2011-12-04 11:24:00,4,594.52
13560,United Kingdom,False,2011-12-02 13:11:00,2011-12-02 13:11:00,1,171.42
13561,United Kingdom,False,2011-05-08 12:39:00,2011-05-08 12:39:00,1,141.86
13562,United Kingdom,False,2011-04-08 12:42:00,2011-09-19 10:51:00,3,1799.33
13563,United Kingdom,False,2011-07-22 17:21:00,2011-09-16 14:45:00,2,777.53
13564,United Kingdom,False,2010-12-06 17:26:00,2011-07-18 14:33:00,3,1724.67
13565,United Kingdom,False,2011-01-09 14:28:00,2011-11-20 14:33:00,2,240.22
13566,United Kingdom,False,2011-09-18 12:40:00,2011-10-30 11:59:00,2,856.84
13568,United Kingdom,False,2011-06-19 14:42:00,2011-06-19 14:42:00,1,187.05
13569,United Kingdom,False,2010-12-07 12:29:00,2011-11-22 13:07:00,2,338.62
13570,United Kingdom,False,2011-04-10 13:36:00,2011-04-10 13:36:00,1,239.49
13571,United Kingdom,False,2011-03-31 12:43:00,2011-11-27 10:47:00,12,2088.94
13572,United Kingdom,False,2011-05-18 11:59:00,2011-05-18 11:59:00,1,1384.25
13573,United Kingdom,False,2011-03-31 14:47:00,2011-10-20 14:33:00,2,290.25
13575,United Kingdom,False,2011-06-16 14:24:00,2011-11-16 13:14:00,5,732.07
13576,United Kingdom,False,2010-12-01 17:24:00,2011-11-29 15:34:00,18,6717.34
13577,United Kingdom,False,2011-04-12 10:33:00,2011-11-14 15:19:00,4,1687.6
13579,United Kingdom,False,2010-12-05 16:10:00,2011-11-25 08:41:00,2,467.04
13581,United Kingdom,False,2011-02-03 14:41:00,2011-02-03 14:41:00,1,118.0
13583,United Kingdom,False,2011-07-07 10:40:00,2011-07-07 10:40:00,1,781.03
13584,United Kingdom,False,2011-02-06 12:49:00,2011-02-06 12:49:00,1,142.4
13587,United Kingdom,False,2011-10-07 12:31:00,2011-10-07 12:31:00,1,712.4
13588,United Kingdom,False,2011-03-29 15:53:00,2011-11-24 10:42:00,9,2478.95
13589,United Kingdom,False,2011-06-13 12:44:00,2011-11-25 12:10:00,2,379.65
13590,United Kingdom,False,2011-02-09 13:25:00,2011-11-28 12:54:00,6,1981.92
13591,United Kingdom,False,2011-03-18 12:18:00,2011-10-06 12:26:00,3,1117.13
13592,United Kingdom,False,2011-03-20 14:01:00,2011-11-04 09:49:00,4,247.96
13593,United Kingdom,False,2011-01-07 16:32:00,2011-08-23 13:35:00,5,2011.88
13594,United Kingdom,False,2011-10-18 10:19:00,2011-10-18 10:19:00,1,396.97
13596,United Kingdom,False,2011-11-27 11:57:00,2011-12-04 12:01:00,2,664.11
13598,United Kingdom,False,2011-10-23 14:28:00,2011-10-23 14:28:00,1,160.04
13599,United Kingdom,False,2010-12-08 10:11:00,2011-12-08 16:10:00,21,5149.92
13600,United Kingdom,False,2011-01-31 15:27:00,2011-01-31 15:27:00,1,219.52
13601,United Kingdom,False,2011-05-12 16:52:00,2011-10-25 17:31:00,2,693.32
13602,United Kingdom,False,2011-10-06 11:47:00,2011-10-06 11:47:00,1,428.89
13603,United Kingdom,False,2011-11-13 15:57:00,2011-11-13 15:57:00,1,164.34
13606,United Kingdom,False,2011-02-01 11:42:00,2011-11-10 17:46:00,3,276.75
13607,United Kingdom,False,2011-10-30 16:17:00,2011-10-30 16:17:00,1,675.51
13610,United Kingdom,False,2011-02-27 14:44:00,2011-11-27 15:38:00,7,1082.33
13611,United Kingdom,False,2010-12-15 10:31:00,2011-09-11 14:51:00,3,1154.4
13614,United Kingdom,False,2011-01-13 12:37:00,2011-11-15 14:47:00,4,1585.46
13615,United Kingdom,False,2011-01-25 08:21:00,2011-01-25 08:21:00,1,417.69
13617,United Kingdom,False,2011-06-12 12:55:00,2011-10-30 13:50:00,3,544.18
13618,United Kingdom,False,2011-06-19 11:09:00,2011-06-19 11:09:00,1,177.34
13621,United Kingdom,False,2011-08-15 08:26:00,2011-08-15 08:26:00,1,213.85
13623,United Kingdom,False,2011-02-15 13:08:00,2011-11-09 12:00:00,5,727.74
13626,United Kingdom,False,2011-04-01 10:05:00,2011-04-01 10:05:00,1,257.23
13627,United Kingdom,False,2010-12-17 09:52:00,2011-10-11 14:20:00,5,1638.47
13629,United Kingdom,False,2011-01-05 12:09:00,2011-11-16 13:21:00,11,7792.36
13630,United Kingdom,False,2011-02-27 12:49:00,2011-12-04 15:16:00,7,2031.78
13631,United Kingdom,False,2011-03-17 17:13:00,2011-09-01 09:57:00,11,3070.42
13632,United Kingdom,False,2011-04-10 15:07:00,2011-11-15 10:51:00,5,2118.93
13634,United Kingdom,False,2011-01-16 15:30:00,2011-11-06 13:40:00,5,1547.36
13635,United Kingdom,False,2011-10-03 10:55:00,2011-10-03 10:55:00,1,1071.03
13636,United Kingdom,False,2011-02-27 14:29:00,2011-11-03 10:30:00,5,949.12
13637,United Kingdom,False,2011-04-27 13:06:00,2011-10-18 13:32:00,3,804.3
13638,United Kingdom,False,2011-11-24 10:38:00,2011-11-24 10:38:00,1,122.64
13639,United Kingdom,False,2011-09-26 13:36:00,2011-09-26 13:36:00,1,1033.34
13642,United Kingdom,False,2011-05-08 12:34:00,2011-05-08 12:34:00,1,312.28
13643,United Kingdom,False,2011-06-07 11:40:00,2011-11-08 15:37:00,3,519.44
13644,United Kingdom,False,2011-08-26 11:53:00,2011-11-23 14:07:00,4,2624.26
13645,United Kingdom,False,2011-08-11 16:11:00,2011-08-11 16:11:00,1,252.1
13647,United Kingdom,False,2011-04-19 09:49:00,2011-11-30 12:00:00,4,1648.12
13649,United Kingdom,False,2010-12-08 14:46:00,2011-03-28 11:51:00,2,346.6
13650,United Kingdom,False,2011-03-17 12:37:00,2011-11-23 12:22:00,6,1836.34
13651,United Kingdom,False,2011-10-31 12:11:00,2011-11-04 14:59:00,2,94.2
13652,United Kingdom,False,2010-12-06 09:21:00,2011-10-25 08:51:00,3,1095.08
13654,United Kingdom,False,2011-03-11 12:54:00,2011-10-27 16:24:00,6,2707.33
13655,United Kingdom,False,2011-04-12 09:53:00,2011-08-17 14:25:00,2,932.97
13656,United Kingdom,False,2011-01-06 15:42:00,2011-06-28 10:31:00,2,379.65
13657,United Kingdom,False,2011-05-22 12:35:00,2011-11-29 12:32:00,2,382.14
13658,United Kingdom,False,2011-05-19 17:15:00,2011-11-30 10:13:00,5,2639.17
13659,United Kingdom,False,2011-01-23 12:08:00,2011-05-18 12:37:00,2,1563.0
13662,United Kingdom,False,2011-03-25 13:23:00,2011-09-15 12:04:00,3,881.26
13663,United Kingdom,False,2011-06-13 15:44:00,2011-06-13 15:44:00,1,189.47
13666,United Kingdom,False,2011-02-25 13:05:00,2011-10-10 15:39:00,3,84.65
13667,United Kingdom,False,2011-07-13 15:42:00,2011-07-13 15:42:00,1,299.05
13668,United Kingdom,False,2010-12-12 12:35:00,2011-12-07 12:11:00,21,6309.83
13669,United Kingdom,False,2011-07-13 11:44:00,2011-10-20 09:32:00,2,218.55
13670,United Kingdom,False,2011-09-25 15:25:00,2011-09-25 15:25:00,1,349.7
13672,United Kingdom,False,2011-01-11 13:54:00,2011-02-11 13:53:00,2,186.39
13673,United Kingdom,False,2011-11-07 15:40:00,2011-11-21 12:11:00,2,387.44
13675,United Kingdom,False,2011-02-28 12:14:00,2011-07-11 12:57:00,2,486.82
13678,United Kingdom,False,2011-07-11 10:14:00,2011-07-11 10:14:00,1,232.6
13680,United Kingdom,False,2011-01-04 14:12:00,2011-12-08 13:47:00,4,3719.12
13681,United Kingdom,False,2011-07-07 15:21:00,2011-11-22 11:13:00,4,827.83
13682,United Kingdom,False,2011-06-05 14:06:00,2011-06-05 14:06:00,1,59.5
13684,United Kingdom,False,2011-02-27 10:13:00,2011-02-27 10:13:00,1,65.13
13685,United Kingdom,False,2011-10-10 12:59:00,2011-12-07 11:41:00,7,3119.44
13686,United Kingdom,False,2011-06-10 09:10:00,2011-06-10 09:10:00,1,72.0
13689,United Kingdom,False,2011-10-07 13:21:00,2011-10-07 13:21:00,1,910.0
13690,United Kingdom,False,2011-10-11 15:03:00,2011-10-11 15:03:00,1,172.25
13692,United Kingdom,False,2011-04-17 12:57:00,2011-11-15 11:17:00,3,1488.32
13693,United Kingdom,False,,,0,0.0
13694,United Kingdom,False,2010-12-01 12:12:00,2011-12-06 09:32:00,50,65039.62
13695,United Kingdom,False,2011-03-25 11:31:00,2011-11-08 14:26:00,15,2504.13
13697,United Kingdom,False,2011-11-01 09:14:00,2011-11-01 09:14:00,1,151.3
13699,United Kingdom,False,2011-07-07 16:51:00,2011-07-07 16:51:00,1,308.58
13700,United Kingdom,False,2011-01-16 13:18:00,2011-11-13 13:00:00,10,2248.63
13703,United Kingdom,False,2011-01-25 13:10:00,2011-01-25 13:10:00,1,99.5
13704,United Kingdom,False,2011-09-12 14:40:00,2011-12-04 15:13:00,9,2308.06
13705,United Kingdom,False,2010-12-01 10:29:00,2011-12-02 12:32:00,3,711.86
13706,United Kingdom,False,2011-02-10 09:21:00,2011-02-10 09:21:00,1,330.79
13707,United Kingdom,False,2011-01-28 13:27:00,2011-03-17 18:03:00,2,806.41
13708,United Kingdom,False,2011-03-13 13:46:00,2011-03-13 13:46:00,1,285.33
13709,United Kingdom,False,2011-01-28 14:57:00,2011-12-06 10:28:00,13,6307.65
13710,United Kingdom,False,2011-11-08 08:16:00,2011-11-08 08:16:00,1,180.48
13711,United Kingdom,False,2011-05-05 10:29:00,2011-05-05 10:31:00,2,252.06
13712,United Kingdom,False,2011-04-07 12:33:00,2011-04-07 12:33:00,1,228.84
13715,United Kingdom,False,2010-12-02 08:52:00,2011-03-03 19:21:00,5,1077.39
13716,United Kingdom,False,2011-03-15 13:49:00,2011-03-15 13:49:00,1,138.28
13717,United Kingdom,False,2011-02-14 13:21:00,2011-11-07 14:13:00,6,1445.01
13718,United Kingdom,False,2011-02-17 11:58:00,2011-04-07 13:24:00,2,306.55
13719,United Kingdom,False,2011-04-19 13:56:00,2011-11-24 15:26:00,5,1041.68
13720,United Kingdom,False,2011-03-30 09:17:00,2011-08-15 12:46:00,4,799.9
13721,United Kingdom,False,2011-11-03 14:05:00,2011-11-03 14:05:00,1,524.14
13722,United Kingdom,False,2011-03-02 11:43:00,2011-07-31 12:44:00,3,2375.41
13723,United Kingdom,False,2011-05-06 17:04:00,2011-05-06 17:04:00,1,199.85
13725,United Kingdom,False,2011-02-04 12:18:00,2011-10-21 10:03:00,8,1980.56
13726,United Kingdom,False,2011-08-31 11:06:00,2011-11-01 10:49:00,2,1079.66
13727,United Kingdom,False,2011-11-06 12:16:00,2011-11-11 09:46:00,2,333.48
13728,United Kingdom,False,2011-02-02 12:09:00,2011-11-03 10:49:00,6,1016.14
13730,United Kingdom,False,2011-07-01 12:47:00,2011-07-27 08:35:00,2,752.6
13731,United Kingdom,False,2011-04-07 10:10:00,2011-05-04 14:33:00,2,610.59
13732,United Kingdom,False,2011-11-11 15:49:00,2011-11-11 15:49:00,1,491.86
13735,United Kingdom,False,2011-04-19 13:49:00,2011-11-15 11:14:00,4,2883.54
13736,United Kingdom,False,2011-03-24 13:04:00,2011-12-04 15:19:00,2,729.8
13737,United Kingdom,False,2011-05-23 16:32:00,2011-05-23 16:32:00,1,339.6
13739,United Kingdom,False,2011-11-21 13:35:00,2011-11-21 13:35:00,1,216.9
13740,United Kingdom,False,2011-04-13 10:32:00,2011-04-13 10:32:00,1,350.75
13741,United Kingdom,False,2011-05-06 13:43:00,2011-09-29 09:19:00,3,668.43
13742,United Kingdom,False,2011-01-23 14:59:00,2011-11-23 11:07:00,12,3107.87
13743,United Kingdom,False,2011-03-25 14:46:00,2011-12-07 10:09:00,7,1341.6
13744,United Kingdom,False,2011-02-20 14:08:00,2011-09-05 15:19:00,2,1080.52
13745,United Kingdom,False,2011-06-30 16:43:00,2011-06-30 16:43:00,1,300.04
13747,United Kingdom,False,2010-12-01 10:37:00,2010-12-01 10:37:00,1,79.6
13748,United Kingdom,False,2010-12-01 09:00:00,2011-09-05 09:45:00,5,948.25
13750,United Kingdom,False,2011-01-07 11:49:00,2011-10-17 12:16:00,5,1647.26
13751,United Kingdom,False,2011-02-24 15:56:00,2011-02-24 15:56:00,1,296.25
13752,United Kingdom,False,2011-04-07 12:04:00,2011-08-07 14:16:00,6,1175.38
13753,United Kingdom,False,2011-02-25 12:48:00,2011-02-25 12:48:00,1,741.26
13754,United Kingdom,False,2011-01-26 14:58:00,2011-07-11 11:51:00,2,282.6
13755,United Kingdom,False,2011-10-07 15:45:00,2011-12-06 12:26:00,9,2108.06
13756,United Kingdom,False,2010-12-07 11:41:00,2011-12-07 16:44:00,14,5189.52
13758,United Kingdom,False,2010-12-01 12:08:00,2011-11-28 11:11:00,7,3190.55
13759,United Kingdom,False,2011-09-29 15:40:00,2011-11-06 14:47:00,2,659.41
13760,United Kingdom,False,2011-03-28 12:52:00,2011-10-16 16:13:00,2,286.79
13761,United Kingdom,False,2011-06-13 08:43:00,2011-10-20 14:01:00,2,1070.65
13762,United Kingdom,False,2011-05-05 09:15:00,2011-05-05 09:15:00,1,306.72
13763,United Kingdom,False,2011-10-07 15:13:00,2011-10-07 15:13:00,1,1714.96
13764,United Kingdom,False,2011-01-06 14:53:00,2011-09-30 12:03:00,3,1519.42
13767,United Kingdom,False,2010-12-01 10:47:00,2011-12-07 15:00:00,37,17220.36
13769,United Kingdom,False,2010-12-07 13:28:00,2011-12-07 15:08:00,10,2796.51
13771,United Kingdom,False,2011-04-06 15:47:00,2011-10-06 14:18:00,4,2634.45
13772,United Kingdom,False,2011-04-14 12:31:00,2011-11-06 11:43:00,3,1122.63
13774,United Kingdom,False,2011-09-19 12:06:00,2011-09-19 12:06:00,1,345.0
13777,United Kingdom,False,2010-12-01 16:01:00,2011-12-09 12:25:00,33,25977.16
13778,United Kingdom,False,2011-08-28 15:25:00,2011-08-28 15:25:00,1,178.7
13780,United Kingdom,False,2011-06-22 11:43:00,2011-12-02 13:49:00,2,360.01
13781,United Kingdom,False,2011-04-03 12:08:00,2011-04-03 12:08:00,1,127.84
13782,United Kingdom,False,2011-01-16 11:08:00,2011-11-27 11:54:00,6,908.86
13784,United Kingdom,False,2011-01-11 14:38:00,2011-11-30 09:33:00,11,2462.79
13786,United Kingdom,False,2010-12-07 13:53:00,2010-12-07 13:53:00,1,230.4
13787,United Kingdom,False,2010-12-10 14:45:00,2011-09-25 12:06:00,2,309.04
13790,United Kingdom,False,2011-12-05 15:48:00,2011-12-05 15:48:00,1,348.8
13791,United Kingdom,False,2011-06-24 16:38:00,2011-08-04 11:44:00,2,1516.0
13792,United Kingdom,False,2011-02-25 14:03:00,2011-10-04 14:31:00,2,195.55
13798,United Kingdom,False,2010-12-02 17:24:00,2011-12-08 15:51:00,57,37153.85
13799,United Kingdom,False,2011-02-18 14:18:00,2011-08-15 12:07:00,2,688.86
13800,United Kingdom,False,2011-02-03 12:27:00,2011-02-03 12:27:00,1,558.32
13801,United Kingdom,False,2011-10-04 10:15:00,2011-10-04 10:15:00,1,324.8
13802,United Kingdom,False,2011-02-01 12:03:00,2011-07-24 10:54:00,3,4599.42
13803,United Kingdom,False,2011-03-29 12:57:00,2011-03-29 12:57:00,1,277.07
13804,United Kingdom,False,2011-02-23 09:09:00,2011-11-09 12:32:00,7,2588.39
13805,United Kingdom,False,2011-08-02 15:29:00,2011-10-18 14:50:00,2,924.6
13806,United Kingdom,False,2011-10-07 11:43:00,2011-10-07 11:43:00,1,256.38
13807,United Kingdom,False,2010-12-07 15:48:00,2010-12-07 15:48:00,1,112.6
13808,United Kingdom,False,2011-09-04 12:07:00,2011-12-04 12:18:00,5,1747.66
13809,Cyprus,False,2011-02-07 13:15:00,2011-02-07 13:15:00,1,155.05
13810,Germany,False,2011-10-14 12:57:00,2011-11-11 08:33:00,3,1499.01
13811,Germany,False,2011-04-14 18:40:00,2011-06-09 09:54:00,3,814.5
13812,Germany,False,2011-08-26 12:54:00,2011-10-28 14:27:00,3,539.0
13813,Germany,False,2011-07-28 10:33:00,2011-10-31 10:38:00,4,1366.86
13814,Germany,False,2011-07-25 13:54:00,2011-09-08 13:48:00,2,1579.12
13815,Germany,False,2011-01-25 12:16:00,2011-11-17 14:19:00,4,4027.36
13816,Germany,False,2011-10-06 14:37:00,2011-11-16 08:38:00,2,571.67
13817,Germany,False,2010-12-23 11:46:00,2011-11-10 17:49:00,2,382.98
13819,United Kingdom,False,2011-01-24 10:38:00,2011-02-11 10:38:00,3,1140.35
13821,United Kingdom,False,2011-03-23 11:30:00,2011-07-18 09:49:00,2,385.64
13822,United Kingdom,False,2011-10-30 15:55:00,2011-12-04 12:13:00,2,632.0
13823,United Kingdom,False,2011-09-09 10:42:00,2011-11-21 10:22:00,2,957.66
13824,United Kingdom,False,2011-02-02 13:07:00,2011-11-07 12:41:00,5,1698.94
13826,United Kingdom,False,2011-06-16 13:48:00,2011-06-16 13:48:00,1,189.5
13827,United Kingdom,False,2011-07-19 15:38:00,2011-10-13 12:38:00,3,409.8
13828,United Kingdom,False,2011-11-17 16:02:00,2011-11-17 16:02:00,1,209.49
13829,United Kingdom,False,,,0,0.0
13831,United Kingdom,False,2010-12-05 12:13:00,2011-11-23 15:41:00,6,2198.45
13832,United Kingdom,False,2011-11-20 15:36:00,2011-11-20 15:36:00,1,52.2
13833,United Kingdom,False,2011-07-03 13:27:00,2011-07-03 13:27:00,1,383.85
13835,United Kingdom,False,2011-05-08 15:22:00,2011-11-14 15:37:00,4,834.57
13837,United Kingdom,False,2011-01-26 12:15:00,2011-05-12 12:10:00,2,266.59
13838,United Kingdom,False,2010-12-05 10:45:00,2011-12-04 11:00:00,4,674.82
13841,United Kingdom,False,2011-04-01 12:10:00,2011-04-01 12:10:00,1,85.0
13842,United Kingdom,False,2010-12-08 10:39:00,2011-10-12 10:51:00,9,3385.62
13844,United Kingdom,False,2011-11-28 13:21:00,2011-11-28 13:21:00,1,361.62
13845,United Kingdom,False,2011-10-06 08:25:00,2011-10-06 08:25:00,1,312.98
13846,United Kingdom,False,2010-12-14 16:07:00,2011-11-15 12:07:00,3,865.06
13848,United Kingdom,False,2010-12-08 15:10:00,2011-09-08 12:58:00,3,1255.0
13849,United Kingdom,False,2011-06-22 10:11:00,2011-10-19 10:59:00,2,1537.95
13850,United Kingdom,False,2011-08-02 14:04:00,2011-08-02 14:04:00,1,1595.48
13851,United Kingdom,False,2011-02-24 17:18:00,2011-09-05 12:36:00,3,2651.46
13853,United Kingdom,False,2011-10-13 14:18:00,2011-10-13 14:18:00,1,1090.14
13854,United Kingdom,False,2010-12-09 10:48:00,2011-12-01 09:06:00,25,8109.52
13856,United Kingdom,False,2011-05-20 13:13:00,2011-06-24 10:03:00,3,388.5
13858,United Kingdom,False,2011-10-13 16:17:00,2011-10-13 16:17:00,1,216.17
13859,United Kingdom,False,2011-01-17 16:14:00,2011-01-17 16:14:00,1,201.16
13860,United Kingdom,False,2011-09-14 09:27:00,2011-12-08 12:57:00,5,1245.9
13862,United Kingdom,False,2011-01-11 15:13:00,2011-11-21 16:24:00,8,2209.36
13863,United Kingdom,False,2011-04-06 10:20:00,2011-04-06 10:20:00,1,305.78
13865,United Kingdom,False,2011-02-23 12:04:00,2011-10-12 13:31:00,4,501.56
13866,United Kingdom,False,2011-09-26 14:54:00,2011-09-26 14:54:00,1,145.67
13867,United Kingdom,False,2011-05-05 17:28:00,2011-11-08 15:48:00,3,1005.09
13868,United Kingdom,False,2011-11-01 12:45:00,2011-12-02 16:32:00,2,3192.54
13869,United Kingdom,False,2010-12-17 15:14:00,2011-08-08 13:53:00,4,3083.65
13870,United Kingdom,False,2011-02-25 09:09:00,2011-12-07 13:23:00,8,2770.94
13871,United Kingdom,False,2011-02-04 09:30:00,2011-11-17 10:49:00,13,6403.25
13873,United Kingdom,False,2011-02-03 09:37:00,2011-08-12 10:08:00,3,389.6
13874,United Kingdom,False,2010-12-16 18:20:00,2010-12-16 18:20:00,1,540.45
13875,United Kingdom,False,2011-02-11 15:39:00,2011-10-17 09:36:00,5,1786.79
13876,United Kingdom,False,2011-10-07 10:22:00,2011-10-07 10:22:00,1,122.7
13877,United Kingdom,False,2011-09-14 15:49:00,2011-09-14 15:49:00,1,117.24
13878,United Kingdom,False,2011-10-16 12:19:00,2011-10-16 12:19:00,1,1271.57
13880,United Kingdom,False,2010-12-07 14:00:00,2011-11-18 13:44:00,13,3219.77
13881,United Kingdom,False,2011-02-01 10:14:00,2011-12-06 12:50:00,20,17159.52
13882,United Kingdom,False,2011-10-06 15:28:00,2011-12-07 11:16:00,5,1191.13
13883,United Kingdom,False,2011-03-31 17:17:00,2011-11-29 10:45:00,5,2674.48
13884,United Kingdom,False,2011-03-01 13:40:00,2011-12-02 16:30:00,5,787.6
13885,United Kingdom,False,2011-05-23 08:52:00,2011-06-03 15:07:00,2,506.8
13886,United Kingdom,False,2011-09-29 13:17:00,2011-09-29 13:17:00,1,243.56
13887,United Kingdom,False,2011-05-19 17:22:00,2011-05-19 17:22:00,1,349.55
13888,United Kingdom,False,2011-05-05 14:41:00,2011-08-12 10:13:00,2,595.67
13889,United Kingdom,False,2011-09-08 09:13:00,2011-09-08 09:13:00,1,416.9
13890,United Kingdom,False,2010-12-16 09:31:00,2011-12-08 15:36:00,10,1883.81
13892,United Kingdom,False,2011-04-07 12:04:00,2011-11-13 11:50:00,4,632.97
13893,United Kingdom,False,2011-02-15 11:30:00,2011-02-15 11:30:00,1,821.1
13894,United Kingdom,False,2011-02-02 12:54:00,2011-11-16 09:44:00,3,564.62
13895,United Kingdom,False,2011-06-28 10:17:00,2011-11-11 16:57:00,4,2593.07
13897,United Kingdom,False,2011-10-20 14:30:00,2011-10-20 14:30:00,1,311.16
13898,United Kingdom,False,2011-01-18 10:28:00,2011-01-18 10:28:00,1,155.93
13899,United Kingdom,False,2011-03-10 09:30:00,2011-11-23 13:40:00,2,388.52
13900,United Kingdom,False,2011-03-22 10:13:00,2011-06-09 19:26:00,3,740.95
13901,United Kingdom,False,2011-01-25 09:01:00,2011-09-28 14:48:00,5,2867.2
13904,United Kingdom,False,2011-02-18 11:18:00,2011-11-02 13:41:00,2,332.64
13908,United Kingdom,False,2011-03-08 12:04:00,2011-09-21 11:49:00,4,2369.55
13911,United Kingdom,False,2011-02-04 14:46:00,2011-10-13 15:43:00,9,2580.91
13914,United Kingdom,False,2011-11-03 16:28:00,2011-11-28 10:35:00,2,626.45
13917,United Kingdom,False,2011-06-01 12:46:00,2011-10-21 09:56:00,2,272.04
13918,United Kingdom,False,2011-03-31 18:05:00,2011-10-21 12:25:00,2,1212.84
13919,Denmark,False,2011-08-10 10:15:00,2011-10-11 14:24:00,2,384.81
13922,United Kingdom,False,2010-12-23 10:38:00,2010-12-23 10:38:00,1,172.25
13923,United Kingdom,False,2011-10-17 12:33:00,2011-10-17 12:33:00,1,351.13
13924,United Kingdom,False,2011-09-28 15:07:00,2011-12-08 09:39:00,6,1838.85
13925,United Kingdom,False,2011-07-28 12:09:00,2011-09-08 12:47:00,4,678.25
13926,United Kingdom,False,2011-11-16 13:16:00,2011-11-16 13:16:00,1,223.85
13927,United Kingdom,False,2011-09-26 12:00:00,2011-09-26 12:00:00,1,348.99
13928,United Kingdom,False,2011-07-29 15:59:00,2011-11-29 10:33:00,4,464.57
13929,United Kingdom,False,2011-01-17 15:11:00,2011-06-23 15:26:00,2,842.65
13930,United Kingdom,False,2011-07-26 11:00:00,2011-10-13 09:45:00,2,337.34
13931,United Kingdom,False,2011-03-04 08:43:00,2011-09-05 10:12:00,2,1237.53
13932,United Kingdom,False,2011-02-18 12:02:00,2011-02-18 12:02:00,1,307.4
13933,United Kingdom,False,2011-07-14 13:35:00,2011-08-22 14:03:00,2,608.79
13934,United Kingdom,False,2011-03-21 08:39:00,2011-03-21 08:39:00,1,922.1
13936,United Kingdom,False,2011-06-13 08:47:00,2011-06-13 08:47:00,1,376.58
13937,United Kingdom,False,2011-06-23 16:35:00,2011-06-23 16:35:00,1,158.85
13938,United Kingdom,False,2011-11-04 14:37:00,2011-11-04 14:37:00,1,71.66
13939,United Kingdom,False,2011-02-01 11:30:00,2011-11-16 13:33:00,3,568.55
13940,United Kingdom,False,2011-07-18 16:05:00,2011-11-22 15:15:00,4,839.14
13941,United Kingdom,False,2010-12-02 10:17:00,2011-11-18 09:43:00,5,5112.96
13946,United Kingdom,False,2011-03-17 10:02:00,2011-09-21 13:33:00,3,561.57
13947,United Kingdom,False,2011-10-05 14:42:00,2011-10-05 14:42:00,1,90.6
13948,United Kingdom,False,2010-12-14 10:18:00,2010-12-14 10:18:00,1,102.0
13949,United Kingdom,False,2011-09-06 11:55:00,2011-12-07 09:35:00,6,2427.32
13950,United Kingdom,False,2011-04-07 11:29:00,2011-11-28 14:44:00,4,745.06
13951,United Kingdom,False,2011-02-18 15:21:00,2011-06-16 16:43:00,3,674.45
13952,United Kingdom,False,2011-04-15 09:27:00,2011-05-06 09:00:00,2,3251.07
13953,United Kingdom,False,2010-12-22 10:29:00,2011-12-02 16:04:00,7,3515.68
13954,United Kingdom,False,2011-09-30 10:52:00,2011-12-08 12:50:00,2,439.92
13955,United Kingdom,False,2011-02-07 12:24:00,2011-07-08 17:19:00,2,322.96
13956,United Kingdom,False,2011-03-13 12:51:00,2011-12-04 13:20:00,5,1019.27
13958,United Kingdom,False,,,0,0.0
13959,United Kingdom,False,2010-12-12 13:56:00,2011-09-21 15:06:00,3,594.04
13960,United Kingdom,False,2011-09-29 12:39:00,2011-11-18 15:27:00,2,230.22
13962,United Kingdom,False,2011-04-08 11:21:00,2011-11-18 08:47:00,2,169.55
13963,United Kingdom,False,2010-12-07 09:21:00,2011-02-04 14:43:00,4,664.54
13967,United Kingdom,False,2011-07-17 12:02:00,2011-07-17 12:02:00,1,80.7
13969,United Kingdom,False,2010-12-09 19:32:00,2011-12-02 15:11:00,18,9024.17
13971,United Kingdom,False,2011-02-27 12:27:00,2011-11-21 12:06:00,8,2758.26
13972,United Kingdom,False,2011-05-22 11:34:00,2011-09-30 11:54:00,2,190.25
13973,United Kingdom,False,2011-02-25 15:21:00,2011-02-25 15:21:00,1,264.7
13974,United Kingdom,False,2011-10-21 14:41:00,2011-10-21 14:41:00,1,413.59
13975,United Kingdom,False,2011-03-08 12:19:00,2011-11-08 13:19:00,6,2461.24
13976,United Kingdom,False,2011-05-17 09:13:00,2011-05-17 09:13:00,1,357.98
13978,United Kingdom,False,2011-10-25 15:04:00,2011-11-25 11:36:00,2,196.79
13979,United Kingdom,False,2011-09-27 13:32:00,2011-09-27 13:32:00,1,869.87
13980,United Kingdom,False,2011-10-10 13:34:00,2011-10-10 13:34:00,1,200.14
13982,United Kingdom,False,2010-12-09 13:57:00,2011-10-31 16:24:00,4,1871.81
13983,United Kingdom,False,2010-12-08 10:38:00,2011-11-10 11:06:00,12,2603.43
13984,United Kingdom,False,2010-12-08 15:58:00,2011-11-13 12:38:00,5,920.51
13985,United Kingdom,False,2011-03-20 13:48:00,2011-12-05 17:06:00,15,7060.13
13986,United Kingdom,False,2011-11-22 15:00:00,2011-11-22 15:00:00,1,320.46
13988,United Kingdom,False,2011-03-30 11:48:00,2011-11-20 10:15:00,6,4147.96
13989,United Kingdom,False,2011-04-14 15:39:00,2011-10-05 09:47:00,2,1266.08
13990,United Kingdom,False,2011-05-10 15:19:00,2011-05-10 15:19:00,1,311.3
13991,United Kingdom,False,2011-07-19 12:58:00,2011-11-27 16:18:00,6,852.88
13992,United Kingdom,False,2011-11-09 15:23:00,2011-11-09 15:23:00,1,76.8
13993,United Kingdom,False,2011-01-13 10:43:00,2011-10-28 09:06:00,9,3466.36
13994,United Kingdom,False,2011-07-14 18:28:00,2011-12-06 11:05:00,6,2274.14
13995,United Kingdom,False,2011-04-08 08:20:00,2011-11-24 14:22:00,5,1393.69
13999,United Kingdom,False,2010-12-13 11:23:00,2011-11-29 13:40:00,12,3901.81
14000,United Kingdom,False,2011-05-12 16:50:00,2011-05-12 16:50:00,1,635.66
14001,United Kingdom,False,2010-12-01 12:58:00,2011-10-25 10:31:00,3,2043.08
14002,United Kingdom,False,2011-07-06 14:59:00,2011-07-28 15:55:00,2,529.73
14004,United Kingdom,False,2011-02-24 09:28:00,2011-10-27 14:40:00,7,4582.64
14005,United Kingdom,False,2011-05-08 10:33:00,2011-11-30 12:41:00,5,2874.72
14006,United Kingdom,False,2011-01-31 15:11:00,2011-08-16 09:39:00,3,962.19
14009,United Kingdom,False,2011-05-18 13:00:00,2011-05-25 15:47:00,2,695.61
14012,United Kingdom,False,2011-03-07 12:26:00,2011-03-07 12:26:00,1,328.8
14013,United Kingdom,False,2011-03-09 08:59:00,2011-08-21 15:01:00,3,473.02
14014,United Kingdom,False,2011-09-23 13:18:00,2011-09-23 13:18:00,1,505.18
14015,United Kingdom,False,2011-10-18 10:02:00,2011-10-18 10:02:00,1,917.34
14016,EIRE,False,2010-12-17 14:21:00,2011-07-01 11:29:00,4,4341.21
14019,United Kingdom,False,2011-07-24 15:39:00,2011-10-24 10:13:00,3,1421.61
14020,United Kingdom,False,2011-09-12 15:32:00,2011-11-23 09:22:00,2,642.8
14021,United Kingdom,False,2011-03-28 15:10:00,2011-07-07 15:46:00,3,631.9
14022,United Kingdom,False,2011-04-28 14:39:00,2011-04-28 14:39:00,1,440.0
14023,United Kingdom,False,2011-04-03 15:50:00,2011-12-02 13:58:00,2,584.07
14024,United Kingdom,False,2011-08-07 13:31:00,2011-08-10 11:30:00,2,327.7
14027,United Kingdom,False,2011-10-10 09:01:00,2011-10-10 09:01:00,1,104.82
14029,United Kingdom,False,2011-07-18 16:57:00,2011-10-07 14:46:00,2,467.66
14030,United Kingdom,False,2010-12-08 16:11:00,2011-11-21 16:48:00,8,2358.84
14031,United Kingdom,False,2010-12-02 16:34:00,2011-12-02 17:13:00,19,17286.86
14032,United Kingdom,False,2010-12-08 10:53:00,2011-12-07 15:23:00,11,2975.59
14034,United Kingdom,False,2011-07-05 13:06:00,2011-11-17 14:02:00,3,648.89
14035,United Kingdom,False,2011-02-15 12:48:00,2011-11-11 10:03:00,5,1428.02
14036,United Kingdom,False,2011-02-28 09:26:00,2011-02-28 09:26:00,1,626.65
14037,United Kingdom,False,2010-12-10 11:39:00,2011-06-16 13:57:00,2,147.2
14038,United Kingdom,False,2011-05-16 14:05:00,2011-09-22 13:37:00,3,1560.38
14039,United Kingdom,False,2011-11-06 13:48:00,2011-11-06 13:48:00,1,152.2
14040,United Kingdom,False,2011-01-12 14:57:00,2011-10-30 12:42:00,12,3560.32
14041,United Kingdom,False,2011-03-18 13:25:00,2011-03-18 13:25:00,1,141.41
14044,United Kingdom,False,2011-02-03 11:39:00,2011-11-13 12:05:00,4,646.42
14045,United Kingdom,False,2010-12-01 11:32:00,2011-08-22 15:27:00,4,1659.75
14046,United Kingdom,False,2011-02-28 14:48:00,2011-02-28 14:48:00,1,154.99
14047,United Kingdom,False,2010-12-02 10:09:00,2011-12-01 11:43:00,5,1308.61
14048,United Kingdom,False,2011-02-07 14:53:00,2011-02-07 14:53:00,1,409.93
14049,United Kingdom,False,2011-01-26 11:27:00,2011-11-23 12:20:00,4,5578.72
14050,United Kingdom,False,2011-08-25 13:46:00,2011-11-08 10:00:00,2,746.36
14051,United Kingdom,False,2010-12-08 12:49:00,2011-12-09 10:20:00,23,15610.39
14052,United Kingdom,False,2011-11-20 12:30:00,2011-11-20 12:30:00,1,225.36
14053,United Kingdom,False,2011-07-03 12:21:00,2011-08-07 14:27:00,2,260.25
14054,United Kingdom,False,2011-10-05 15:49:00,2011-10-05 15:49:00,1,92.46
14055,United Kingdom,False,2011-08-25 15:04:00,2011-08-25 15:04:00,1,725.64
14056,United Kingdom,False,2011-02-28 15:19:00,2011-12-08 13:36:00,23,8152.71
14057,United Kingdom,False,2010-12-14 12:11:00,2011-11-16 10:32:00,17,6211.66
14059,United Kingdom,False,2011-03-18 10:06:00,2011-03-18 10:06:00,1,183.6
14060,United Kingdom,False,2010-12-02 12:11:00,2011-12-05 12:29:00,19,6140.42
14062,United Kingdom,False,2010-12-10 15:56:00,2011-11-30 10:04:00,12,10464.85
14064,United Kingdom,False,2011-03-10 12:59:00,2011-11-10 13:14:00,5,1334.34
14066,United Kingdom,False,2011-03-18 12:21:00,2011-03-18 12:21:00,1,152.55
14067,United Kingdom,False,2011-09-04 12:00:00,2011-10-07 10:21:00,2,374.7
14068,United Kingdom,False,2011-01-23 16:02:00,2011-01-23 16:02:00,1,265.85
14071,United Kingdom,False,2011-03-20 11:33:00,2011-12-06 12:27:00,8,1437.57
14073,United Kingdom,False,2011-11-07 15:49:00,2011-11-07 15:49:00,1,151.04
14075,United Kingdom,False,2011-03-23 16:35:00,2011-12-05 08:38:00,3,942.26
14076,United Kingdom,False,2011-08-02 15:19:00,2011-08-02 15:19:00,1,118.67
14077,United Kingdom,False,2011-03-10 15:52:00,2011-10-30 12:35:00,5,499.42
14078,United Kingdom,False,2010-12-01 12:54:00,2011-08-30 12:16:00,6,1049.37
14079,United Kingdom,False,2011-08-07 12:10:00,2011-08-07 12:10:00,1,375.1
14080,United Kingdom,False,2011-11-07 11:09:00,2011-11-07 11:09:00,1,45.6
14081,United Kingdom,False,2010-12-05 15:47:00,2011-02-10 16:17:00,2,921.62
14082,United Kingdom,False,2010-12-10 11:02:00,2010-12-10 11:02:00,1,182.25
14083,United Kingdom,False,2010-12-03 12:24:00,2011-12-05 13:14:00,9,1002.9
14085,United Kingdom,False,2010-12-06 12:39:00,2011-12-07 13:46:00,18,4421.29
14087,United Kingdom,False,2011-12-07 12:41:00,2011-12-07 12:41:00,1,191.47
14088,United Kingdom,False,2011-01-21 13:07:00,2011-11-29 16:16:00,13,50491.81
14089,United Kingdom,False,2011-10-14 10:38:00,2011-10-14 10:38:00,1,158.75
14090,United Kingdom,False,2011-01-19 10:51:00,2011-01-19 10:51:00,1,76.32
14092,United Kingdom,False,2010-12-16 15:47:00,2011-12-02 12:13:00,14,4076.91
14093,United Kingdom,False,2011-11-27 16:27:00,2011-11-27 16:27:00,1,433.86
14096,United Kingdom,False,2011-08-30 10:49:00,2011-12-05 17:17:00,17,65164.79
14098,United Kingdom,False,2011-11-03 10:13:00,2011-11-03 10:13:00,1,147.35
14099,United Kingdom,False,2010-12-20 11:14:00,2011-11-23 13:53:00,11,3104.17
14100,United Kingdom,False,2011-07-25 11:01:00,2011-07-25 11:01:00,1,191.95
14101,United Kingdom,False,2011-01-17 13:09:00,2011-09-27 12:28:00,6,5976.79
14102,United Kingdom,False,2011-10-26 12:46:00,2011-12-04 15:38:00,5,1105.88
14104,United Kingdom,False,2011-06-27 12:49:00,2011-07-08 12:50:00,2,216.21
14105,United Kingdom,False,2011-04-14 17:58:00,2011-04-14 17:58:00,1,1266.23
14107,United Kingdom,False,2010-12-10 13:29:00,2011-10-19 12:12:00,7,2703.23
14108,United Kingdom,False,2011-08-30 11:32:00,2011-11-09 10:41:00,2,597.91
14109,United Kingdom,False,2011-09-28 10:18:00,2011-09-28 10:18:00,1,144.2
14110,United Kingdom,False,2011-03-18 09:59:00,2011-12-06 12:26:00,12,5683.15
14111,United Kingdom,False,2011-04-12 11:36:00,2011-11-25 13:44:00,4,692.85
14112,United Kingdom,False,2011-03-09 11:28:00,2011-11-17 12:30:00,7,2915.15
14113,United Kingdom,False,2010-12-20 12:14:00,2011-12-06 12:18:00,4,1840.42
14114,United Kingdom,False,2011-01-13 11:05:00,2011-03-11 09:42:00,2,386.53
14116,United Kingdom,False,2011-08-10 12:44:00,2011-11-20 10:29:00,5,1382.74
14117,United Kingdom,False,2011-07-19 09:49:00,2011-07-19 09:49:00,1,90.0
14119,United Kingdom,False,,,0,0.0
14121,United Kingdom,False,2011-10-11 10:39:00,2011-12-06 12:19:00,4,2780.15
14124,United Kingdom,False,2011-09-16 13:32:00,2011-09-16 13:32:00,1,419.58
14125,United Kingdom,False,2011-09-22 15:40:00,2011-11-29 12:47:00,3,2720.63
14126,United Kingdom,False,2011-11-29 12:21:00,2011-12-02 11:45:00,3,706.13
14127,United Kingdom,False,2011-02-02 12:26:00,2011-08-09 10:49:00,3,709.71
14128,United Kingdom,False,2011-03-29 10:49:00,2011-10-10 12:00:00,2,637.5
14129,United Kingdom,False,2011-03-24 08:44:00,2011-12-08 11:02:00,5,1123.86
14130,United Kingdom,False,2011-01-24 16:05:00,2011-01-24 16:05:00,1,480.91
14132,United Kingdom,False,2011-06-09 12:04:00,2011-12-07 13:35:00,11,3586.03
14133,United Kingdom,False,2011-01-28 11:27:00,2011-08-02 11:34:00,3,605.64
14135,United Kingdom,False,2010-12-02 10:27:00,2011-12-08 11:38:00,15,4690.31
14138,United Kingdom,False,2011-10-07 09:38:00,2011-12-08 12:44:00,2,965.88
14139,United Kingdom,False,2011-10-24 13:34:00,2011-10-24 13:34:00,1,415.82
14140,United Kingdom,False,2011-11-08 11:20:00,2011-12-06 09:05:00,2,935.05
14141,United Kingdom,False,2011-08-26 14:40:00,2011-12-07 09:53:00,4,915.13
14142,United Kingdom,False,2010-12-01 16:33:00,2010-12-01 16:33:00,1,311.81
14143,United Kingdom,False,2011-07-29 09:48:00,2011-07-29 09:48:00,1,115.8
14145,United Kingdom,False,2011-05-06 13:01:00,2011-10-24 12:10:00,4,3742.2
14146,United Kingdom,False,2010-12-17 15:52:00,2011-12-01 10:18:00,5,4191.0
14147,United Kingdom,False,2011-02-27 11:42:00,2011-09-22 18:10:00,2,483.4
14148,United Kingdom,False,2011-04-20 12:02:00,2011-04-20 12:02:00,1,157.2
14149,United Kingdom,False,2011-05-03 09:44:00,2011-05-03 09:44:00,1,446.62
14150,United Kingdom,False,2010-12-15 10:04:00,2011-11-04 10:05:00,2,658.64
14152,United Kingdom,False,2011-04-19 15:46:00,2011-09-25 12:54:00,2,621.29
14154,United Kingdom,False,2011-04-14 15:58:00,2011-04-14 16:26:00,2,1345.62
14155,United Kingdom,False,2011-03-18 14:13:00,2011-03-18 14:13:00,1,118.75
14156,EIRE,False,2010-12-03 11:48:00,2011-11-30 10:54:00,55,117210.08
14157,United Kingdom,False,2011-02-27 13:04:00,2011-11-20 11:32:00,2,424.89
14158,United Kingdom,False,2011-10-30 15:08:00,2011-10-30 15:08:00,1,507.66
14159,United Kingdom,False,2010-12-12 11:17:00,2011-11-20 12:36:00,11,4630.35
14161,United Kingdom,False,2010-12-05 13:18:00,2011-05-08 11:41:00,3,1097.62
14162,United Kingdom,False,2011-02-20 12:32:00,2011-06-19 11:36:00,2,289.36
14163,United Kingdom,False,2011-04-14 17:33:00,2011-09-13 15:18:00,4,2445.91
14164,United Kingdom,False,2011-09-20 12:18:00,2011-09-30 12:24:00,2,1631.77
14165,United Kingdom,False,2011-03-09 12:39:00,2011-03-09 12:39:00,1,120.44
14167,United Kingdom,False,2011-01-12 15:44:00,2011-10-31 14:29:00,4,562.59
14171,United Kingdom,False,2011-09-02 16:43:00,2011-09-02 16:43:00,1,363.79
14173,United Kingdom,False,2011-05-04 14:03:00,2011-11-29 11:54:00,4,450.84
14174,United Kingdom,False,2011-11-06 13:17:00,2011-11-06 13:17:00,1,134.46
14175,United Kingdom,False,2011-01-14 12:22:00,2011-10-11 11:55:00,3,3222.3
14176,United Kingdom,False,2010-12-07 11:45:00,2011-02-15 13:12:00,4,576.9
14177,United Kingdom,False,2011-06-13 11:10:00,2011-09-14 15:11:00,4,549.46
14178,United Kingdom,False,2011-06-10 12:51:00,2011-12-01 12:01:00,7,1600.26
14179,United Kingdom,False,2011-10-18 14:00:00,2011-10-30 12:07:00,2,701.57
14180,United Kingdom,False,2010-12-02 13:08:00,2011-11-29 10:56:00,25,4748.52
14184,United Kingdom,False,2011-10-04 12:43:00,2011-10-04 12:43:00,1,452.89
14185,United Kingdom,False,2011-01-12 13:52:00,2011-01-12 13:52:00,1,197.65
14188,United Kingdom,False,2011-02-02 13:46:00,2011-11-09 12:45:00,6,2054.36
14189,United Kingdom,False,2010-12-06 11:42:00,2011-12-07 15:55:00,15,4654.08
14191,United Kingdom,False,2011-05-03 10:30:00,2011-12-08 09:23:00,13,4684.76
14193,United Kingdom,False,2011-03-15 11:38:00,2011-10-03 09:34:00,2,853.39
14194,United Kingdom,False,2011-02-04 14:51:00,2011-12-05 10:38:00,21,11349.52
14195,United Kingdom,False,2011-04-01 16:50:00,2011-05-22 10:29:00,2,1012.0
14196,United Kingdom,False,2011-08-25 10:25:00,2011-08-25 10:25:00,1,335.52
14198,United Kingdom,False,2011-04-14 14:54:00,2011-11-21 16:35:00,4,701.4
14199,United Kingdom,False,2011-05-05 13:44:00,2011-05-05 13:44:00,1,185.4
14201,United Kingdom,False,2010-12-15 13:25:00,2011-10-10 13:27:00,7,747.44
14204,United Kingdom,False,2011-12-07 13:38:00,2011-12-07 13:38:00,1,150.61
14205,United Kingdom,False,2011-03-20 15:07:00,2011-11-23 10:55:00,2,466.7
14206,United Kingdom,False,2011-04-14 16:38:00,2011-04-14 16:38:00,1,328.16
14208,United Kingdom,False,2011-09-06 12:48:00,2011-09-06 12:48:00,1,151.74
14209,United Kingdom,False,2011-01-11 12:56:00,2011-11-29 10:18:00,6,2073.43
14210,United Kingdom,False,2010-12-03 12:43:00,2011-08-26 12:36:00,6,1905.84
14211,United Kingdom,False,2011-02-17 15:50:00,2011-10-17 13:23:00,9,2241.1
14212,United Kingdom,False,2011-09-11 12:45:00,2011-09-11 12:45:00,1,1070.48
14213,United Kingdom,False,,,0,0.0
14214,United Kingdom,False,2011-03-07 12:26:00,2011-11-09 10:31:00,5,1004.38
14215,United Kingdom,False,2010-12-06 15:34:00,2011-11-28 12:19:00,6,1789.72
14216,United Kingdom,False,2011-11-02 10:51:00,2011-12-06 14:56:00,4,1839.3
14217,United Kingdom,False,2010-12-08 13:28:00,2011-12-08 11:53:00,17,2004.98
14218,United Kingdom,False,2011-10-28 10:00:00,2011-10-28 10:00:00,1,169.48
14219,United Kingdom,False,2011-12-05 16:23:00,2011-12-05 16:23:00,1,89.94
14220,United Kingdom,False,2010-12-16 18:18:00,2011-04-06 13:23:00,2,632.4
14221,United Kingdom,False,2011-01-04 15:33:00,2011-10-28 13:42:00,9,3432.8
14222,United Kingdom,False,2011-06-15 16:42:00,2011-06-15 16:42:00,1,683.17
14223,United Kingdom,False,2011-03-20 16:02:00,2011-09-08 13:38:00,3,991.13
14224,United Kingdom,False,2011-01-23 13:58:00,2011-08-21 13:24:00,4,1009.73
14226,United Kingdom,False,2011-03-15 15:36:00,2011-11-11 11:34:00,5,2214.79
14227,United Kingdom,False,2011-02-28 12:27:00,2011-11-13 15:48:00,10,3350.96
14229,United Kingdom,False,2011-01-10 12:03:00,2011-10-19 10:04:00,3,1547.2
14231,United Kingdom,False,2011-02-24 11:55:00,2011-06-09 11:05:00,3,925.71
14232,United Kingdom,False,2011-03-20 12:44:00,2011-10-28 11:09:00,5,2048.07
14233,United Kingdom,False,2011-01-26 12:43:00,2011-10-21 15:54:00,4,1462.72
14234,United Kingdom,False,2011-10-13 13:58:00,2011-11-17 17:53:00,4,754.12
14235,United Kingdom,False,2011-03-24 13:23:00,2011-09-25 14:37:00,5,3144.86
14236,United Kingdom,False,2010-12-02 18:49:00,2011-09-20 09:13:00,2,490.86
14237,United Kingdom,False,2010-12-01 13:20:00,2010-12-01 13:20:00,1,161.0
14238,United Kingdom,False,2011-01-17 14:40:00,2011-01-17 14:40:00,1,146.85
14239,United Kingdom,False,2011-01-27 14:45:00,2011-10-27 14:40:00,11,2380.85
14240,United Kingdom,False,2011-04-28 11:40:00,2011-11-09 13:45:00,2,890.34
14241,United Kingdom,False,2011-06-09 11:46:00,2011-06-09 11:46:00,1,213.7
14242,United Kingdom,False,2011-01-18 08:53:00,2011-04-19 11:46:00,2,280.55
14243,United Kingdom,False,2010-12-09 08:34:00,2011-12-01 11:12:00,10,2588.77
14245,United Kingdom,False,2011-03-21 10:41:00,2011-05-04 08:40:00,2,1693.45
14246,United Kingdom,False,2011-04-08 08:25:00,2011-08-21 11:50:00,3,1474.06
14247,United Kingdom,False,2011-03-06 15:21:00,2011-03-06 15:21:00,1,136.77
14248,United Kingdom,False,2011-01-25 14:45:00,2011-01-25 14:45:00,1,302.58
14250,United Kingdom,False,2011-09-11 13:44:00,2011-12-02 14:30:00,3,1904.05
14251,United Kingdom,False,2011-10-13 12:46:00,2011-12-08 08:32:00,5,2879.7
14256,United Kingdom,False,2010-12-10 11:44:00,2011-03-24 13:17:00,2,969.06
14257,United Kingdom,False,2011-01-25 10:49:00,2011-10-06 16:54:00,5,3099.72
14258,United Kingdom,False,2011-01-06 12:18:00,2011-11-30 15:27:00,9,12669.98
14259,United Kingdom,False,2011-07-21 10:44:00,2011-07-21 10:44:00,1,120.0
14261,United Kingdom,False,2011-09-22 10:47:00,2011-10-20 10:04:00,2,1163.45
14262,United Kingdom,False,2011-04-13 12:23:00,2011-12-01 14:17:00,8,2618.23
14264,United Kingdom,False,2011-04-08 12:20:00,2011-07-08 10:20:00,2,333.97
14265,Unspecified,False,2011-07-14 09:10:00,2011-08-22 13:32:00,2,530.18
14267,United Kingdom,False,2011-03-24 11:38:00,2011-06-30 10:09:00,3,1516.24
14270,United Kingdom,False,2011-01-12 09:33:00,2011-01-12 09:33:00,1,492.65
14271,United Kingdom,False,2011-04-28 12:47:00,2011-04-28 12:47:00,1,112.32
14272,United Kingdom,False,2011-03-30 13:57:00,2011-09-27 10:08:00,2,437.96
14273,United Kingdom,False,2011-04-11 13:24:00,2011-10-19 13:20:00,4,559.97
14276,United Kingdom,False,2011-02-23 09:38:00,2011-09-02 09:45:00,3,1119.74
14277,France,False,2011-05-11 13:20:00,2011-11-24 15:01:00,3,4188.0
14280,United Kingdom,False,2011-05-27 10:37:00,2011-05-27 10:37:00,1,134.04
14282,United Kingdom,False,2010-12-07 12:21:00,2011-12-06 17:04:00,15,3701.44
14284,United Kingdom,False,2011-09-14 13:04:00,2011-11-09 08:11:00,2,595.25
14285,United Kingdom,False,2011-06-16 12:36:00,2011-11-18 14:50:00,4,1910.01
14286,United Kingdom,False,2011-04-11 08:16:00,2011-11-16 10:34:00,3,4628.75
14287,United Kingdom,False,2011-05-25 11:41:00,2011-12-01 13:25:00,3,176.63
14288,United Kingdom,False,2011-05-10 13:22:00,2011-05-10 13:22:00,1,426.6
14289,United Kingdom,False,2011-02-23 12:33:00,2011-12-01 11:44:00,6,911.26
14290,United Kingdom,False,2010-12-13 10:24:00,2011-11-28 14:02:00,5,2314.65
14291,United Kingdom,False,2011-03-09 15:20:00,2011-12-08 10:26:00,11,3883.25
14292,United Kingdom,False,2011-03-02 08:26:00,2011-12-02 11:50:00,9,4871.93
14293,United Kingdom,False,2010-12-06 10:18:00,2011-12-06 15:17:00,4,1046.56
14295,United Kingdom,False,2011-10-30 15:50:00,2011-10-30 15:50:00,1,166.2
14297,United Kingdom,False,2011-03-10 08:31:00,2011-11-22 09:06:00,4,1305.33
14298,United Kingdom,False,2010-12-14 12:59:00,2011-12-01 13:12:00,44,51527.3
14299,United Kingdom,False,2010-12-09 10:30:00,2011-12-01 16:05:00,9,3965.62
14300,United Kingdom,False,2011-11-21 08:57:00,2011-11-21 08:57:00,1,43.2
14301,United Kingdom,False,2011-08-14 15:33:00,2011-08-14 15:33:00,1,640.14
14304,United Kingdom,False,2011-05-01 11:50:00,2011-05-01 11:50:00,1,383.45
14305,United Kingdom,False,2011-07-27 14:14:00,2011-09-29 15:29:00,3,1858.96
14306,United Kingdom,False,2011-09-15 10:31:00,2011-10-19 13:23:00,2,2093.32
14307,United Kingdom,False,2010-12-01 11:41:00,2011-09-12 09:38:00,6,2995.72
14309,United Kingdom,False,2010-12-16 13:05:00,2011-12-01 13:33:00,9,2352.53
14311,United Kingdom,False,2011-04-11 10:14:00,2011-04-11 10:14:00,1,310.26
14312,United Kingdom,False,2011-01-06 16:35:00,2011-10-24 09:46:00,6,1611.59
14314,United Kingdom,False,2011-08-25 10:39:00,2011-08-25 10:39:00,1,120.0
14315,United Kingdom,False,2011-03-18 12:59:00,2011-10-26 12:06:00,6,2481.13
14317,United Kingdom,False,2011-10-06 10:44:00,2011-10-06 10:44:00,1,508.58
14320,United Kingdom,False,2011-01-11 09:12:00,2011-05-17 09:24:00,2,477.79
14321,United Kingdom,False,2011-01-10 11:35:00,2011-11-29 09:47:00,5,1530.75
14323,United Kingdom,False,2011-04-15 11:44:00,2011-08-17 11:37:00,2,605.06
14326,United Kingdom,False,2011-04-11 15:04:00,2011-04-11 15:04:00,1,183.85
14327,United Kingdom,False,2011-06-29 13:58:00,2011-06-29 13:58:00,1,311.65
14329,United Kingdom,False,2011-01-14 13:42:00,2011-11-22 15:50:00,7,4975.24
14331,United Kingdom,False,2011-07-27 15:14:00,2011-08-07 13:17:00,2,462.66
14332,United Kingdom,False,2011-07-15 10:33:00,2011-11-17 11:54:00,3,840.21
14333,United Kingdom,False,2011-10-03 10:38:00,2011-10-03 10:38:00,1,415.2
14334,United Kingdom,False,2010-12-16 17:37:00,2011-11-23 10:01:00,8,2552.21
14335,Germany,False,2011-09-04 13:07:00,2011-11-23 13:41:00,2,454.86
14336,United Kingdom,False,2011-03-08 16:48:00,2011-11-23 11:40:00,4,1614.91
14338,United Kingdom,False,2011-05-27 13:30:00,2011-07-01 14:08:00,2,588.22
14339,United Kingdom,False,2011-04-11 11:06:00,2011-04-11 11:06:00,1,309.52
14340,United Kingdom,False,2011-05-05 09:44:00,2011-05-05 09:44:00,1,134.7
14341,United Kingdom,False,2011-01-25 13:55:00,2011-10-25 15:48:00,8,2166.98
14342,United Kingdom,False,2011-05-13 13:50:00,2011-11-18 13:21:00,4,668.56
14344,United Kingdom,False,2010-12-06 11:58:00,2011-08-04 13:51:00,8,889.93
14345,United Kingdom,False,2011-11-01 09:51:00,2011-11-01 09:51:00,1,108.98
14346,United Kingdom,False,2011-02-15 13:52:00,2011-08-11 09:47:00,2,1021.58
14348,United Kingdom,False,2011-03-24 16:23:00,2011-03-24 16:23:00,1,409.57
14349,United Kingdom,False,2011-11-29 15:39:00,2011-11-29 15:39:00,1,133.5
14350,United Kingdom,False,2011-03-10 14:14:00,2011-03-10 14:14:00,1,282.93
14351,United Kingdom,False,2011-06-28 11:56:00,2011-06-28 11:56:00,1,51.0
14352,United Kingdom,False,2011-03-11 14:58:00,2011-07-05 15:41:00,4,1078.96
14353,United Kingdom,False,2011-05-08 16:06:00,2011-05-08 16:06:00,1,90.6
14354,United Kingdom,False,2011-11-09 15:36:00,2011-12-04 11:32:00,2,163.62
14355,United Kingdom,False,2010-12-09 12:16:00,2010-12-09 12:16:00,1,174.4
14356,United Kingdom,False,2011-09-19 14:43:00,2011-09-21 09:18:00,2,701.23
14357,United Kingdom,False,2011-10-27 16:23:00,2011-10-27 16:23:00,1,225.12
14359,United Kingdom,False,2011-09-13 09:03:00,2011-11-20 13:17:00,3,912.18
14360,United Kingdom,False,2011-09-06 11:58:00,2011-11-08 09:12:00,4,2118.03
14362,United Kingdom,False,2011-11-17 15:08:00,2011-11-17 15:08:00,1,151.5
14364,United Kingdom,False,2011-05-12 12:56:00,2011-08-23 11:01:00,8,3717.35
14367,United Kingdom,False,2011-03-08 14:12:00,2011-12-01 13:19:00,16,9227.82
14368,United Kingdom,False,2011-01-24 09:52:00,2011-01-24 09:52:00,1,155.0
14371,United Kingdom,False,2011-02-17 16:35:00,2011-02-17 16:35:00,1,100.5
14373,United Kingdom,False,2010-12-16 15:40:00,2010-12-16 15:40:00,1,76.55
14375,United Kingdom,False,2011-06-07 13:44:00,2011-06-07 13:44:00,1,235.56
14377,United Kingdom,False,2011-03-22 13:38:00,2011-06-01 13:32:00,2,617.05
14379,United Kingdom,False,2011-02-17 15:03:00,2011-10-26 16:43:00,2,348.1
14381,United Kingdom,False,2011-10-18 17:10:00,2011-10-18 17:10:00,1,202.68
14382,United Kingdom,False,2011-11-13 16:18:00,2011-11-13 16:18:00,1,615.49
14383,United Kingdom,False,2011-06-29 10:18:00,2011-11-01 15:53:00,3,1247.69
14385,United Kingdom,False,2011-11-16 11:55:00,2011-11-30 15:36:00,3,202.11
14386,United Kingdom,False,2011-02-16 09:45:00,2011-02-16 09:45:00,1,142.4
14387,United Kingdom,False,2011-08-22 14:13:00,2011-11-07 12:29:00,3,1727.6
14388,United Kingdom,False,2010-12-02 11:02:00,2011-11-29 13:32:00,8,3212.84
14389,United Kingdom,False,2011-06-02 12:04:00,2011-10-05 15:17:00,2,1043.46
14390,United Kingdom,False,2010-12-02 11:57:00,2011-11-29 13:49:00,9,4642.57
14393,United Kingdom,False,2011-05-05 18:16:00,2011-05-05 18:16:00,1,67.95
14395,United Kingdom,False,2010-12-02 18:15:00,2011-12-07 14:34:00,9,3479.91
14396,United Kingdom,False,2010-12-03 15:19:00,2011-10-05 16:09:00,2,487.99
14397,United Kingdom,False,2011-05-10 12:25:00,2011-12-07 09:22:00,19,2612.96
14400,United Kingdom,False,2011-07-13 15:50:00,2011-07-13 15:50:00,1,574.7
14401,United Kingdom,False,2010-12-15 09:07:00,2011-12-05 13:30:00,13,4051.48
14403,United Kingdom,False,2011-04-06 14:23:00,2011-08-01 12:57:00,4,1475.81
14404,United Kingdom,False,2010-12-05 16:00:00,2011-11-06 12:30:00,6,1449.32
14406,United Kingdom,False,2011-08-12 16:54:00,2011-08-12 16:54:00,1,156.75
14407,United Kingdom,False,2011-03-08 11:59:00,2011-08-24 14:02:00,6,2157.73
14408,United Kingdom,False,2011-03-20 14:41:00,2011-11-29 11:41:00,7,2599.03
14409,United Kingdom,False,2010-12-06 15:03:00,2011-09-29 18:18:00,6,2059.45
14410,United Kingdom,False,2011-02-07 09:36:00,2011-09-08 15:08:00,9,1100.27
14411,United Kingdom,False,2011-02-02 10:56:00,2011-02-02 10:56:00,1,1063.0
14412,United Kingdom,False,2011-09-28 08:48:00,2011-10-28 10:45:00,2,770.03
14413,United Kingdom,False,2010-12-12 13:37:00,2010-12-12 13:37:00,1,121.05
14414,United Kingdom,False,2010-12-16 11:11:00,2011-09-09 12:09:00,7,1496.98
14415,United Kingdom,False,2010-12-14 13:31:00,2011-12-08 14:38:00,13,5855.57
14416,United Kingdom,False,2011-10-28 15:10:00,2011-11-17 15:22:00,2,490.22
14418,United Kingdom,False,2011-08-23 17:18:00,2011-12-06 11:39:00,3,1937.25
14419,United Kingdom,False,2010-12-10 10:56:00,2011-11-29 11:22:00,6,1051.79
14420,United Kingdom,False,2011-09-01 18:07:00,2011-09-01 18:07:00,1,387.52
14421,United Kingdom,False,2011-05-12 10:49:00,2011-10-13 13:24:00,2,813.11
14422,United Kingdom,False,2011-03-17 17:26:00,2011-12-09 11:26:00,6,4263.64
14423,United Kingdom,False,2011-05-05 15:12:00,2011-05-05 15:12:00,1,265.2
14424,United Kingdom,False,2011-11-22 11:48:00,2011-11-22 11:48:00,1,322.08
14426,United Kingdom,False,2011-01-31 09:51:00,2011-11-16 12:25:00,10,4481.67
14427,United Kingdom,False,2011-10-07 09:10:00,2011-10-20 14:23:00,2,363.34
14428,United Kingdom,False,2011-01-18 16:39:00,2011-12-02 13:17:00,5,1224.06
14431,United Kingdom,False,2011-02-10 10:40:00,2011-02-10 10:40:00,1,470.36
14432,United Kingdom,False,2011-09-11 14:09:00,2011-11-30 08:04:00,6,2248.5
14434,United Kingdom,False,2011-09-28 15:31:00,2011-11-18 08:56:00,6,1372.8
14436,United Kingdom,False,2011-09-02 10:13:00,2011-09-02 10:13:00,1,89.06
14437,United Kingdom,False,2010-12-09 09:27:00,2010-12-09 09:27:00,1,63.0
14438,United Kingdom,False,2011-02-06 14:56:00,2011-02-06 14:56:00,1,131.9
14439,Greece,False,2011-01-24 11:39:00,2011-01-24 11:39:00,1,2661.24
14440,United Kingdom,False,2010-12-09 12:49:00,2011-12-01 15:42:00,5,2357.68
14441,United Kingdom,False,2011-03-29 12:01:00,2011-12-09 09:07:00,4,1712.89
14442,Channel Islands,False,2011-01-27 09:33:00,2011-05-19 11:36:00,2,1589.82
14443,United Kingdom,False,2010-12-06 11:03:00,2011-10-17 10:10:00,4,1420.2
14446,United Kingdom,False,2011-04-07 12:10:00,2011-12-09 11:34:00,4,1010.35
14447,United Kingdom,False,2011-03-04 10:49:00,2011-11-21 08:28:00,5,1163.23
14448,United Kingdom,False,2010-12-10 17:26:00,2011-11-30 13:50:00,2,375.35
14449,United Kingdom,False,2010-12-02 14:09:00,2011-11-21 12:06:00,4,885.8
14450,United Kingdom,False,2011-01-23 11:53:00,2011-06-12 10:46:00,3,483.25
14451,United Kingdom,False,2011-05-29 12:35:00,2011-10-10 13:38:00,2,643.9
14452,United Kingdom,False,2011-09-07 11:32:00,2011-11-29 12:06:00,2,259.05
14453,United Kingdom,False,2011-06-02 14:15:00,2011-06-02 14:15:00,1,119.93
14456,United Kingdom,False,2011-07-20 13:06:00,2011-12-04 13:59:00,9,3017.28
14457,United Kingdom,False,2011-02-02 09:39:00,2011-02-02 09:39:00,1,113.64
14459,United Kingdom,False,2011-07-07 13:35:00,2011-07-07 13:35:00,1,1837.92
14460,United Kingdom,False,2011-02-02 11:55:00,2011-08-21 14:19:00,3,434.34
14461,United Kingdom,False,2011-03-23 12:15:00,2011-07-14 17:11:00,3,2103.06
14462,United Kingdom,False,2011-01-04 12:45:00,2011-10-04 15:55:00,11,1980.57
14463,United Kingdom,False,2011-05-18 14:42:00,2011-09-02 15:20:00,3,529.62
14465,United Kingdom,False,2011-02-10 12:13:00,2011-04-07 12:38:00,3,1038.44
14466,United Kingdom,False,2010-12-02 13:36:00,2011-11-10 14:07:00,7,2272.4
14467,United Kingdom,False,2011-01-31 12:35:00,2011-11-22 12:48:00,4,596.26
14470,United Kingdom,False,2011-02-25 11:56:00,2011-11-28 10:31:00,2,461.19
14472,United Kingdom,False,2010-12-19 14:03:00,2011-08-28 11:01:00,8,1852.67
14473,United Kingdom,False,2011-03-02 13:56:00,2011-09-26 15:10:00,2,234.34
14474,United Kingdom,False,2011-10-24 13:26:00,2011-10-24 13:26:00,1,547.66
14475,United Kingdom,False,2011-02-08 10:12:00,2011-09-29 10:46:00,3,925.85
14476,United Kingdom,False,2011-03-27 15:39:00,2011-03-27 15:39:00,1,193.0
14477,United Kingdom,False,2011-02-15 15:44:00,2011-11-20 11:11:00,4,1309.6
14479,United Kingdom,False,2010-12-09 12:59:00,2011-03-31 09:07:00,2,316.25
14480,United Kingdom,False,2011-11-28 16:35:00,2011-11-28 16:35:00,1,279.05
14481,United Kingdom,False,2011-02-25 13:53:00,2011-06-28 10:38:00,2,636.51
14482,United Kingdom,False,2011-04-14 16:41:00,2011-11-21 13:14:00,6,2022.81
14483,United Kingdom,False,2011-03-03 10:26:00,2011-03-03 10:26:00,1,137.1
14484,United Kingdom,False,2011-10-20 14:11:00,2011-10-20 14:11:00,1,321.92
14485,United Kingdom,False,2011-11-01 12:25:00,2011-11-01 12:25:00,1,162.8
14487,United Kingdom,False,2010-12-06 13:22:00,2011-11-13 12:17:00,6,1165.48
14488,United Kingdom,False,2011-10-03 09:30:00,2011-10-03 09:30:00,1,1064.28
14489,United Kingdom,False,2011-05-16 14:51:00,2011-05-16 14:51:00,1,463.38
14491,United Kingdom,False,2010-12-02 12:10:00,2011-06-17 15:22:00,2,340.93
14493,United Kingdom,False,2011-07-07 16:59:00,2011-12-02 16:14:00,5,2383.24
14494,United Kingdom,False,2011-11-14 09:21:00,2011-11-14 09:21:00,1,139.56
14495,United Kingdom,False,2011-08-10 14:13:00,2011-10-20 12:28:00,2,123.8
14496,United Kingdom,False,2010-12-01 15:35:00,2011-02-01 09:01:00,2,538.81
14497,United Kingdom,False,2011-02-03 17:01:00,2011-02-03 17:01:00,1,475.37
14498,United Kingdom,False,2010-12-13 11:29:00,2011-10-28 12:09:00,5,1957.32
14499,United Kingdom,False,2011-03-06 11:55:00,2011-11-13 13:01:00,3,808.44
14500,United Kingdom,False,2011-06-03 10:08:00,2011-09-12 16:45:00,3,356.85
14501,United Kingdom,False,2011-01-24 10:43:00,2011-06-09 12:02:00,2,251.21
14502,United Kingdom,False,2011-01-30 15:52:00,2011-11-20 11:50:00,11,2429.83
14503,United Kingdom,False,2011-06-14 10:00:00,2011-12-06 13:30:00,6,3543.26
14504,United Kingdom,False,2011-03-06 14:38:00,2011-10-23 16:00:00,4,673.26
14505,United Kingdom,False,2010-12-12 16:14:00,2011-11-22 15:45:00,8,5859.43
14506,United Kingdom,False,2010-12-05 14:25:00,2011-11-22 13:02:00,5,1960.65
14507,United Kingdom,False,2011-03-08 17:23:00,2011-11-16 12:21:00,6,1367.88
14508,United Kingdom,False,2011-09-11 11:29:00,2011-11-17 19:48:00,2,268.05
14511,United Kingdom,False,2011-07-29 12:13:00,2011-11-28 17:05:00,5,1314.81
14512,United Kingdom,False,2011-04-21 19:05:00,2011-06-05 12:39:00,2,275.28
14513,United Kingdom,False,2011-02-24 09:36:00,2011-08-31 11:25:00,3,455.59
14514,United Kingdom,False,2011-01-12 15:22:00,2011-10-09 16:05:00,3,990.2
14515,United Kingdom,False,2011-05-05 12:13:00,2011-11-22 11:37:00,6,2076.89
14517,United Kingdom,False,2011-07-21 11:42:00,2011-11-06 14:20:00,2,330.45
14518,United Kingdom,False,2011-10-06 14:43:00,2011-10-06 14:43:00,1,174.37
14520,United Kingdom,False,2011-02-22 09:15:00,2011-12-08 09:46:00,2,270.6
14522,United Kingdom,False,2011-05-25 16:01:00,2011-11-15 13:24:00,4,974.54
14523,United Kingdom,False,2011-08-23 13:13:00,2011-08-23 13:13:00,1,241.09
14524,United Kingdom,False,2010-12-14 11:01:00,2011-11-08 12:29:00,9,1843.83
14525,United Kingdom,False,2010-12-13 17:40:00,2011-11-20 11:37:00,9,4215.9
14527,United Kingdom,False,2010-12-05 13:17:00,2011-12-07 12:19:00,55,8507.13
14528,United Kingdom,False,2011-11-02 17:09:00,2011-11-02 17:09:00,1,364.22
14529,United Kingdom,False,2011-08-21 14:10:00,2011-10-10 15:27:00,3,578.61
14530,United Kingdom,False,2011-02-16 10:47:00,2011-11-14 10:38:00,6,2862.11
14532,United Kingdom,False,2010-12-22 13:48:00,2011-04-17 13:05:00,4,932.85
14533,United Kingdom,False,2010-12-22 11:07:00,2011-11-15 12:05:00,7,1949.72
14534,United Kingdom,False,2011-01-25 12:33:00,2011-12-07 12:19:00,18,4397.3
14535,United Kingdom,False,2011-04-05 12:50:00,2011-10-10 15:39:00,3,2854.84
14536,United Kingdom,False,2011-03-25 12:21:00,2011-03-25 12:21:00,1,170.95
14537,United Kingdom,False,2011-10-13 10:54:00,2011-10-13 10:54:00,1,355.56
14538,United Kingdom,False,2011-03-28 14:57:00,2011-10-06 10:31:00,2,388.25
14539,United Kingdom,False,2011-10-26 12:03:00,2011-11-24 09:50:00,2,537.48
14540,United Kingdom,False,2011-02-03 15:02:00,2011-11-30 10:15:00,3,952.66
14541,United Kingdom,False,2011-01-24 14:16:00,2011-10-12 10:08:00,8,1453.35
14542,United Kingdom,False,2011-06-07 08:19:00,2011-06-07 08:19:00,1,103.25
14543,United Kingdom,False,2010-12-10 11:51:00,2011-11-11 12:45:00,16,3599.73
14544,United Kingdom,False,2010-12-13 12:50:00,2011-11-15 15:06:00,2,2004.3
14546,United Kingdom,False,2011-04-05 12:37:00,2011-12-04 13:00:00,5,2573.93
14547,United Kingdom,False,2011-10-16 14:35:00,2011-12-06 11:06:00,8,3974.75
14548,United Kingdom,False,2011-01-26 08:38:00,2011-07-12 12:19:00,2,652.8
14549,United Kingdom,False,2011-02-01 13:47:00,2011-02-01 13:47:00,1,289.24
14550,United Kingdom,False,2011-10-26 12:14:00,2011-11-29 12:12:00,2,757.37
14551,United Kingdom,False,2011-05-19 18:21:00,2011-11-21 13:36:00,2,186.23
14552,United Kingdom,False,2011-07-11 12:49:00,2011-07-11 12:49:00,1,164.22
14553,United Kingdom,False,2011-01-04 15:40:00,2011-11-20 13:20:00,5,859.27
14554,United Kingdom,False,2011-10-18 13:04:00,2011-11-29 16:44:00,4,2279.49
14555,United Kingdom,False,2011-02-10 17:19:00,2011-10-13 16:24:00,2,312.54
14557,United Kingdom,False,2011-09-15 15:48:00,2011-09-15 15:48:00,1,788.38
14560,United Kingdom,False,2010-12-17 09:22:00,2011-12-02 15:22:00,22,2237.77
14561,United Kingdom,False,2011-06-08 13:26:00,2011-09-25 12:39:00,3,1080.76
14562,United Kingdom,False,2011-02-08 14:45:00,2011-12-06 11:05:00,18,5006.77
14565,United Kingdom,False,2010-12-13 13:25:00,2011-09-05 09:07:00,4,3099.12
14566,Channel Islands,False,2011-08-21 11:05:00,2011-08-21 11:05:00,1,1432.0
14567,United Kingdom,False,2011-08-01 13:48:00,2011-10-14 10:21:00,2,1530.36
14569,United Kingdom,False,2011-12-08 14:58:00,2011-12-08 14:58:00,1,227.39
14570,United Kingdom,False,2011-03-04 10:39:00,2011-03-04 10:58:00,2,218.06
14572,United Kingdom,False,2011-01-19 17:23:00,2011-12-06 14:40:00,7,2804.54
14573,United Kingdom,False,2010-12-02 19:59:00,2011-06-13 11:15:00,9,1639.82
14576,United Kingdom,False,2010-12-02 17:51:00,2010-12-02 17:51:00,1,35.4
14577,United Kingdom,False,2010-12-12 11:26:00,2011-11-27 12:47:00,4,859.71
14578,United Kingdom,False,2011-12-06 17:18:00,2011-12-06 17:18:00,1,168.63
14581,United Kingdom,False,2011-11-23 12:39:00,2011-11-23 12:39:00,1,138.6
14582,United Kingdom,False,2011-10-30 11:56:00,2011-10-30 11:56:00,1,114.11
14583,United Kingdom,False,2011-05-18 11:28:00,2011-12-04 12:32:00,5,986.96
14584,United Kingdom,False,2011-05-25 17:31:00,2011-06-23 18:33:00,4,1033.06
14585,United Kingdom,False,2011-10-20 14:33:00,2011-10-20 14:33:00,1,157.05
14586,United Kingdom,False,2011-03-08 10:04:00,2011-03-08 10:04:00,1,237.36
14587,United Kingdom,False,2011-01-12 13:16:00,2011-11-21 11:34:00,9,1580.29
14589,United Kingdom,False,2010-12-03 11:42:00,2010-12-03 11:42:00,1,39.75
14591,United Kingdom,False,2011-05-10 14:09:00,2011-11-24 13:57:00,4,1320.21
14592,United Kingdom,False,2011-10-06 18:08:00,2011-11-04 16:35:00,3,557.94
14593,United Kingdom,False,2011-05-25 11:14:00,2011-11-18 12:48:00,3,617.15
14594,United Kingdom,False,2010-12-01 13:54:00,2011-12-02 13:28:00,2,363.33
14595,United Kingdom,False,2011-01-30 13:36:00,2011-11-20 12:12:00,6,1740.6
14597,United Kingdom,False,2011-06-01 12:33:00,2011-11-28 13:13:00,2,866.24
14598,United Kingdom,False,2011-10-26 13:19:00,2011-10-26 13:19:00,1,221.97
14600,United Kingdom,False,2011-02-07 09:48:00,2011-02-07 09:48:00,1,393.33
14601,United Kingdom,False,2011-11-29 09:48:00,2011-11-29 09:48:00,1,213.96
14603,United Kingdom,False,2011-03-10 10:27:00,2011-03-10 10:27:00,1,660.0
14606,United Kingdom,False,2010-12-01 16:57:00,2011-12-08 19:28:00,93,12076.15
14607,United Kingdom,False,2011-03-23 15:22:00,2011-11-24 10:35:00,14,16209.5
14608,United Kingdom,False,2010-12-12 14:49:00,2011-12-05 16:52:00,4,1785.15
14609,United Kingdom,False,2011-02-16 12:10:00,2011-09-28 12:54:00,4,601.56
14616,United Kingdom,False,2011-01-26 12:42:00,2011-04-11 09:54:00,3,406.08
14618,United Kingdom,False,2011-01-06 11:59:00,2011-11-30 13:45:00,3,553.44
14619,United Kingdom,False,2011-04-08 07:37:00,2011-04-08 07:37:00,1,394.44
14620,United Kingdom,False,2011-03-01 08:30:00,2011-05-18 11:58:00,2,412.78
14621,United Kingdom,False,2010-12-16 13:00:00,2011-12-08 16:22:00,5,1788.36
14622,United Kingdom,False,2011-06-08 12:42:00,2011-06-08 12:42:00,1,320.58
14623,United Kingdom,False,2011-04-18 13:54:00,2011-11-07 13:56:00,5,886.7
14624,United Kingdom,False,2011-10-11 14:39:00,2011-10-13 13:44:00,2,225.85
14625,United Kingdom,False,2010-12-13 15:36:00,2011-05-27 15:32:00,2,899.63
14626,United Kingdom,False,2011-04-20 13:18:00,2011-11-16 10:37:00,4,2791.27
14627,United Kingdom,False,,,0,0.0
14628,United Kingdom,False,2011-04-11 14:43:00,2011-09-09 14:58:00,2,671.96
14629,United Kingdom,False,2011-10-23 16:13:00,2011-12-05 16:55:00,2,955.26
14631,United Kingdom,False,2011-02-14 09:31:00,2011-10-20 11:17:00,3,1006.98
14632,United Kingdom,False,2011-03-22 08:49:00,2011-03-22 08:49:00,1,114.56
14633,United Kingdom,False,2011-03-18 17:07:00,2011-03-18 17:07:00,1,344.9
14636,United Kingdom,False,2011-03-16 09:52:00,2011-11-03 16:12:00,2,609.85
14638,United Kingdom,False,2011-10-20 10:10:00,2011-10-20 10:10:00,1,443.6
14639,United Kingdom,False,2010-12-13 13:50:00,2011-10-18 15:06:00,6,2984.49
14640,United Kingdom,False,2011-04-26 12:31:00,2011-11-15 13:07:00,6,2107.38
14641,United Kingdom,False,2011-11-18 10:42:00,2011-11-18 10:42:00,1,110.46
14642,United Kingdom,False,2011-10-12 11:08:00,2011-10-12 11:08:00,1,96.12
14643,United Kingdom,False,2010-12-16 17:53:00,2011-06-22 14:41:00,2,693.81
14644,United Kingdom,False,2011-02-14 14:14:00,2011-10-03 08:30:00,2,830.76
14645,United Kingdom,False,2011-03-09 09:52:00,2011-07-06 09:15:00,2,597.09
14646,Netherlands,False,2010-12-20 10:09:00,2011-12-08 12:12:00,73,280206.02
14647,United Kingdom,False,2011-05-22 13:40:00,2011-05-22 13:40:00,1,236.04
14649,United Kingdom,False,2011-05-11 14:37:00,2011-12-05 12:30:00,4,1402.59
14651,United Kingdom,False,2011-05-12 16:29:00,2011-10-03 15:52:00,2,653.75
14652,United Kingdom,False,2011-09-23 14:21:00,2011-09-23 14:21:00,1,114.18
14653,United Kingdom,False,2011-01-05 13:40:00,2011-12-08 13:45:00,7,1926.65
14655,United Kingdom,False,2011-05-01 14:59:00,2011-12-01 16:28:00,4,1932.23
14656,United Kingdom,False,2011-03-01 13:19:00,2011-06-23 13:51:00,2,291.05
14657,United Kingdom,False,2011-01-17 15:19:00,2011-11-22 12:47:00,4,848.22
14658,United Kingdom,False,2011-08-14 15:42:00,2011-12-04 15:35:00,2,247.15
14659,United Kingdom,False,2011-01-28 12:43:00,2011-12-01 12:17:00,9,2529.93
14660,United Kingdom,False,2011-08-31 10:40:00,2011-09-14 11:34:00,2,285.74
14661,United Kingdom,False,2011-11-13 11:51:00,2011-11-13 11:51:00,1,107.95
14662,United Kingdom,False,2011-01-27 17:41:00,2011-11-11 12:13:00,4,741.37
14664,United Kingdom,False,2011-11-06 14:56:00,2011-11-20 10:59:00,2,636.24
14665,United Kingdom,False,2011-02-02 09:08:00,2011-10-10 09:14:00,5,1835.7
14666,United Kingdom,False,2011-11-15 12:57:00,2011-11-15 12:57:00,1,195.25
14667,United Kingdom,False,2010-12-06 13:13:00,2011-11-29 11:30:00,25,9175.04
14669,United Kingdom,False,2011-01-11 12:30:00,2011-04-12 11:43:00,3,1259.24
14670,United Kingdom,False,2011-03-04 13:58:00,2011-03-04 14:13:00,2,392.86
14672,United Kingdom,False,2011-01-07 15:48:00,2011-04-19 10:19:00,2,765.55
14673,United Kingdom,False,2010-12-07 12:49:00,2011-12-06 14:31:00,5,1736.4
14675,United Kingdom,False,2011-11-23 12:58:00,2011-11-23 12:58:00,1,596.36
14676,United Kingdom,False,2011-03-01 14:26:00,2011-11-08 13:29:00,6,2548.24
14679,United Kingdom,False,,,0,0.0
14680,United Kingdom,False,2010-12-03 12:05:00,2011-11-14 16:59:00,16,28754.11
14681,United Kingdom,False,2011-05-12 10:45:00,2011-09-29 15:52:00,3,498.95
14682,United Kingdom,False,2011-05-22 12:51:00,2011-06-05 12:12:00,2,52.0
14684,United Kingdom,False,2010-12-12 12:44:00,2011-11-14 11:33:00,5,1201.51
14687,United Kingdom,False,2011-08-25 11:59:00,2011-08-25 11:59:00,1,628.38
14688,United Kingdom,False,2010-12-01 09:37:00,2011-12-02 12:26:00,21,5579.1
14689,United Kingdom,False,2011-05-15 11:22:00,2011-05-15 11:22:00,1,112.8
14690,United Kingdom,False,2011-07-11 11:58:00,2011-10-26 15:39:00,2,355.05
14691,United Kingdom,False,2011-05-11 09:55:00,2011-11-09 12:30:00,5,2114.33
14692,United Kingdom,False,2011-01-21 13:47:00,2011-07-25 15:08:00,4,591.55
14693,United Kingdom,False,2011-03-20 12:50:00,2011-03-20 12:50:00,1,172.9
14696,United Kingdom,False,2010-12-01 15:37:00,2011-12-05 13:43:00,7,2078.95
14697,United Kingdom,False,2011-05-05 15:29:00,2011-05-05 15:39:00,2,188.61
14698,United Kingdom,False,2011-10-19 12:54:00,2011-12-08 12:26:00,5,1217.27
14699,United Kingdom,False,2011-05-09 14:54:00,2011-05-09 14:54:00,1,109.13
14700,United Kingdom,False,2011-04-15 13:16:00,2011-11-07 14:40:00,3,2195.1
14701,United Kingdom,False,2011-01-27 12:40:00,2011-11-29 12:38:00,9,2526.09
14702,United Kingdom,False,2010-12-09 19:23:00,2011-12-08 19:29:00,17,3251.79
14703,United Kingdom,False,2011-11-25 09:23:00,2011-11-25 09:23:00,1,318.17
14704,United Kingdom,False,2011-06-12 13:59:00,2011-11-28 12:51:00,9,1493.96
14705,United Kingdom,False,2011-05-25 12:39:00,2011-05-25 12:39:00,1,179.0
14708,United Kingdom,False,2010-12-06 12:23:00,2011-12-07 08:21:00,3,1126.37
14709,United Kingdom,False,2010-12-16 13:43:00,2011-11-24 15:41:00,13,4921.04
14710,United Kingdom,False,2011-10-11 13:49:00,2011-11-25 14:53:00,4,599.48
14711,United Kingdom,False,2011-03-22 13:32:00,2011-11-29 14:58:00,11,2839.62
14712,United Kingdom,False,2011-08-19 13:33:00,2011-11-10 12:59:00,3,917.07
14713,United Kingdom,False,2010-12-09 18:58:00,2011-11-30 16:26:00,11,2662.2
14714,United Kingdom,False,2011-11-15 13:07:00,2011-11-15 13:07:00,1,160.19
14715,United Kingdom,False,2011-01-12 13:27:00,2011-11-15 12:10:00,4,867.38
14716,United Kingdom,False,2011-07-14 12:42:00,2011-10-27 17:29:00,2,307.51
14719,United Kingdom,False,2011-04-04 14:17:00,2011-12-08 12:43:00,5,1581.84
14720,United Kingdom,False,2011-08-05 12:06:00,2011-12-04 12:02:00,3,663.81
14722,United Kingdom,False,2011-07-15 14:58:00,2011-07-15 14:58:00,1,180.42
14723,United Kingdom,False,2010-12-03 14:18:00,2011-11-29 15:23:00,6,1122.36
14725,United Kingdom,False,2011-11-15 12:42:00,2011-11-15 12:42:00,1,655.58
14727,United Kingdom,False,2011-03-10 14:45:00,2011-03-10 14:45:00,1,268.58
14729,United Kingdom,False,2010-12-01 12:43:00,2010-12-01 12:43:00,1,313.49
14730,United Kingdom,False,2011-03-08 12:49:00,2011-12-08 14:39:00,8,1897.57
14731,United Kingdom,False,2011-05-11 13:06:00,2011-10-23 15:54:00,3,380.02
14732,United Kingdom,False,2011-01-04 14:40:00,2011-12-01 14:34:00,8,2702.49
14733,United Kingdom,False,2010-12-07 11:30:00,2011-11-23 15:39:00,12,9585.91
14735,United Kingdom,False,2010-12-16 16:05:00,2011-12-06 12:09:00,32,6065.69
14737,United Kingdom,False,2010-12-21 13:49:00,2011-12-06 10:16:00,3,1164.55
14738,United Kingdom,False,2011-01-27 14:10:00,2011-10-28 08:56:00,7,1314.45
14739,United Kingdom,False,2010-12-07 14:58:00,2011-12-05 16:54:00,7,3902.28
14740,United Kingdom,False,2011-03-01 08:35:00,2011-05-26 18:17:00,3,1448.21
14741,United Kingdom,False,2010-12-02 08:43:00,2011-11-28 08:48:00,6,1400.34
14744,United Kingdom,False,2010-12-08 10:21:00,2011-11-23 12:51:00,7,1099.98
14745,United Kingdom,False,2011-02-27 15:25:00,2011-08-19 10:05:00,5,1220.26
14747,United Kingdom,False,2011-04-04 14:09:00,2011-04-04 14:09:00,1,328.2
14748,United Kingdom,False,2010-12-06 10:19:00,2011-11-10 18:33:00,5,1415.75
14752,United Kingdom,False,2011-10-27 11:55:00,2011-10-27 11:55:00,1,389.64
14753,United Kingdom,False,2011-09-13 14:50:00,2011-09-13 14:50:00,1,563.15
14754,United Kingdom,False,2011-02-17 12:21:00,2011-10-26 12:01:00,2,638.05
14755,United Kingdom,False,2011-01-09 14:02:00,2011-11-30 11:24:00,11,5010.28
14756,United Kingdom,False,2011-11-24 18:13:00,2011-11-24 18:13:00,1,738.96
14757,United Kingdom,False,2011-09-25 14:36:00,2011-09-25 14:36:00,1,420.5
14758,United Kingdom,False,2011-03-25 12:10:00,2011-07-18 08:21:00,4,1484.06
14759,United Kingdom,False,2011-04-21 10:55:00,2011-12-05 12:03:00,3,1625.97
14760,United Kingdom,False,2011-02-15 16:27:00,2011-02-15 16:27:00,1,89.2
14761,United Kingdom,False,2011-01-09 12:03:00,2011-10-12 12:10:00,2,255.9
14762,United Kingdom,False,2011-03-21 08:20:00,2011-03-21 08:20:00,1,300.52
14764,United Kingdom,False,2011-10-24 11:54:00,2011-10-24 11:54:00,1,278.3
14765,United Kingdom,False,2011-06-16 19:49:00,2011-11-10 19:53:00,3,254.11
14766,United Kingdom,False,2010-12-08 15:33:00,2011-12-01 16:05:00,6,2473.37
14768,United Kingdom,False,2011-08-04 13:25:00,2011-11-22 12:54:00,2,192.6
14769,United Kingdom,False,2010-12-17 11:40:00,2011-12-07 10:24:00,8,10416.98
14770,United Kingdom,False,2011-01-20 15:00:00,2011-04-21 14:21:00,2,876.42
14772,United Kingdom,False,2011-08-19 15:04:00,2011-08-19 15:04:00,1,139.26
14775,United Kingdom,False,2010-12-02 16:38:00,2011-10-12 15:27:00,3,1011.9
14776,United Kingdom,False,2011-01-31 13:17:00,2011-10-19 15:34:00,11,2538.3
14777,United Kingdom,False,,,0,0.0
14778,United Kingdom,False,2011-02-04 11:43:00,2011-08-04 15:23:00,2,730.86
14779,United Kingdom,False,2011-01-20 12:04:00,2011-03-04 12:42:00,3,386.15
14780,United Kingdom,False,2011-09-21 15:15:00,2011-10-16 12:46:00,2,447.68
14782,United Kingdom,False,2011-01-24 11:12:00,2011-01-24 11:12:00,1,200.1
14784,United Kingdom,False,2011-01-20 09:25:00,2011-11-13 13:30:00,2,289.99
14785,United Kingdom,False,2011-11-24 13:40:00,2011-11-29 13:21:00,2,77.4
14788,United Kingdom,False,2011-11-13 15:52:00,2011-12-02 17:06:00,2,679.44
14789,United Kingdom,False,2011-11-11 08:59:00,2011-11-11 08:59:00,1,197.64
14790,United Kingdom,False,2011-03-31 11:49:00,2011-11-23 09:28:00,4,745.06
14792,United Kingdom,False,2011-10-07 09:19:00,2011-10-07 09:19:00,1,6.2
14793,United Kingdom,False,2011-11-18 14:50:00,2011-11-18 14:50:00,1,228.99
14794,United Kingdom,False,2011-01-09 16:11:00,2011-12-07 10:11:00,7,1319.91
14795,United Kingdom,False,2011-06-26 13:04:00,2011-06-26 13:04:00,1,131.45
14796,United Kingdom,False,2010-12-08 10:40:00,2011-12-08 15:31:00,17,7975.49
14798,United Kingdom,False,2011-02-02 15:26:00,2011-10-18 10:58:00,3,173.74
14799,United Kingdom,False,2011-10-19 16:16:00,2011-10-19 16:16:00,1,157.7
14800,United Kingdom,False,2010-12-05 11:10:00,2011-10-23 12:46:00,12,4331.79
14801,United Kingdom,False,2011-10-09 15:24:00,2011-10-09 15:24:00,1,189.34
14803,United Kingdom,False,2011-02-20 13:21:00,2011-06-30 13:58:00,3,845.55
14804,United Kingdom,False,2011-12-01 11:20:00,2011-12-01 11:20:00,1,353.27
14805,United Kingdom,False,2011-01-30 10:43:00,2011-11-24 16:20:00,4,546.4
14806,United Kingdom,False,2011-09-25 15:32:00,2011-09-25 15:32:00,1,193.39
14808,United Kingdom,False,2011-06-20 12:53:00,2011-10-31 12:21:00,8,2718.6
14810,United Kingdom,False,2010-12-05 12:08:00,2011-10-30 11:19:00,11,2085.33
14813,United Kingdom,False,2010-12-05 11:54:00,2010-12-05 11:57:00,2,152.88
14815,United Kingdom,False,2011-10-03 11:36:00,2011-11-03 11:36:00,2,778.5
14816,United Kingdom,False,2011-05-26 13:16:00,2011-05-26 13:16:00,1,271.85
14817,United Kingdom,False,2011-03-07 13:51:00,2011-05-23 13:35:00,2,1110.34
14818,United Kingdom,False,2011-03-31 12:28:00,2011-09-27 11:01:00,3,657.8
14819,United Kingdom,False,2011-05-31 13:50:00,2011-10-06 13:41:00,2,272.07
14820,United Kingdom,False,2011-06-19 14:56:00,2011-11-18 15:41:00,4,507.29
14821,United Kingdom,False,2010-12-08 08:43:00,2010-12-08 08:43:00,1,48.8
14823,United Kingdom,False,2011-05-29 12:48:00,2011-06-12 13:12:00,3,321.43
14824,United Kingdom,False,2011-09-09 14:12:00,2011-11-29 14:20:00,4,1127.71
14825,United Kingdom,False,2010-12-06 12:30:00,2011-12-06 11:38:00,12,2221.01
14828,United Kingdom,False,2011-01-07 09:50:00,2011-05-27 10:16:00,3,2139.76
14829,United Kingdom,False,2010-12-02 16:12:00,2011-11-10 16:16:00,4,697.55
14830,United Kingdom,False,2011-10-17 14:29:00,2011-10-17 14:29:00,1,188.88
14834,United Kingdom,False,2011-04-13 15:00:00,2011-11-22 10:30:00,6,1720.3
14836,United Kingdom,False,2011-11-09 13:26:00,2011-11-29 16:45:00,3,102.45
14837,United Kingdom,False,2011-05-22 12:49:00,2011-09-11 10:58:00,4,1649.5
14840,United Kingdom,False,2011-03-17 12:00:00,2011-03-17 12:00:00,1,62.85
14841,United Kingdom,False,2010-12-16 10:28:00,2011-10-17 15:03:00,6,3295.76
14842,United Kingdom,False,2011-02-04 15:32:00,2011-10-27 12:37:00,4,2824.69
14844,United Kingdom,False,2011-04-12 13:10:00,2011-10-07 10:41:00,4,3189.81
14847,United Kingdom,False,2011-07-14 10:52:00,2011-07-14 10:52:00,1,309.4
14849,United Kingdom,False,2010-12-01 12:22:00,2011-11-18 10:58:00,25,7930.54
14850,United Kingdom,False,2011-02-01 11:21:00,2011-02-01 11:21:00,1,325.75
14851,United Kingdom,False,2011-03-28 14:59:00,2011-11-16 14:20:00,2,511.35
14852,United Kingdom,False,2011-04-01 13:22:00,2011-10-12 13:20:00,6,2836.69
14853,United Kingdom,False,2011-05-12 15:17:00,2011-11-15 16:56:00,2,475.8
14854,United Kingdom,False,2011-03-10 12:22:00,2011-09-22 17:00:00,7,2740.03
14855,United Kingdom,False,2011-07-28 12:06:00,2011-08-12 14:02:00,2,645.65
14856,United Kingdom,False,2011-10-14 09:35:00,2011-11-03 14:53:00,3,1290.53
14857,United Kingdom,False,2011-07-14 15:03:00,2011-10-11 09:23:00,2,1173.12
14859,United Kingdom,False,2011-05-19 14:42:00,2011-11-27 11:18:00,4,1353.74
14860,United Kingdom,False,2011-11-20 14:17:00,2011-11-20 14:17:00,1,170.32
14861,United Kingdom,False,2011-10-18 12:54:00,2011-10-18 12:54:00,1,125.79
14862,United Kingdom,False,2011-07-14 11:20:00,2011-11-14 10:01:00,2,841.2
14863,United Kingdom,False,2011-11-10 15:04:00,2011-11-10 15:04:00,1,266.76
14865,United Kingdom,False,2010-12-02 18:23:00,2011-12-02 16:25:00,2,52.2
14866,United Kingdom,False,2010-12-08 14:58:00,2011-11-29 11:45:00,12,14389.9
14867,United Kingdom,False,2011-01-07 16:34:00,2011-06-07 11:39:00,3,710.28
14868,United Kingdom,False,2011-04-20 13:36:00,2011-12-06 14:49:00,8,2953.59
14869,United Kingdom,False,2011-08-28 16:09:00,2011-12-01 12:36:00,2,721.45
14870,United Kingdom,False,2011-03-23 10:51:00,2011-03-23 10:51:00,1,327.25
14871,United Kingdom,False,2010-12-14 12:18:00,2011-12-06 13:42:00,4,501.28
14873,United Kingdom,False,2011-05-13 13:52:00,2011-05-13 13:52:00,1,519.68
14875,United Kingdom,False,2011-03-22 11:53:00,2011-08-24 12:20:00,2,1465.32
14878,United Kingdom,False,2010-12-16 12:11:00,2011-11-27 11:15:00,9,1476.09
14880,United Kingdom,False,2011-02-24 12:27:00,2011-09-23 13:42:00,3,690.59
14881,United Kingdom,False,2011-11-20 11:06:00,2011-11-20 11:06:00,1,255.4
14882,United Kingdom,False,2011-11-06 10:15:00,2011-11-13 12:47:00,2,589.7
14883,United Kingdom,False,2011-05-12 09:49:00,2011-11-21 10:23:00,6,761.59
14885,United Kingdom,False,2011-07-31 12:05:00,2011-07-31 12:05:00,1,765.32
14886,United Kingdom,False,2011-04-01 08:56:00,2011-04-01 08:56:00,1,364.8
14887,United Kingdom,False,2011-09-21 15:32:00,2011-09-21 15:32:00,1,1862.0
14888,United Kingdom,False,2011-05-16 14:58:00,2011-05-16 14:58:00,1,369.2
14889,United Kingdom,False,2011-01-07 15:19:00,2011-01-07 15:19:00,1,135.9
14890,United Kingdom,False,2011-03-31 11:57:00,2011-03-31 11:57:00,1,125.65
14891,United Kingdom,False,2011-06-05 10:58:00,2011-07-14 18:08:00,2,554.38
14893,United Kingdom,False,2011-11-28 10:49:00,2011-11-30 12:31:00,2,1237.85
14894,United Kingdom,False,2011-09-15 13:51:00,2011-09-15 13:51:00,1,655.75
14895,United Kingdom,False,2011-02-22 13:08:00,2011-12-02 09:23:00,20,11138.71
14896,United Kingdom,False,2010-12-09 12:24:00,2011-05-19 10:20:00,2,468.77
14897,United Kingdom,False,2011-02-16 08:37:00,2011-12-02 10:32:00,4,1366.38
14898,United Kingdom,False,2010-12-03 15:25:00,2011-11-16 14:54:00,6,1269.31
14901,United Kingdom,False,2010-12-02 11:20:00,2011-11-28 17:09:00,9,1421.29
14902,United Kingdom,False,2011-11-14 10:34:00,2011-11-14 10:34:00,1,332.66
14903,United Kingdom,False,2011-03-06 11:50:00,2011-11-18 16:07:00,5,2795.33
14904,United Kingdom,False,2011-11-14 09:13:00,2011-12-07 12:55:00,2,1025.44
14905,United Kingdom,False,2011-04-20 10:48:00,2011-07-05 12:41:00,2,616.15
14907,United Kingdom,False,2010-12-07 10:14:00,2011-12-06 14:14:00,7,3501.1
14908,United Kingdom,False,2011-09-26 12:56:00,2011-09-26 12:56:00,1,277.8
14910,United Kingdom,False,2011-10-16 11:06:00,2011-12-07 10:06:00,4,434.35
14911,EIRE,False,2010-12-01 14:05:00,2011-12-08 15:54:00,201,143711.17
14912,Italy,False,2011-04-07 11:06:00,2011-11-23 09:20:00,2,867.85
14913,United Kingdom,False,2010-12-15 14:35:00,2011-11-04 08:29:00,4,1227.43
14915,United Kingdom,False,2011-03-07 09:39:00,2011-09-09 13:34:00,2,307.48
14916,United Kingdom,False,2011-01-19 15:30:00,2011-09-30 09:20:00,4,1268.98
14918,United Kingdom,False,2011-07-08 12:50:00,2011-08-16 11:50:00,2,1610.15
14920,United Kingdom,False,2011-05-11 10:31:00,2011-05-11 10:32:00,2,977.77
14921,United Kingdom,False,2011-05-22 12:51:00,2011-11-09 13:17:00,2,1316.07
14923,United Kingdom,False,2011-10-20 11:51:00,2011-10-20 11:51:00,1,749.1
14924,United Kingdom,False,2011-04-08 09:25:00,2011-04-08 09:25:00,1,310.05
14929,United Kingdom,False,2011-11-07 17:21:00,2011-11-07 17:21:00,1,223.88
14930,Channel Islands,False,2011-03-10 14:42:00,2011-08-23 10:31:00,3,2362.96
14931,Channel Islands,False,2011-04-13 09:32:00,2011-12-05 10:19:00,5,1257.68
14932,Channel Islands,False,2010-12-09 11:48:00,2010-12-09 11:48:00,1,363.53
14934,Channel Islands,False,2011-03-02 11:48:00,2011-09-19 10:10:00,2,1890.94
14935,Channel Islands,False,2011-02-15 14:44:00,2011-02-15 14:44:00,1,1784.71
14936,Channel Islands,False,2011-03-09 11:53:00,2011-11-06 10:30:00,8,8137.02
14937,Channel Islands,False,2011-08-01 14:16:00,2011-10-14 12:29:00,3,1621.88
14944,United Kingdom,False,2011-02-16 12:47:00,2011-11-10 09:10:00,12,5900.25
14946,United Kingdom,False,2011-11-25 13:33:00,2011-11-25 13:33:00,1,100.9
14947,United Kingdom,False,2011-08-01 09:31:00,2011-09-28 15:48:00,2,290.82
14948,United Kingdom,False,2011-05-04 14:52:00,2011-11-16 17:16:00,6,1101.97
14950,United Kingdom,False,2011-11-20 13:48:00,2011-11-20 13:48:00,1,371.2
14951,United Kingdom,False,2011-09-21 15:15:00,2011-09-21 15:15:00,1,311.69
14952,United Kingdom,False,2010-12-10 12:48:00,2011-10-11 10:33:00,11,8099.49
14953,United Kingdom,False,2011-11-14 14:59:00,2011-11-14 14:59:00,1,285.67
14954,United Kingdom,False,2011-11-27 14:30:00,2011-11-27 14:30:00,1,294.85
14957,United Kingdom,False,2011-03-31 17:59:00,2011-03-31 17:59:00,1,58.49
14958,United Kingdom,False,2011-04-08 11:28:00,2011-07-15 14:20:00,3,483.73
14959,United Kingdom,False,2011-02-16 13:00:00,2011-10-06 18:23:00,4,695.42
14960,United Kingdom,False,2011-06-21 13:38:00,2011-12-01 12:54:00,2,221.27
14961,United Kingdom,False,2010-12-14 11:38:00,2011-11-29 09:42:00,9,7044.68
14962,United Kingdom,False,2011-03-14 09:42:00,2011-03-14 09:42:00,1,126.7
14963,United Kingdom,False,2011-06-09 12:30:00,2011-11-30 12:16:00,5,1472.34
14964,United Kingdom,False,2011-04-06 14:13:00,2011-04-06 14:13:00,1,206.21
14965,United Kingdom,False,2011-09-04 13:15:00,2011-09-04 13:20:00,2,596.09
14966,United Kingdom,False,2011-11-25 12:20:00,2011-11-25 12:20:00,1,183.02
14967,United Kingdom,False,2011-10-21 11:06:00,2011-10-21 11:06:00,1,463.8
14968,United Kingdom,False,2011-11-09 13:58:00,2011-11-09 13:58:00,1,147.59
14970,United Kingdom,False,2011-01-27 12:23:00,2011-10-02 13:44:00,4,1592.06
14971,United Kingdom,False,2011-10-27 13:33:00,2011-11-04 17:07:00,3,1097.98
14972,United Kingdom,False,2011-08-03 14:54:00,2011-08-03 14:54:00,1,114.77
14973,United Kingdom,False,2011-04-28 12:22:00,2011-08-24 15:51:00,3,1314.45
14974,United Kingdom,False,2011-11-02 13:01:00,2011-11-02 13:01:00,1,89.94
14975,United Kingdom,False,2011-10-13 14:08:00,2011-10-13 14:08:00,1,279.94
14976,United Kingdom,False,2011-01-17 11:09:00,2011-10-13 16:37:00,7,790.86
14978,United Kingdom,False,2011-01-13 12:03:00,2011-09-28 13:07:00,5,1921.37
14981,United Kingdom,False,2011-04-07 13:45:00,2011-04-07 13:45:00,1,102.12
14984,United Kingdom,False,2011-06-12 11:04:00,2011-11-20 14:28:00,2,202.37
14985,United Kingdom,False,2010-12-16 19:51:00,2011-05-25 14:29:00,2,292.01
14987,United Kingdom,False,2010-12-09 12:13:00,2011-11-24 09:59:00,2,326.4
14988,United Kingdom,False,2011-05-12 12:05:00,2011-05-12 12:05:00,1,334.54
14995,United Kingdom,False,2011-03-04 13:14:00,2011-11-01 11:39:00,2,231.98
14997,United Kingdom,False,2011-06-14 16:52:00,2011-10-24 13:28:00,3,546.2
14998,United Kingdom,False,2011-04-12 16:28:00,2011-06-22 17:30:00,2,414.87
15000,United Kingdom,False,2011-10-23 11:42:00,2011-10-23 11:42:00,1,490.52
15002,United Kingdom,False,2010-12-07 13:16:00,2011-08-16 10:44:00,4,1641.76
15004,United Kingdom,False,2011-07-15 14:05:00,2011-07-15 14:05:00,1,1220.77
15005,United Kingdom,False,2010-12-08 14:36:00,2011-11-24 12:25:00,28,6295.37
15006,United Kingdom,False,2011-10-19 15:08:00,2011-10-19 15:08:00,1,480.38
15007,United Kingdom,False,2011-07-03 16:00:00,2011-07-03 16:00:00,1,156.91
15009,United Kingdom,False,2011-11-14 17:40:00,2011-11-27 13:35:00,3,1259.43
15010,United Kingdom,False,2011-11-04 12:42:00,2011-11-04 12:42:00,1,308.94
15012,United Kingdom,False,2010-12-01 12:49:00,2011-10-17 12:22:00,2,405.04
15014,United Kingdom,False,2011-06-16 19:40:00,2011-10-27 20:07:00,2,257.67
15016,United Kingdom,False,2011-06-20 12:06:00,2011-06-20 12:06:00,1,170.04
15017,United Kingdom,False,2011-11-06 10:33:00,2011-11-06 10:33:00,1,125.58
15018,United Kingdom,False,2010-12-07 10:47:00,2011-11-01 12:47:00,3,496.21
15019,United Kingdom,False,2011-03-18 12:35:00,2011-03-18 12:35:00,1,252.81
15021,United Kingdom,False,2010-12-08 12:17:00,2011-12-01 11:53:00,9,1871.77
15022,United Kingdom,False,2011-10-23 15:47:00,2011-11-28 12:35:00,4,852.39
15023,United Kingdom,False,2010-12-05 13:49:00,2011-12-06 17:23:00,11,6720.41
15024,United Kingdom,False,2010-12-07 13:20:00,2011-11-30 12:06:00,10,1636.43
15025,United Kingdom,False,2011-11-06 15:20:00,2011-11-06 15:20:00,1,361.96
15026,United Kingdom,False,2011-03-07 13:45:00,2011-09-20 13:52:00,3,469.0
15027,United Kingdom,False,2011-04-15 14:14:00,2011-11-09 10:16:00,4,1066.15
15028,United Kingdom,False,2010-12-06 12:47:00,2011-12-01 14:06:00,4,627.13
15030,United Kingdom,False,2011-03-16 15:34:00,2011-09-29 10:50:00,2,518.28
15031,United Kingdom,False,2011-03-02 14:46:00,2011-12-05 14:19:00,4,653.19
15032,United Kingdom,False,2010-12-08 12:57:00,2011-03-28 15:03:00,3,4959.1
15033,United Kingdom,False,2011-01-14 13:28:00,2011-12-05 12:40:00,10,2557.18
15034,United Kingdom,False,2010-12-21 09:47:00,2011-11-24 12:11:00,8,4274.16
15035,United Kingdom,False,2011-09-11 11:08:00,2011-09-11 11:08:00,1,252.73
15036,United Kingdom,False,2011-06-13 12:19:00,2011-09-28 15:42:00,3,429.56
15038,United Kingdom,False,2010-12-05 10:54:00,2011-10-12 11:33:00,6,685.74
15039,United Kingdom,False,2010-12-06 11:26:00,2011-11-30 11:31:00,47,19766.59
15041,United Kingdom,False,2011-06-22 16:16:00,2011-06-22 16:16:00,1,179.93
15042,United Kingdom,False,2011-05-24 16:25:00,2011-05-24 16:25:00,1,135.93
15043,United Kingdom,False,2011-11-08 14:26:00,2011-11-08 14:26:00,1,537.0
15044,United Kingdom,False,2010-12-12 14:27:00,2011-11-20 13:20:00,17,7634.73
15045,United Kingdom,False,2011-03-27 11:44:00,2011-07-11 11:33:00,2,735.66
15046,United Kingdom,False,2011-01-05 15:30:00,2011-11-30 15:50:00,15,5090.42
15047,United Kingdom,False,2011-03-15 10:49:00,2011-03-15 10:49:00,1,343.62
15048,United Kingdom,False,2010-12-06 12:15:00,2011-10-05 14:55:00,4,381.0
15049,United Kingdom,False,2011-03-11 12:13:00,2011-03-11 12:13:00,1,121.17
15050,United Kingdom,False,2011-09-29 13:22:00,2011-11-14 16:17:00,3,1737.69
15051,United Kingdom,False,2011-07-12 15:29:00,2011-11-16 15:38:00,3,1383.36
15052,United Kingdom,False,2011-01-24 15:52:00,2011-01-24 15:52:00,1,207.73
15053,United Kingdom,False,2011-03-03 12:06:00,2011-12-05 12:08:00,3,693.95
15054,United Kingdom,False,2011-10-30 14:33:00,2011-11-27 15:02:00,2,302.1
15057,United Kingdom,False,2011-01-28 09:09:00,2011-03-09 15:17:00,2,1489.5
15058,United Kingdom,False,2011-01-31 15:35:00,2011-11-14 14:57:00,11,2102.54
15059,United Kingdom,False,2011-01-09 11:54:00,2011-10-30 11:35:00,9,1337.72
15060,United Kingdom,False,2011-11-30 14:03:00,2011-12-01 13:47:00,4,294.25
15061,United Kingdom,False,2010-12-02 15:19:00,2011-12-06 12:06:00,48,54534.14
15062,United Kingdom,False,2010-12-15 15:37:00,2011-09-29 16:51:00,4,987.86
15063,United Kingdom,False,2011-05-10 13:25:00,2011-05-10 13:25:00,1,370.8
15065,United Kingdom,False,2011-02-21 12:54:00,2011-11-02 09:45:00,4,3158.13
15066,United Kingdom,False,2011-10-17 13:25:00,2011-10-17 13:25:00,1,893.59
15067,United Kingdom,False,2011-03-02 12:10:00,2011-09-22 13:20:00,3,1744.76
15068,United Kingdom,False,2011-03-28 14:27:00,2011-10-24 14:47:00,2,553.36
15069,United Kingdom,False,2011-06-13 14:16:00,2011-06-13 14:16:00,1,1109.53
15070,United Kingdom,False,2010-12-02 11:23:00,2010-12-02 11:23:00,1,106.2
15071,United Kingdom,False,2011-03-09 10:19:00,2011-09-07 11:43:00,2,982.07
15073,United Kingdom,False,2011-06-06 09:59:00,2011-11-30 10:44:00,3,1043.41
15074,United Kingdom,False,2011-08-26 14:45:00,2011-08-26 14:45:00,1,735.67
15075,United Kingdom,False,2011-09-23 12:27:00,2011-09-23 12:27:00,1,773.03
15076,United Kingdom,False,2011-06-20 08:23:00,2011-06-20 08:23:00,1,880.85
15078,United Kingdom,False,2010-12-06 12:38:00,2011-12-02 15:41:00,32,9743.11
15079,United Kingdom,False,2010-12-09 09:25:00,2011-05-11 12:45:00,4,895.61
15081,United Kingdom,False,2010-12-07 16:20:00,2011-11-17 17:08:00,5,504.8
15083,United Kingdom,False,2011-03-28 12:18:00,2011-03-28 12:18:00,1,88.2
15087,United Kingdom,False,2011-03-03 10:34:00,2011-03-03 10:34:00,1,306.94
15088,United Kingdom,False,2011-10-03 14:05:00,2011-11-18 13:14:00,2,1160.07
15089,United Kingdom,False,2011-08-03 14:14:00,2011-11-29 16:31:00,6,2420.84
15090,United Kingdom,False,2011-02-04 14:03:00,2011-02-04 14:03:00,1,381.32
15091,United Kingdom,False,2011-10-03 12:47:00,2011-10-03 12:47:00,1,480.71
15092,United Kingdom,False,2011-03-01 12:24:00,2011-05-08 14:10:00,2,457.81
15093,United Kingdom,False,2010-12-02 18:25:00,2011-11-21 13:09:00,6,4597.02
15095,United Kingdom,False,2011-05-20 14:27:00,2011-08-28 12:01:00,4,1370.6
15096,United Kingdom,False,2011-10-28 10:27:00,2011-10-28 10:27:00,1,219.39
15097,United Kingdom,False,2011-12-05 14:03:00,2011-12-05 14:03:00,1,248.08
15098,United Kingdom,False,2011-06-10 15:22:00,2011-06-10 15:33:00,3,39916.5
15099,United Kingdom,False,2011-09-16 13:13:00,2011-09-16 13:13:00,1,410.48
15100,United Kingdom,False,2010-12-01 09:09:00,2011-01-10 10:35:00,3,876.0
15101,United Kingdom,False,2010-12-15 12:54:00,2011-12-01 10:18:00,2,317.53
15103,United Kingdom,False,2011-09-14 13:54:00,2011-11-08 14:53:00,2,703.36
15104,United Kingdom,False,2011-03-02 14:16:00,2011-05-27 12:29:00,2,993.54
15105,United Kingdom,False,2011-07-28 10:09:00,2011-11-21 16:54:00,7,2298.93
15106,United Kingdom,False,2011-03-15 12:52:00,2011-11-22 09:16:00,5,1422.52
15107,United Kingdom,False,2010-12-02 13:45:00,2011-02-01 14:46:00,6,319.5
15108,European Community,False,2011-04-26 10:54:00,2011-07-21 10:24:00,4,1300.25
15109,United Kingdom,False,2011-04-08 09:58:00,2011-04-08 09:58:00,1,484.95
15110,United Kingdom,False,2011-01-25 11:41:00,2011-11-16 11:16:00,4,996.1
15111,United Kingdom,False,2010-12-02 11:45:00,2011-11-10 16:58:00,3,1567.48
15113,United Kingdom,False,2011-10-16 15:27:00,2011-11-30 08:23:00,3,3509.43
15114,United Kingdom,False,2011-02-11 08:45:00,2011-11-09 15:05:00,10,2760.56
15115,United Kingdom,False,2011-11-21 14:59:00,2011-11-21 14:59:00,1,340.11
15116,United Kingdom,False,2011-05-19 08:50:00,2011-11-22 12:25:00,4,1352.75
15117,United Kingdom,False,2011-05-08 12:38:00,2011-11-25 08:12:00,5,1551.78
15118,United Kingdom,False,2011-07-28 14:54:00,2011-07-28 14:54:00,1,244.8
15119,United Kingdom,False,2011-04-08 09:08:00,2011-04-08 09:08:00,1,266.4
15120,United Kingdom,False,2011-07-29 09:48:00,2011-07-29 09:48:00,1,358.82
15121,United Kingdom,False,2011-02-24 12:41:00,2011-10-20 14:51:00,2,457.72
15122,United Kingdom,False,2011-02-15 09:59:00,2011-08-17 16:48:00,3,1633.78
15123,United Kingdom,False,2011-05-17 14:57:00,2011-12-02 13:12:00,2,2199.31
15124,United Kingdom,False,2011-06-01 09:06:00,2011-11-17 10:09:00,2,184.19
15125,United Kingdom,False,2011-03-14 09:59:00,2011-11-14 13:57:00,15,11528.48
15127,United Kingdom,False,2011-10-05 10:30:00,2011-10-05 10:30:00,1,406.53
15128,United Kingdom,False,2011-05-04 12:32:00,2011-10-10 13:54:00,4,1471.0
15129,United Kingdom,False,2011-02-21 09:09:00,2011-10-20 14:40:00,11,3447.4
15130,United Kingdom,False,2011-06-23 10:15:00,2011-06-23 10:15:00,1,330.11
15132,United Kingdom,False,2011-03-22 12:02:00,2011-11-21 17:10:00,5,977.93
15133,United Kingdom,False,2011-02-11 10:38:00,2011-08-04 10:44:00,3,982.42
15134,United Kingdom,False,2011-04-13 11:05:00,2011-11-25 08:55:00,8,1387.99
15135,United Kingdom,False,2011-04-14 19:16:00,2011-04-14 19:16:00,1,139.05
15136,United Kingdom,False,2011-09-04 16:05:00,2011-12-07 12:26:00,4,1286.7
15139,United Kingdom,False,2011-01-07 12:44:00,2011-04-14 11:39:00,2,178.96
15140,United Kingdom,False,2011-03-20 14:37:00,2011-10-18 14:07:00,7,2354.25
15142,United Kingdom,False,2011-10-24 12:51:00,2011-10-24 12:51:00,1,498.74
15143,United Kingdom,False,2011-04-28 12:03:00,2011-04-28 12:03:00,1,259.45
15144,United Kingdom,False,2011-01-31 13:17:00,2011-12-01 15:12:00,17,6580.44
15145,United Kingdom,False,2011-04-05 15:20:00,2011-12-05 17:21:00,4,1194.73
15146,United Kingdom,False,2011-02-21 13:07:00,2011-06-28 12:09:00,2,1327.16
15147,United Kingdom,False,2011-04-13 15:57:00,2011-04-13 15:57:00,1,623.5
15148,United Kingdom,False,2011-11-29 08:21:00,2011-11-29 08:21:00,1,301.29
15149,United Kingdom,False,2011-07-29 10:58:00,2011-07-29 10:58:00,1,520.8
15150,United Kingdom,False,2011-03-15 14:21:00,2011-11-22 12:52:00,10,5291.33
15152,United Kingdom,False,2011-06-05 15:36:00,2011-11-30 12:32:00,13,4745.69
15153,United Kingdom,False,2011-11-08 17:09:00,2011-11-08 17:09:00,1,329.25
15154,United Kingdom,False,2011-09-25 16:05:00,2011-09-25 16:05:00,1,254.28
15156,United Kingdom,False,2011-11-06 12:41:00,2011-12-08 18:22:00,3,961.49
15157,United Kingdom,False,2010-12-16 13:44:00,2011-12-06 11:28:00,3,1936.07
15158,United Kingdom,False,2011-10-25 13:53:00,2011-10-25 13:53:00,1,401.4
15159,United Kingdom,False,2010-12-13 15:44:00,2011-12-08 12:05:00,30,18641.01
15160,United Kingdom,False,2010-12-17 14:15:00,2010-12-17 14:15:00,1,158.16
15163,United Kingdom,False,2011-05-31 15:22:00,2011-11-21 13:10:00,2,304.47
15164,United Kingdom,False,2011-01-04 14:21:00,2011-10-02 12:05:00,3,824.58
15165,United Kingdom,False,2010-12-01 14:03:00,2010-12-01 14:03:00,1,487.75
15167,United Kingdom,False,2011-01-23 12:41:00,2011-01-23 12:41:00,1,158.8
15168,United Kingdom,False,2011-11-14 11:26:00,2011-11-14 11:26:00,1,106.56
15171,United Kingdom,False,2011-01-12 15:36:00,2011-01-12 15:36:00,1,1289.5
15172,United Kingdom,False,2011-04-17 11:56:00,2011-12-01 11:51:00,5,1624.05
15174,United Kingdom,False,2011-01-21 09:06:00,2011-01-21 09:06:00,1,135.75
15175,United Kingdom,False,2011-09-29 11:31:00,2011-09-29 11:31:00,1,224.14
15178,United Kingdom,False,2011-03-24 15:12:00,2011-03-24 15:12:00,1,40.5
15179,United Kingdom,False,2011-01-24 13:48:00,2011-11-21 12:53:00,5,2206.95
15180,United Kingdom,False,2010-12-07 14:57:00,2010-12-07 14:57:00,1,87.5
15181,United Kingdom,False,2011-03-15 12:03:00,2011-10-04 13:58:00,3,689.48
15182,United Kingdom,False,2011-03-16 12:42:00,2011-07-08 13:37:00,2,622.85
15184,United Kingdom,False,2011-06-02 12:06:00,2011-11-10 13:41:00,2,402.2
15185,United Kingdom,False,2011-09-30 14:06:00,2011-09-30 14:06:00,1,310.62
15186,United Kingdom,False,2011-06-24 14:54:00,2011-11-25 14:58:00,2,411.41
15187,United Kingdom,False,2011-05-11 13:49:00,2011-12-08 11:56:00,16,4777.18
15189,United Kingdom,False,2011-01-11 12:29:00,2011-12-08 13:22:00,41,16225.39
15192,United Kingdom,False,2010-12-09 14:56:00,2011-08-12 11:41:00,3,1044.32
15193,United Kingdom,False,2011-10-10 08:23:00,2011-10-10 08:23:00,1,499.32
15194,United Kingdom,False,2010-12-06 15:00:00,2011-12-06 15:10:00,15,7616.53
15195,United Kingdom,False,2011-12-07 12:20:00,2011-12-07 12:20:00,1,3861.0
15197,United Kingdom,False,2010-12-16 18:01:00,2011-11-29 10:00:00,3,1079.61
15198,United Kingdom,False,2011-08-07 15:16:00,2011-09-08 14:42:00,2,193.64
15199,United Kingdom,False,2011-02-04 14:04:00,2011-10-11 15:12:00,4,1268.7
15201,United Kingdom,False,2011-04-06 14:02:00,2011-09-13 14:53:00,5,1236.54
15203,United Kingdom,False,2011-02-01 12:29:00,2011-11-14 08:16:00,6,1827.8
15204,United Kingdom,False,2010-12-17 13:49:00,2010-12-17 13:49:00,1,316.58
15205,United Kingdom,False,2011-08-04 16:07:00,2011-09-15 19:36:00,2,653.24
15206,United Kingdom,False,2011-03-09 08:59:00,2011-11-29 13:41:00,4,420.3
15208,United Kingdom,False,2010-12-21 13:03:00,2011-12-08 17:24:00,5,870.12
15210,United Kingdom,False,2011-04-28 16:11:00,2011-04-28 16:11:00,1,331.18
15211,United Kingdom,False,2010-12-09 16:08:00,2011-10-10 13:31:00,2,894.41
15212,United Kingdom,False,2011-04-12 13:45:00,2011-04-12 13:45:00,1,101.8
15213,United Kingdom,False,2011-01-14 11:05:00,2011-01-25 12:21:00,2,328.35
15214,United Kingdom,False,2011-04-11 09:46:00,2011-12-08 12:07:00,8,1661.44
15215,United Kingdom,False,2011-09-04 12:24:00,2011-10-24 11:41:00,3,734.94
15216,United Kingdom,False,2011-09-13 11:41:00,2011-09-13 11:41:00,1,96.6
15218,United Kingdom,False,2011-01-25 11:20:00,2011-11-29 11:48:00,11,5756.89
15219,United Kingdom,False,2011-06-16 16:57:00,2011-06-16 16:57:00,1,305.75
15220,United Kingdom,False,2011-03-04 10:24:00,2011-10-19 12:39:00,6,1778.96
15221,United Kingdom,False,2010-12-08 13:08:00,2010-12-08 13:08:00,1,403.25
15222,United Kingdom,False,2011-01-25 08:03:00,2011-01-25 08:03:00,1,585.0
15223,United Kingdom,False,2011-04-04 12:17:00,2011-04-28 11:31:00,2,755.75
15224,United Kingdom,False,2010-12-12 12:34:00,2010-12-16 15:02:00,2,322.08
15225,United Kingdom,False,2011-04-19 14:51:00,2011-04-19 14:51:00,1,409.4
15226,United Kingdom,False,2011-02-02 11:41:00,2011-02-02 11:41:00,1,154.41
15227,United Kingdom,False,2011-01-26 15:31:00,2011-11-03 11:59:00,5,1219.4
15228,United Kingdom,False,2011-02-18 09:04:00,2011-10-04 13:56:00,4,3386.71
15230,United Kingdom,False,2011-04-13 11:04:00,2011-04-14 14:39:00,2,429.6
15232,United Kingdom,False,2011-07-22 12:21:00,2011-08-18 16:27:00,2,612.06
15234,United Kingdom,False,2011-03-08 08:53:00,2011-03-08 08:53:00,1,197.0
15235,United Kingdom,False,2010-12-01 17:22:00,2011-05-06 09:44:00,12,2247.51
15236,United Kingdom,False,2011-02-14 10:52:00,2011-02-14 10:52:00,1,321.05
15237,United Kingdom,False,2011-04-26 15:04:00,2011-12-08 09:46:00,4,1412.32
15238,United Kingdom,False,2011-06-08 16:00:00,2011-11-10 14:28:00,3,1071.99
15239,United Kingdom,False,2011-09-22 09:53:00,2011-11-29 14:14:00,2,780.59
15240,United Kingdom,False,2011-02-01 08:23:00,2011-10-26 09:50:00,5,1706.57
15241,United Kingdom,False,2011-03-01 11:02:00,2011-10-04 09:05:00,8,1756.44
15243,United Kingdom,False,2011-09-26 14:12:00,2011-09-26 14:12:00,1,316.68
15244,United Kingdom,False,2011-04-05 15:12:00,2011-10-05 13:19:00,2,631.57
15245,United Kingdom,False,2011-03-23 13:42:00,2011-07-28 18:56:00,3,2515.84
15246,United Kingdom,False,2010-12-16 09:46:00,2011-04-15 14:45:00,2,514.15
15247,United Kingdom,False,2011-08-09 12:52:00,2011-08-09 12:52:00,1,356.0
15249,United Kingdom,False,2011-03-28 12:49:00,2011-11-08 11:45:00,13,6688.46
15251,United Kingdom,False,2011-04-12 10:38:00,2011-11-30 15:02:00,11,10484.99
15252,United Kingdom,False,2011-06-09 14:15:00,2011-11-03 13:30:00,2,740.78
15253,United Kingdom,False,2011-06-23 12:19:00,2011-11-23 16:22:00,5,918.2
15254,United Kingdom,False,2011-08-04 15:04:00,2011-08-04 15:04:00,1,300.36
15255,United Kingdom,False,2011-10-04 12:43:00,2011-10-04 12:43:00,1,890.85
15256,United Kingdom,False,2011-07-14 11:47:00,2011-07-14 11:47:00,1,98.45
15257,United Kingdom,False,2011-03-01 12:58:00,2011-03-01 12:58:00,1,317.15
15258,United Kingdom,False,2011-05-06 14:16:00,2011-06-24 12:30:00,2,623.16
15260,United Kingdom,False,2010-12-02 12:09:00,2011-08-31 13:55:00,7,1810.77
15261,United Kingdom,False,2011-07-27 15:20:00,2011-07-27 15:20:00,1,254.82
15262,United Kingdom,False,2011-01-20 12:16:00,2011-01-20 12:16:00,1,178.95
15263,United Kingdom,False,2011-08-25 10:26:00,2011-08-25 10:26:00,1,156.51
15264,United Kingdom,False,2011-10-06 13:49:00,2011-10-06 13:49:00,1,393.74
15265,United Kingdom,False,2011-04-18 12:16:00,2011-07-11 14:46:00,2,1506.12
15266,United Kingdom,False,2011-01-05 13:40:00,2011-01-05 13:40:00,1,119.3
15267,United Kingdom,False,2011-06-10 10:24:00,2011-11-17 15:59:00,5,1717.36
15269,United Kingdom,False,2011-11-16 09:32:00,2011-11-16 09:32:00,1,408.8
15270,United Kingdom,False,2011-02-02 13:25:00,2011-11-24 09:24:00,7,2379.49
15271,United Kingdom,False,2010-12-09 13:47:00,2011-12-02 14:11:00,15,2493.34
15272,United Kingdom,False,2011-09-14 16:36:00,2011-10-13 12:59:00,2,721.94
15274,United Kingdom,False,2011-11-21 14:17:00,2011-12-05 16:57:00,2,716.57
15275,United Kingdom,False,2011-11-02 11:20:00,2011-11-02 11:20:00,1,615.14
15276,United Kingdom,False,2011-10-04 16:39:00,2011-10-04 16:39:00,1,128.63
15277,United Kingdom,False,2011-10-24 10:08:00,2011-10-24 10:08:00,1,255.9
15279,United Kingdom,False,2010-12-20 10:48:00,2010-12-20 10:48:00,1,290.51
15280,United Kingdom,False,2011-06-20 17:14:00,2011-06-20 17:14:00,1,113.12
15281,United Kingdom,False,2011-01-10 15:51:00,2011-10-12 09:10:00,9,2332.15
15286,United Kingdom,False,2011-10-21 11:08:00,2011-10-21 11:08:00,1,240.55
15287,United Kingdom,False,2011-09-30 12:30:00,2011-11-17 15:34:00,2,486.69
15288,United Kingdom,False,2010-12-09 13:59:00,2011-10-27 16:58:00,5,2306.52
15289,United Kingdom,False,2011-04-04 12:44:00,2011-11-10 13:49:00,3,939.78
15290,United Kingdom,False,2010-12-15 16:03:00,2011-12-05 11:39:00,18,7943.22
15291,United Kingdom,False,2010-12-01 09:32:00,2011-11-14 11:02:00,15,4668.3
15292,United Kingdom,False,2011-05-22 15:00:00,2011-05-22 15:00:00,1,178.39
15296,United Kingdom,False,2011-01-17 11:57:00,2011-10-20 11:47:00,6,3672.86
15297,United Kingdom,False,2011-10-07 09:42:00,2011-11-29 16:32:00,3,641.94
15298,United Kingdom,False,2010-12-08 13:55:00,2011-12-07 17:17:00,12,4799.9
15299,United Kingdom,False,2010-12-02 16:48:00,2011-10-03 14:19:00,7,4507.01
15300,United Kingdom,False,2011-10-06 17:08:00,2011-10-06 17:08:00,1,496.44
15301,United Kingdom,False,2010-12-06 12:21:00,2011-10-20 09:57:00,12,5049.95
15303,United Kingdom,False,2011-02-22 13:59:00,2011-02-22 13:59:00,1,574.02
15304,United Kingdom,False,2010-12-06 11:42:00,2011-10-10 10:23:00,8,694.4
15306,United Kingdom,False,2011-07-14 15:22:00,2011-10-06 12:56:00,3,1174.35
15307,United Kingdom,False,2011-09-05 11:38:00,2011-09-05 11:38:00,1,205.3
15308,United Kingdom,False,2011-03-10 13:08:00,2011-03-10 13:08:00,1,310.47
15311,United Kingdom,False,2010-12-01 09:41:00,2011-12-09 12:00:00,91,60632.75
15312,United Kingdom,False,2010-12-20 12:51:00,2011-09-25 13:10:00,4,924.85
15313,United Kingdom,False,2011-08-21 16:02:00,2011-08-21 16:02:00,1,52.0
15314,United Kingdom,False,2011-05-24 14:39:00,2011-05-24 14:39:00,1,327.97
15315,United Kingdom,False,2011-08-15 15:17:00,2011-10-06 12:51:00,2,570.5
15316,United Kingdom,False,2011-01-17 11:34:00,2011-01-17 11:34:00,1,165.0
15318,United Kingdom,False,2011-12-06 11:30:00,2011-12-06 11:30:00,1,312.62
15319,United Kingdom,False,2011-03-01 12:48:00,2011-03-01 12:48:00,1,204.5
15320,United Kingdom,False,2011-10-26 13:27:00,2011-10-26 13:27:00,1,267.13
15321,United Kingdom,False,2011-02-21 11:10:00,2011-09-30 09:40:00,3,2748.31
15322,United Kingdom,False,2011-09-15 09:34:00,2011-09-15 09:34:00,1,679.68
15325,United Kingdom,False,2011-08-28 11:55:00,2011-08-28 11:55:00,1,161.74
15326,United Kingdom,False,2011-01-10 11:38:00,2011-01-10 11:38:00,1,311.71
15327,United Kingdom,False,2011-10-18 11:55:00,2011-10-18 11:55:00,1,208.75
15329,United Kingdom,False,2011-06-21 10:37:00,2011-10-31 15:36:00,3,1049.7
15330,United Kingdom,False,2011-10-10 12:30:00,2011-11-07 17:50:00,2,714.96
15332,Lithuania,False,2010-12-05 12:00:00,2010-12-08 14:43:00,4,1661.06
15333,United Kingdom,False,2011-05-15 13:27:00,2011-05-15 13:27:00,1,1028.56
15334,United Kingdom,False,2011-06-19 13:51:00,2011-07-06 11:22:00,3,350.82
15335,United Kingdom,False,2011-10-17 12:50:00,2011-10-17 12:50:00,1,170.22
15339,United Kingdom,False,2011-01-25 13:15:00,2011-10-04 12:51:00,2,574.07
15341,United Kingdom,False,2011-09-20 09:40:00,2011-09-20 09:40:00,1,2020.52
15342,United Kingdom,False,2011-08-02 10:19:00,2011-08-02 10:19:00,1,406.09
15343,United Kingdom,False,2011-09-13 13:55:00,2011-09-13 13:55:00,1,364.5
15344,United Kingdom,False,2011-09-26 14:48:00,2011-12-09 10:45:00,3,563.94
15345,United Kingdom,False,2011-10-25 11:28:00,2011-10-25 11:28:00,1,393.54
15346,United Kingdom,False,2011-01-11 11:18:00,2011-01-11 11:18:00,1,252.42
15347,United Kingdom,False,2010-12-08 15:25:00,2010-12-08 15:25:00,1,201.6
15348,United Kingdom,False,2011-09-28 13:17:00,2011-09-28 13:17:00,1,158.04
15349,United Kingdom,False,2011-06-05 15:46:00,2011-07-04 16:06:00,2,463.91
15350,United Kingdom,False,2010-12-01 13:33:00,2010-12-01 13:33:00,1,115.65
15351,United Kingdom,False,2010-12-05 11:49:00,2011-11-27 12:52:00,7,1934.66
15353,United Kingdom,False,2010-12-07 11:49:00,2011-03-30 12:15:00,2,770.12
15355,United Kingdom,False,2011-10-17 15:22:00,2011-11-10 13:44:00,2,277.05
15356,United Kingdom,False,2010-12-06 14:05:00,2011-11-08 13:11:00,10,2718.03
15358,United Kingdom,False,2010-12-09 10:04:00,2011-12-05 09:04:00,22,8347.2
15360,United Kingdom,False,2011-10-31 09:35:00,2011-10-31 09:35:00,1,427.93
15361,United Kingdom,False,2010-12-13 09:52:00,2010-12-13 09:52:00,1,418.92
15363,United Kingdom,False,2010-12-02 12:28:00,2010-12-02 12:28:00,1,326.0
15364,United Kingdom,False,2011-03-30 13:39:00,2011-09-05 09:46:00,2,913.19
15365,United Kingdom,False,2011-01-28 13:08:00,2011-11-14 08:29:00,7,2314.32
15366,United Kingdom,False,2010-12-16 15:59:00,2011-09-25 15:01:00,2,602.51
15367,United Kingdom,False,2011-03-09 13:53:00,2011-10-13 14:13:00,4,1877.59
15368,United Kingdom,False,2011-11-18 14:42:00,2011-11-18 14:42:00,1,446.94
15369,United Kingdom,False,,,0,0.0
15370,United Kingdom,False,2011-01-11 11:32:00,2011-10-30 10:58:00,7,2386.05
15372,United Kingdom,False,2011-07-25 16:39:00,2011-07-25 16:39:00,1,2007.4
15373,United Kingdom,False,2010-12-03 14:40:00,2011-12-01 15:05:00,12,2415.91
15374,United Kingdom,False,2011-08-03 09:59:00,2011-08-03 09:59:00,1,168.0
15376,United Kingdom,False,2011-05-01 13:45:00,2011-10-30 15:04:00,3,1221.56
15379,United Kingdom,False,2010-12-16 13:02:00,2011-06-23 13:13:00,7,3703.29
15380,United Kingdom,False,2010-12-09 15:01:00,2011-12-01 12:13:00,5,1690.26
15381,United Kingdom,False,2011-03-16 13:44:00,2011-05-10 11:55:00,2,596.85
15382,United Kingdom,False,2011-02-17 12:01:00,2011-11-25 10:58:00,6,5955.71
15384,United Kingdom,False,2010-12-15 11:34:00,2011-06-23 10:57:00,2,642.41
15385,United Kingdom,False,2011-10-30 15:11:00,2011-10-30 15:11:00,1,316.88
15386,United Kingdom,False,2011-06-06 13:47:00,2011-06-06 13:47:00,1,394.14
15388,Canada,False,2011-03-14 13:53:00,2011-03-14 13:53:00,1,140.54
15389,United Kingdom,False,2011-06-20 16:18:00,2011-06-20 16:18:00,1,500.0
15392,United Kingdom,False,2010-12-14 15:50:00,2011-12-05 11:01:00,4,1535.53
15393,United Kingdom,False,2011-03-03 16:58:00,2011-11-23 16:48:00,2,231.86
15394,United Kingdom,False,2010-12-16 12:46:00,2011-11-30 11:49:00,4,2183.54
15395,United Kingdom,False,2011-01-18 12:40:00,2011-01-18 12:40:00,1,107.45
15396,United Kingdom,False,2011-08-19 10:56:00,2011-08-19 10:56:00,1,288.18
15397,United Kingdom,False,2011-02-23 09:25:00,2011-02-23 09:25:00,1,94.0
15398,United Kingdom,False,2011-09-22 14:56:00,2011-11-23 16:47:00,2,1345.53
15399,United Kingdom,False,2011-09-21 15:57:00,2011-12-08 13:04:00,3,815.77
15400,United Kingdom,False,2011-03-06 11:27:00,2011-09-08 13:57:00,5,716.2
15402,United Kingdom,False,2011-05-27 13:32:00,2011-07-14 12:17:00,2,626.77
15405,United Kingdom,False,2011-06-03 14:44:00,2011-06-03 14:44:00,1,349.1
15406,United Kingdom,False,2011-02-11 16:19:00,2011-11-08 13:22:00,2,510.71
15407,United Kingdom,False,2011-02-07 13:18:00,2011-11-06 11:55:00,4,1046.74
15408,United Kingdom,False,2011-03-20 15:02:00,2011-03-20 15:02:00,1,267.18
15410,United Kingdom,False,2011-03-23 10:15:00,2011-09-16 14:47:00,8,3450.84
15411,United Kingdom,False,2011-06-10 12:30:00,2011-11-13 15:19:00,4,1348.93
15412,United Kingdom,False,2011-06-21 15:24:00,2011-06-21 15:24:00,1,190.53
15414,United Kingdom,False,2011-04-11 13:45:00,2011-11-30 09:50:00,3,774.9
15415,United Kingdom,False,2011-01-30 14:13:00,2011-01-30 14:13:00,1,559.61
15416,United Kingdom,False,2011-03-02 08:41:00,2011-10-06 09:38:00,4,3984.32
15417,United Kingdom,False,2011-09-15 15:26:00,2011-09-15 15:26:00,1,508.8
15419,United Kingdom,False,2011-11-15 09:23:00,2011-11-15 09:23:00,1,135.86
15421,United Kingdom,False,2011-02-02 14:36:00,2011-10-12 09:20:00,4,950.36
15422,United Kingdom,False,2011-01-20 14:17:00,2011-01-20 16:17:00,2,97.7
15423,United Kingdom,False,2011-11-01 14:01:00,2011-11-01 14:01:00,1,43.5
15424,United Kingdom,False,2011-03-30 13:00:00,2011-03-30 13:02:00,2,383.34
15426,United Kingdom,False,2010-12-05 13:55:00,2011-11-20 15:36:00,5,1404.07
15427,United Kingdom,False,2011-10-23 14:47:00,2011-11-06 14:29:00,3,1430.54
15428,United Kingdom,False,2011-11-24 16:54:00,2011-11-24 16:54:00,1,93.78
15429,United Kingdom,False,2011-09-25 13:42:00,2011-11-13 12:28:00,2,397.35
15432,United Kingdom,False,2011-11-16 16:30:00,2011-11-16 16:30:00,1,171.19
15433,United Kingdom,False,2011-03-17 14:12:00,2011-05-10 10:45:00,2,533.3
15434,United Kingdom,False,2011-05-23 14:18:00,2011-12-01 13:33:00,5,1041.48
15435,United Kingdom,False,2011-11-17 16:39:00,2011-11-17 16:39:00,1,149.29
15436,United Kingdom,False,2011-04-19 16:52:00,2011-11-27 16:05:00,3,1067.75
15437,United Kingdom,False,2011-03-22 13:11:00,2011-03-22 13:11:00,1,200.16
15438,United Kingdom,False,2011-07-31 14:19:00,2011-07-31 14:19:00,1,156.58
15440,United Kingdom,False,2011-05-15 11:30:00,2011-10-16 12:16:00,3,383.68
15442,United Kingdom,False,2011-04-05 12:24:00,2011-04-05 12:24:00,1,594.0
15443,United Kingdom,False,2011-01-23 13:25:00,2011-12-08 10:40:00,7,3213.59
15444,United Kingdom,False,2011-10-30 16:12:00,2011-11-30 17:37:00,2,1411.21
15445,United Kingdom,False,2011-03-20 15:06:00,2011-03-20 15:06:00,1,113.5
15447,United Kingdom,False,2011-01-13 11:26:00,2011-01-13 11:26:00,1,155.17
15448,United Kingdom,False,2011-01-31 10:42:00,2011-01-31 10:42:00,1,494.64
15449,United Kingdom,False,2011-03-23 10:43:00,2011-11-13 15:02:00,3,974.52
15450,United Kingdom,False,2011-11-09 17:11:00,2011-11-09 17:11:00,1,429.84
15452,United Kingdom,False,2011-03-20 15:21:00,2011-11-10 12:13:00,3,528.48
15453,United Kingdom,False,2011-06-05 12:37:00,2011-12-08 10:59:00,7,1371.77
15454,United Kingdom,False,2010-12-12 14:21:00,2010-12-12 14:21:00,1,179.1
15456,United Kingdom,False,2010-12-15 15:34:00,2011-03-01 13:51:00,3,434.59
15457,United Kingdom,False,2011-03-22 15:31:00,2011-03-22 15:31:00,1,237.07
15458,United Kingdom,False,2011-11-14 13:08:00,2011-11-14 13:08:00,1,161.64
15460,United Kingdom,False,2010-12-20 16:08:00,2010-12-20 16:08:00,1,214.26
15462,United Kingdom,False,2011-06-05 15:36:00,2011-09-06 13:11:00,3,234.6
15463,United Kingdom,False,2011-11-10 12:57:00,2011-11-10 12:57:00,1,126.14
15464,United Kingdom,False,2011-01-05 15:56:00,2011-01-05 15:56:00,1,1044.65
15465,United Kingdom,False,2010-12-05 10:12:00,2011-11-20 10:11:00,18,7354.62
15466,United Kingdom,False,2011-09-15 14:08:00,2011-09-15 14:08:00,1,334.53
15467,United Kingdom,False,2011-07-10 14:42:00,2011-11-30 14:17:00,3,524.88
15468,United Kingdom,False,2011-10-19 13:38:00,2011-10-19 13:49:00,2,467.51
15469,United Kingdom,False,2011-08-11 16:54:00,2011-10-20 16:21:00,2,538.55
15471,United Kingdom,False,2011-12-07 14:12:00,2011-12-07 14:12:00,1,454.48
15472,United Kingdom,False,2011-08-18 15:17:00,2011-08-18 15:17:00,1,371.56
15473,United Kingdom,False,2011-10-10 11:12:00,2011-11-25 15:15:00,7,1771.2
15475,United Kingdom,False,2011-09-23 15:20:00,2011-09-23 15:20:00,1,454.11
15478,United Kingdom,False,2011-10-14 11:09:00,2011-10-30 14:19:00,2,1399.92
15480,Malta,False,2011-08-15 14:32:00,2011-08-15 14:32:00,1,905.5
15482,United Kingdom,False,2010-12-16 10:08:00,2011-11-24 10:46:00,12,10879.76
15483,United Kingdom,False,2011-03-18 12:26:00,2011-07-01 13:07:00,4,225.26
15484,United Kingdom,False,2011-09-22 13:31:00,2011-12-08 15:03:00,4,3590.41
15485,United Kingdom,False,2010-12-01 13:23:00,2011-11-09 14:31:00,3,2564.5
15488,United Kingdom,False,2011-09-08 10:11:00,2011-09-08 10:11:00,1,91.32
15489,United Kingdom,False,2011-05-12 12:54:00,2011-11-17 08:53:00,3,1134.28
15491,United Kingdom,False,2011-04-18 10:04:00,2011-09-05 15:56:00,6,3100.09
15492,United Kingdom,False,2011-09-26 14:02:00,2011-11-11 14:53:00,2,659.46
15493,United Kingdom,False,2011-03-14 11:44:00,2011-11-07 12:04:00,5,1953.41
15494,United Kingdom,False,2011-08-10 15:29:00,2011-11-18 14:51:00,2,1280.58
15497,United Kingdom,False,2011-01-24 10:01:00,2011-11-22 11:51:00,2,1262.2
15498,United Kingdom,False,2010-12-08 12:29:00,2011-12-07 12:48:00,27,13316.4
15500,United Kingdom,False,2011-09-19 13:47:00,2011-12-01 13:47:00,4,1131.56
15502,United Kingdom,False,2010-12-05 15:40:00,2011-11-24 12:48:00,12,10384.93
15503,United Kingdom,False,2010-12-12 10:57:00,2010-12-12 10:57:00,1,141.04
15504,United Kingdom,False,2011-09-19 13:45:00,2011-09-19 13:45:00,1,52.83
15505,United Kingdom,False,2011-07-07 13:33:00,2011-10-18 07:56:00,5,3610.96
15506,United Kingdom,False,2011-07-24 11:45:00,2011-11-17 12:11:00,3,972.08
15507,United Kingdom,False,2011-06-21 11:19:00,2011-06-21 11:19:00,1,475.86
15508,United Kingdom,False,2011-04-18 15:31:00,2011-06-03 15:43:00,6,1000.27
15510,United Kingdom,False,2011-01-13 12:10:00,2011-01-13 12:10:00,1,250.0
15511,United Kingdom,False,2011-09-15 15:05:00,2011-11-28 09:43:00,5,900.53
15512,United Kingdom,False,2010-12-15 12:01:00,2011-07-07 10:20:00,2,121.0
15513,United Kingdom,False,2010-12-01 11:22:00,2011-11-06 14:36:00,19,14758.22
15514,United Kingdom,False,2010-12-10 13:50:00,2011-11-27 14:40:00,11,4023.72
15516,United Kingdom,False,2011-10-24 11:33:00,2011-10-26 10:51:00,3,62.43
15517,United Kingdom,False,2011-04-20 14:02:00,2011-04-20 14:02:00,1,267.03
15518,United Kingdom,False,2011-01-11 12:55:00,2011-10-06 13:05:00,8,1921.55
15520,United Kingdom,False,2011-12-08 10:58:00,2011-12-08 10:58:00,1,343.5
15521,United Kingdom,False,2011-03-30 09:15:00,2011-10-30 13:42:00,8,3000.2
15522,United Kingdom,False,2011-09-13 12:26:00,2011-11-07 11:26:00,2,397.99
15523,United Kingdom,False,2011-09-16 16:29:00,2011-09-16 16:29:00,1,412.01
15524,United Kingdom,False,2011-11-15 12:09:00,2011-11-15 12:09:00,1,440.0
15525,United Kingdom,False,2010-12-01 13:17:00,2011-12-07 14:43:00,3,734.37
15526,United Kingdom,False,2011-11-06 15:01:00,2011-11-06 15:04:00,2,148.44
15527,United Kingdom,False,2010-12-20 14:15:00,2011-11-21 12:17:00,8,2428.53
15528,United Kingdom,False,2011-03-30 16:14:00,2011-03-30 16:14:00,1,229.33
15529,United Kingdom,False,2010-12-08 12:24:00,2011-11-17 11:29:00,11,3962.6
15530,United Kingdom,False,2011-04-07 11:16:00,2011-11-18 12:25:00,4,1497.31
15531,United Kingdom,False,2011-11-09 17:47:00,2011-12-01 18:43:00,2,1972.39
15532,United Kingdom,False,2010-12-16 16:45:00,2011-11-14 14:51:00,4,1564.73
15533,United Kingdom,False,2011-09-11 15:41:00,2011-11-20 15:35:00,3,807.57
15535,United Kingdom,False,2011-01-16 12:35:00,2011-06-19 16:02:00,4,502.9
15537,United Kingdom,False,2011-06-29 13:10:00,2011-06-29 13:10:00,1,110.92
15539,United Kingdom,False,2011-12-02 13:36:00,2011-12-02 13:36:00,1,538.46
15540,United Kingdom,False,2011-11-28 13:51:00,2011-11-28 13:51:00,1,213.3
15541,United Kingdom,False,2011-08-17 14:58:00,2011-08-17 14:58:00,1,85.13
15543,United Kingdom,False,2011-02-24 15:26:00,2011-02-24 15:26:00,1,127.86
15544,United Kingdom,False,2010-12-02 12:47:00,2011-11-30 16:43:00,9,3546.71
15545,United Kingdom,False,2010-12-03 17:28:00,2011-10-16 13:24:00,2,288.97
15547,United Kingdom,False,2010-12-12 13:26:00,2011-12-02 12:52:00,14,4910.6
15549,United Kingdom,False,2011-01-27 15:38:00,2011-09-23 16:22:00,3,1681.46
15550,United Kingdom,False,2011-02-11 12:49:00,2011-12-05 15:38:00,4,575.63
15551,United Kingdom,False,2011-11-03 12:37:00,2011-11-03 12:37:00,1,436.06
15552,United Kingdom,False,2011-05-06 14:47:00,2011-05-06 14:47:00,1,90.12
15553,United Kingdom,False,2011-10-10 14:02:00,2011-10-10 14:02:00,1,428.93
15554,United Kingdom,False,2011-03-07 09:00:00,2011-03-07 09:00:00,1,217.2
15555,United Kingdom,False,2010-12-05 14:45:00,2011-11-27 16:19:00,16,4794.86
15556,United Kingdom,False,2011-11-15 16:08:00,2011-11-15 16:08:00,1,279.77
15557,United Kingdom,False,2011-11-11 12:46:00,2011-11-11 12:46:00,1,468.91
15561,United Kingdom,False,2011-05-08 11:38:00,2011-11-28 11:07:00,4,800.59
15562,United Kingdom,False,2010-12-23 09:55:00,2010-12-23 09:55:00,1,134.55
15563,United Kingdom,False,2010-12-16 11:27:00,2011-11-17 14:50:00,4,1400.44
15565,United Kingdom,False,2011-09-30 10:44:00,2011-10-20 14:33:00,2,173.16
15567,United Kingdom,False,2011-11-21 10:48:00,2011-11-21 10:48:00,1,186.01
15568,United Kingdom,False,2011-09-27 14:37:00,2011-12-07 11:27:00,3,758.29
15569,United Kingdom,False,2011-01-11 13:26:00,2011-08-28 10:15:00,5,1375.71
15570,United Kingdom,False,2010-12-05 12:57:00,2011-12-02 14:47:00,12,4148.82
15571,United Kingdom,False,2011-09-22 13:15:00,2011-11-28 10:02:00,4,650.43
15572,United Kingdom,False,2011-03-06 14:44:00,2011-12-05 10:09:00,7,2533.42
15573,United Kingdom,False,2011-09-15 12:16:00,2011-11-08 11:38:00,2,591.19
15574,United Kingdom,False,2010-12-02 15:46:00,2011-06-15 12:01:00,4,675.64
15576,United Kingdom,False,2011-11-02 12:03:00,2011-11-02 12:03:00,1,921.37
15577,United Kingdom,False,2011-02-07 13:32:00,2011-07-11 17:03:00,3,258.88
15578,United Kingdom,False,2011-06-30 13:03:00,2011-06-30 13:03:00,1,127.1
15579,United Kingdom,False,2011-01-30 12:09:00,2011-10-02 12:45:00,2,327.6
15581,United Kingdom,False,2010-12-08 14:38:00,2011-08-11 09:38:00,13,3675.77
15582,United Kingdom,False,2011-05-03 13:36:00,2011-11-15 09:55:00,3,682.91
15584,United Kingdom,False,2011-06-30 16:39:00,2011-11-16 10:55:00,4,720.86
15585,United Kingdom,False,2011-06-16 08:38:00,2011-06-16 08:38:00,1,455.3
15587,United Kingdom,False,2010-12-23 09:59:00,2011-10-20 13:37:00,4,913.68
15589,United Kingdom,False,2011-02-02 10:46:00,2011-03-29 09:54:00,3,478.53
15590,United Kingdom,False,,,0,0.0
15592,United Kingdom,False,2011-10-24 08:59:00,2011-10-24 08:59:00,1,388.58
15593,United Kingdom,False,2011-09-30 11:46:00,2011-09-30 11:46:00,1,199.8
15594,United Kingdom,False,2011-04-19 10:08:00,2011-11-24 08:53:00,5,1771.78
15596,United Kingdom,False,2010-12-09 16:10:00,2011-08-31 10:55:00,5,1406.59
15597,United Kingdom,False,2011-11-04 13:26:00,2011-11-04 13:26:00,1,324.57
15598,United Kingdom,False,2011-10-17 16:04:00,2011-10-17 16:04:00,1,240.68
15599,United Kingdom,False,2011-05-19 13:05:00,2011-11-13 11:44:00,2,761.74
15601,United Kingdom,False,2010-12-02 10:39:00,2011-11-28 15:15:00,14,6776.56
15602,United Kingdom,False,2010-12-06 15:35:00,2011-12-01 14:14:00,9,1297.87
15603,United Kingdom,False,2011-09-22 10:04:00,2011-09-22 10:04:00,1,48.48
15604,United Kingdom,False,2011-10-18 14:47:00,2011-10-18 14:47:00,1,216.39
15605,United Kingdom,False,2010-12-01 13:38:00,2011-11-03 14:17:00,5,1198.23
15606,United Kingdom,False,2011-01-19 12:07:00,2011-10-09 15:47:00,9,2920.16
15607,United Kingdom,False,2011-01-07 12:44:00,2011-01-07 12:44:00,1,104.76
15608,United Kingdom,False,2011-08-11 09:56:00,2011-11-11 13:20:00,4,1093.68
15609,United Kingdom,False,2011-06-08 13:00:00,2011-06-08 13:00:00,1,298.48
15610,United Kingdom,False,2011-10-19 10:36:00,2011-10-19 10:36:00,1,112.46
15611,United Kingdom,False,2011-01-09 11:32:00,2011-11-30 12:36:00,13,1591.45
15612,United Kingdom,False,2011-10-09 12:49:00,2011-11-03 14:52:00,2,195.15
15615,United Kingdom,False,2010-12-15 16:21:00,2011-11-29 14:42:00,23,10399.74
15618,United Kingdom,False,2011-07-26 10:13:00,2011-11-07 08:34:00,4,776.85
15619,United Kingdom,False,2011-11-29 08:14:00,2011-11-29 08:14:00,1,336.4
15620,United Kingdom,False,2010-12-16 14:34:00,2011-10-14 12:41:00,3,1553.18
15621,United Kingdom,False,2011-11-18 11:49:00,2011-12-05 14:01:00,4,1293.03
15622,United Kingdom,False,2011-03-02 13:42:00,2011-10-27 16:44:00,9,3709.56
15623,United Kingdom,False,2011-07-21 17:26:00,2011-07-21 17:26:00,1,301.03
15624,United Kingdom,False,2011-03-28 13:32:00,2011-08-15 11:38:00,4,588.13
15625,United Kingdom,False,2011-04-18 14:01:00,2011-08-28 10:21:00,4,1534.26
15626,United Kingdom,False,2011-01-14 10:10:00,2011-09-26 10:03:00,2,675.8
15628,United Kingdom,False,2010-12-08 09:51:00,2011-12-05 10:24:00,9,2870.24
15630,United Kingdom,False,2011-05-19 10:16:00,2011-10-25 15:36:00,2,1186.35
15632,United Kingdom,False,2011-03-10 08:29:00,2011-11-24 09:51:00,8,3285.31
15634,United Kingdom,False,2011-11-22 16:28:00,2011-11-22 16:28:00,1,243.55
15636,United Kingdom,False,2011-03-02 14:50:00,2011-09-11 11:17:00,2,724.76
15637,United Kingdom,False,2011-10-18 08:28:00,2011-10-18 08:28:00,1,223.36
15638,United Kingdom,False,,,0,0.0
15639,United Kingdom,False,2011-07-28 14:30:00,2011-07-28 14:30:00,1,425.32
15640,United Kingdom,False,2010-12-02 15:40:00,2011-12-05 14:35:00,15,12416.11
15641,United Kingdom,False,2010-12-15 14:45:00,2011-08-26 14:04:00,4,1887.2
15643,United Kingdom,False,2011-03-02 14:34:00,2011-06-01 07:38:00,3,664.0
15644,United Kingdom,False,2011-03-23 15:37:00,2011-06-26 14:54:00,4,803.54
15645,United Kingdom,False,2011-11-21 11:55:00,2011-11-21 11:55:00,1,612.01
15646,United Kingdom,False,2010-12-02 16:59:00,2011-07-05 09:53:00,3,447.64
15648,United Kingdom,False,2011-03-17 18:59:00,2011-05-19 15:53:00,2,639.5
15649,United Kingdom,False,2010-12-07 10:06:00,2011-01-07 13:34:00,2,816.0
15651,United Kingdom,False,2011-03-24 08:56:00,2011-11-03 08:41:00,3,646.3
15652,United Kingdom,False,2011-09-09 14:22:00,2011-09-09 14:22:00,1,337.74
15653,United Kingdom,False,2011-08-16 09:50:00,2011-09-08 10:49:00,2,877.44
15654,United Kingdom,False,2011-11-13 15:15:00,2011-11-30 13:08:00,2,922.53
15655,United Kingdom,False,2011-04-10 15:25:00,2011-04-10 15:25:00,1,560.67
15656,United Kingdom,False,2011-02-28 15:32:00,2011-10-25 14:56:00,4,748.5
15657,United Kingdom,False,2011-11-17 12:19:00,2011-11-17 12:19:00,1,30.0
15658,United Kingdom,False,2010-12-02 10:53:00,2011-06-02 15:22:00,5,1024.1
15659,United Kingdom,False,2011-10-27 09:23:00,2011-10-27 09:23:00,1,306.45
15660,United Kingdom,False,2010-12-09 09:49:00,2011-11-14 16:58:00,9,1600.86
15661,United Kingdom,False,2011-01-05 12:32:00,2011-01-26 13:56:00,2,309.8
15663,United Kingdom,False,2011-08-25 15:50:00,2011-08-25 15:50:00,1,138.14
15664,United Kingdom,False,2011-10-20 10:57:00,2011-10-20 10:57:00,1,386.43
15665,United Kingdom,False,2011-04-10 15:09:00,2011-06-24 14:57:00,2,2222.21
15667,United Kingdom,False,2011-10-31 10:56:00,2011-10-31 10:56:00,1,301.32
15668,United Kingdom,False,2011-05-06 10:39:00,2011-05-06 10:39:00,1,76.32
15669,United Kingdom,False,2011-03-21 09:13:00,2011-10-30 16:03:00,4,684.34
15670,United Kingdom,False,2011-02-16 10:50:00,2011-02-16 10:50:00,1,173.05
15671,United Kingdom,False,2011-03-14 09:37:00,2011-11-21 12:43:00,7,2657.13
15673,United Kingdom,False,2011-01-16 16:25:00,2011-09-12 16:12:00,4,2726.23
15674,United Kingdom,False,2011-03-30 09:19:00,2011-09-27 15:17:00,5,2446.6
15675,United Kingdom,False,2011-03-04 14:21:00,2011-09-19 13:48:00,3,323.69
15676,United Kingdom,False,2011-03-01 10:19:00,2011-11-21 12:40:00,3,3435.76
15677,United Kingdom,False,2011-10-21 15:36:00,2011-10-21 15:36:00,1,657.23
15678,United Kingdom,False,2011-10-18 09:25:00,2011-10-18 09:25:00,1,352.7
15679,United Kingdom,False,2011-06-10 08:24:00,2011-11-15 16:19:00,4,781.28
15680,United Kingdom,False,2010-12-08 14:43:00,2011-11-30 13:46:00,3,1333.68
15681,United Kingdom,False,2011-03-04 13:46:00,2011-11-14 16:30:00,5,1426.16
15683,United Kingdom,False,2011-08-14 12:56:00,2011-08-14 12:56:00,1,193.75
15687,United Kingdom,False,2011-01-13 15:13:00,2011-12-01 08:33:00,9,2993.1
15689,United Kingdom,False,2010-12-13 09:57:00,2011-08-12 09:37:00,2,254.1
15690,United Kingdom,False,2011-08-31 11:40:00,2011-12-05 15:59:00,2,239.76
15691,United Kingdom,False,2011-04-01 15:13:00,2011-04-01 15:13:00,1,136.8
15692,United Kingdom,False,2011-11-11 14:12:00,2011-11-11 14:12:00,1,191.04
15694,United Kingdom,False,2010-12-02 07:49:00,2011-12-09 09:44:00,14,6479.4
15695,United Kingdom,False,2011-03-18 08:31:00,2011-03-18 08:32:00,2,409.98
15696,United Kingdom,False,2011-01-17 11:24:00,2011-11-06 14:02:00,8,2711.11
15699,United Kingdom,False,2011-11-22 08:26:00,2011-11-22 08:26:00,1,309.65
15700,United Kingdom,False,2011-06-19 15:36:00,2011-06-20 16:53:00,2,696.68
15701,United Kingdom,False,2011-08-21 12:36:00,2011-12-07 14:39:00,4,1529.0
15703,United Kingdom,False,2011-03-20 10:51:00,2011-03-20 10:51:00,1,211.5
15704,United Kingdom,False,2011-05-08 12:42:00,2011-07-22 13:35:00,4,2293.62
15705,United Kingdom,False,2011-05-22 15:37:00,2011-05-22 15:37:00,1,143.1
15706,United Kingdom,False,2011-08-15 14:32:00,2011-10-07 10:09:00,4,1060.56
15707,United Kingdom,False,2011-09-14 14:19:00,2011-11-04 14:35:00,4,916.98
15708,United Kingdom,False,2010-12-05 11:12:00,2011-10-30 10:54:00,7,3235.25
15709,United Kingdom,False,2011-03-01 10:38:00,2011-03-01 10:38:00,1,133.25
15712,United Kingdom,False,2011-02-25 11:32:00,2011-11-30 14:09:00,5,1072.36
15713,United Kingdom,False,2010-12-08 15:16:00,2011-07-19 13:34:00,2,356.7
15714,United Kingdom,False,2011-09-23 11:25:00,2011-11-28 11:26:00,2,330.03
15716,United Kingdom,False,2010-12-05 12:26:00,2011-07-17 11:59:00,4,1101.11
15717,United Kingdom,False,2011-04-19 13:21:00,2011-04-19 13:21:00,1,150.3
15719,United Kingdom,False,2011-01-06 12:31:00,2011-11-07 12:29:00,13,5030.07
15720,United Kingdom,False,2011-11-15 14:48:00,2011-11-15 14:48:00,1,598.73
15721,United Kingdom,False,2011-11-28 12:14:00,2011-11-28 12:14:00,1,471.4
15722,United Kingdom,False,2011-02-22 12:24:00,2011-11-04 11:43:00,5,2211.21
15723,United Kingdom,False,2010-12-10 11:12:00,2010-12-10 11:12:00,1,190.7
15724,United Kingdom,False,2011-02-28 10:40:00,2011-05-22 14:40:00,2,218.25
15725,United Kingdom,False,2011-11-24 14:51:00,2011-11-24 14:51:00,1,415.25
15727,United Kingdom,False,2010-12-15 15:47:00,2011-11-23 12:36:00,7,5159.06
15728,United Kingdom,False,,,0,0.0
15729,United Kingdom,False,2011-05-11 12:36:00,2011-05-11 12:36:00,1,85.0
15730,United Kingdom,False,2011-05-17 12:43:00,2011-10-05 12:31:00,3,1120.88
15732,United Kingdom,False,2010-12-02 15:00:00,2011-05-11 14:24:00,2,294.12
15733,United Kingdom,False,2011-03-02 09:05:00,2011-03-02 09:05:00,1,162.3
15734,United Kingdom,False,2011-05-23 14:59:00,2011-08-17 10:50:00,2,1339.45
15737,United Kingdom,False,2011-04-11 10:01:00,2011-11-25 11:21:00,8,1188.12
15738,United Kingdom,False,2010-12-02 12:50:00,2011-11-21 08:26:00,16,4812.42
15739,United Kingdom,False,2011-10-04 13:42:00,2011-10-04 13:42:00,1,449.12
15740,United Kingdom,False,2011-10-21 14:29:00,2011-10-21 14:29:00,1,154.88
15743,United Kingdom,False,2011-06-08 10:14:00,2011-11-23 17:19:00,4,775.96
15744,United Kingdom,False,2011-09-23 09:52:00,2011-09-23 09:52:00,1,34.8
15745,United Kingdom,False,2011-04-17 13:04:00,2011-11-20 13:45:00,4,1094.59
15746,United Kingdom,False,2011-07-28 15:21:00,2011-07-28 15:21:00,1,196.88
15747,United Kingdom,False,2011-06-20 11:30:00,2011-11-27 12:26:00,3,946.64
15748,United Kingdom,False,2011-10-30 12:51:00,2011-10-30 12:51:00,1,144.36
15749,United Kingdom,False,2011-01-11 12:55:00,2011-04-18 13:20:00,3,44534.3
15750,United Kingdom,False,2010-12-08 10:36:00,2011-12-07 12:34:00,8,2463.05
15752,United Kingdom,False,2010-12-02 09:43:00,2011-10-31 11:37:00,7,2626.6
15753,United Kingdom,False,2011-02-08 12:41:00,2011-02-08 12:41:00,1,79.2
15754,United Kingdom,False,2011-04-07 12:24:00,2011-10-19 14:40:00,3,458.57
15755,United Kingdom,False,2011-02-18 11:53:00,2011-11-29 14:57:00,6,2364.25
15756,United Kingdom,False,2011-04-04 14:00:00,2011-10-09 13:30:00,4,528.01
15757,United Kingdom,False,2011-05-06 11:40:00,2011-10-05 12:14:00,2,714.42
15758,United Kingdom,False,2011-11-15 10:48:00,2011-11-15 10:48:00,1,205.25
15759,United Kingdom,False,2010-12-16 15:29:00,2011-05-05 15:13:00,3,253.04
15762,United Kingdom,False,2011-09-23 15:17:00,2011-10-05 16:15:00,2,583.75
15763,United Kingdom,False,2011-09-23 12:10:00,2011-11-08 09:44:00,2,1086.92
15764,United Kingdom,False,2011-03-08 09:23:00,2011-09-12 17:58:00,6,3279.97
15766,United Kingdom,False,2011-10-06 17:03:00,2011-10-06 17:03:00,1,315.06
15768,United Kingdom,False,2011-04-28 09:20:00,2011-08-16 10:48:00,3,621.83
15769,United Kingdom,False,2010-12-03 15:16:00,2011-12-02 13:52:00,26,56252.72
15773,United Kingdom,False,2011-12-04 12:48:00,2011-12-04 12:48:00,1,635.68
15774,United Kingdom,False,2011-10-02 12:04:00,2011-10-02 12:04:00,1,270.8
15775,United Kingdom,False,2011-04-08 12:56:00,2011-04-08 12:56:00,1,104.9
15776,United Kingdom,False,2011-07-29 13:46:00,2011-07-29 13:46:00,1,241.62
15777,United Kingdom,False,2010-12-13 16:38:00,2011-04-12 16:43:00,4,1047.11
15780,United Kingdom,False,2010-12-17 11:43:00,2011-06-09 12:01:00,3,475.28
15781,United Kingdom,False,2011-02-07 09:15:00,2011-11-14 14:57:00,3,345.46
15782,United Kingdom,False,2011-09-11 14:29:00,2011-11-30 10:49:00,3,2614.74
15783,United Kingdom,False,2011-11-29 09:50:00,2011-11-29 09:50:00,1,246.3
15785,United Kingdom,False,2011-02-17 14:17:00,2011-11-07 11:33:00,5,2328.97
15786,United Kingdom,False,2011-08-17 13:33:00,2011-10-24 14:13:00,3,4919.0
15787,United Kingdom,False,2011-10-09 13:11:00,2011-11-13 14:55:00,3,933.26
15789,United Kingdom,False,2010-12-16 14:35:00,2010-12-16 14:35:00,1,351.3
15790,United Kingdom,False,2011-11-29 14:53:00,2011-11-29 14:53:00,1,218.75
15791,United Kingdom,False,2011-05-19 15:15:00,2011-10-27 10:14:00,2,1612.69
15793,United Kingdom,False,2011-03-16 10:45:00,2011-11-25 09:31:00,3,965.61
15795,United Kingdom,False,2011-07-13 10:43:00,2011-07-13 10:43:00,1,610.01
15796,United Kingdom,False,2011-02-10 15:40:00,2011-12-08 19:55:00,8,2708.61
15797,United Kingdom,False,2011-01-24 15:47:00,2011-08-18 17:04:00,4,2207.4
15799,United Kingdom,False,2011-01-09 15:13:00,2011-09-25 12:46:00,3,884.14
15800,United Kingdom,False,2011-04-07 12:39:00,2011-08-24 14:23:00,2,696.89
15801,United Kingdom,False,2011-08-22 09:53:00,2011-10-24 13:52:00,3,1063.95
15802,United Kingdom,False,2011-07-20 11:38:00,2011-07-20 11:38:00,1,451.42
15803,United Kingdom,False,2011-10-19 14:56:00,2011-10-19 14:56:00,1,415.82
15804,United Kingdom,False,2011-05-25 10:12:00,2011-12-09 12:31:00,13,4206.39
15805,United Kingdom,False,2010-12-10 09:33:00,2011-11-16 16:32:00,17,5488.18
15806,United Kingdom,False,2011-03-08 09:24:00,2011-10-24 14:35:00,3,784.58
15807,United Kingdom,False,2011-09-23 14:43:00,2011-10-20 14:10:00,3,903.9
15808,United Kingdom,False,2010-12-05 13:05:00,2011-02-06 14:33:00,4,3651.27
15809,United Kingdom,False,2011-02-10 11:16:00,2011-11-03 16:40:00,5,515.77
15810,United Kingdom,False,2011-02-16 09:11:00,2011-09-22 09:38:00,4,1391.98
15811,United Kingdom,False,2010-12-09 15:29:00,2011-11-17 15:31:00,6,2218.62
15812,United Kingdom,False,2011-01-26 12:12:00,2011-08-24 14:19:00,5,1801.14
15813,United Kingdom,False,2011-04-14 09:09:00,2011-05-16 08:13:00,2,1303.91
15814,United Kingdom,False,2011-10-20 09:04:00,2011-11-23 08:17:00,4,1945.33
15815,United Kingdom,False,2011-03-25 08:43:00,2011-10-07 12:42:00,5,2100.6
15819,United Kingdom,False,2011-03-08 09:45:00,2011-10-21 14:50:00,4,1905.45
15820,United Kingdom,False,2011-01-24 12:00:00,2011-01-24 12:00:00,1,206.98
15821,United Kingdom,False,2011-10-09 13:28:00,2011-10-26 15:48:00,2,570.96
15822,United Kingdom,False,2010-12-15 13:38:00,2011-12-06 14:50:00,2,885.47
15823,United Kingdom,False,2010-12-02 15:08:00,2010-12-02 15:08:00,1,15.0
15825,United Kingdom,False,2011-06-20 13:27:00,2011-06-20 13:27:00,1,532.94
15826,United Kingdom,False,2011-05-13 10:44:00,2011-10-14 16:05:00,3,1654.31
15827,United Kingdom,False,2010-12-02 13:06:00,2011-09-27 15:35:00,14,1836.09
15829,United Kingdom,False,2011-07-22 10:23:00,2011-09-01 16:45:00,2,636.14
15830,United Kingdom,False,2011-11-02 10:40:00,2011-11-02 10:40:00,1,576.0
15831,United Kingdom,False,2011-01-19 14:52:00,2011-10-12 13:14:00,3,794.64
15832,United Kingdom,False,2011-03-30 15:29:00,2011-03-30 15:29:00,1,836.79
15834,United Kingdom,False,2011-03-07 17:52:00,2011-09-30 14:41:00,4,2225.15
15835,United Kingdom,False,2011-01-13 10:35:00,2011-10-26 15:47:00,4,954.09
15836,United Kingdom,False,2011-10-20 17:13:00,2011-10-20 17:13:00,1,137.37
15837,United Kingdom,False,2011-10-06 09:01:00,2011-10-06 09:01:00,1,391.98
15838,United Kingdom,False,2010-12-07 11:26:00,2011-11-28 14:00:00,19,33643.08
15839,United Kingdom,False,2011-07-14 16:35:00,2011-11-06 13:54:00,3,1048.49
15840,United Kingdom,False,2011-06-20 11:42:00,2011-10-12 09:08:00,2,355.56
15841,United Kingdom,False,2011-01-05 11:25:00,2011-09-28 12:15:00,4,1224.06
15843,United Kingdom,False,2011-02-09 10:19:00,2011-02-09 10:19:00,1,118.95
15844,United Kingdom,False,2011-10-24 15:19:00,2011-10-24 15:19:00,1,130.74
15845,United Kingdom,False,2011-01-06 17:19:00,2011-11-22 09:42:00,8,3711.77
15847,United Kingdom,False,2011-02-24 16:46:00,2011-11-01 14:41:00,2,389.27
15850,United Kingdom,False,2011-06-24 14:16:00,2011-11-20 14:14:00,2,234.88
15852,United Kingdom,False,2011-05-26 13:26:00,2011-06-06 11:22:00,2,160.71
15853,United Kingdom,False,2011-10-19 10:38:00,2011-10-19 10:38:00,1,110.8
15854,United Kingdom,False,2010-12-13 11:47:00,2011-12-05 13:39:00,12,2969.12
15855,United Kingdom,False,2011-03-21 12:32:00,2011-07-26 10:20:00,5,712.24
15856,United Kingdom,False,2010-12-09 13:34:00,2011-12-05 17:09:00,27,16143.64
15857,United Kingdom,False,2011-11-21 12:18:00,2011-11-21 12:18:00,1,297.0
15858,United Kingdom,False,2010-12-07 14:31:00,2011-11-24 12:48:00,5,1427.57
15860,United Kingdom,False,2010-12-06 11:38:00,2011-10-30 11:25:00,8,965.16
15861,United Kingdom,False,2011-03-17 20:12:00,2011-11-27 15:59:00,8,3146.92
15862,United Kingdom,False,2010-12-01 11:21:00,2011-12-01 13:28:00,4,832.88
15863,United Kingdom,False,2011-05-31 11:36:00,2011-11-14 12:49:00,2,68.84
15864,United Kingdom,False,2011-01-27 16:43:00,2011-11-17 13:32:00,6,1936.32
15865,United Kingdom,False,2011-05-10 11:44:00,2011-10-30 12:43:00,3,895.13
15866,United Kingdom,False,2011-08-30 14:09:00,2011-08-30 14:09:00,1,211.89
15867,United Kingdom,False,2010-12-05 14:17:00,2011-12-04 13:32:00,15,3810.14
15869,United Kingdom,False,2011-03-07 17:19:00,2011-03-07 17:23:00,2,149.64
15870,United Kingdom,False,2011-11-07 10:58:00,2011-11-07 10:58:00,1,351.44
15872,United Kingdom,False,2011-11-25 11:54:00,2011-11-25 11:55:00,2,316.25
15874,United Kingdom,False,2011-02-28 13:28:00,2011-10-07 12:31:00,7,4405.88
15877,United Kingdom,False,2011-11-22 11:18:00,2011-12-08 11:53:00,2,490.33
15880,United Kingdom,False,2010-12-05 13:00:00,2010-12-05 13:00:00,1,329.03
15881,United Kingdom,False,2010-12-10 13:32:00,2011-01-31 16:59:00,5,501.39
15882,United Kingdom,False,2010-12-06 13:01:00,2011-05-25 11:35:00,4,516.36
15883,United Kingdom,False,2011-11-06 14:50:00,2011-12-07 17:05:00,2,396.48
15885,United Kingdom,False,2011-02-03 15:28:00,2011-09-08 10:43:00,3,379.35
15886,United Kingdom,False,2011-10-10 14:25:00,2011-10-10 14:25:00,1,181.09
15888,United Kingdom,False,2011-09-20 12:30:00,2011-09-20 12:30:00,1,168.31
15889,United Kingdom,False,2010-12-05 15:12:00,2011-07-06 11:10:00,2,420.07
15891,United Kingdom,False,2011-04-27 12:35:00,2011-04-27 12:35:00,1,511.68
15894,United Kingdom,False,2010-12-05 14:06:00,2011-03-31 13:50:00,2,258.25
15895,United Kingdom,False,2011-07-13 10:27:00,2011-07-13 10:27:00,1,179.17
15897,United Kingdom,False,2011-05-29 13:32:00,2011-05-29 13:50:00,2,208.59
15898,United Kingdom,False,2010-12-06 11:01:00,2011-12-08 15:23:00,5,1383.83
15899,United Kingdom,False,2010-12-06 10:36:00,2010-12-06 10:36:00,1,56.25
15900,United Kingdom,False,2011-11-16 12:19:00,2011-11-16 12:19:00,1,337.28
15901,United Kingdom,False,2011-07-08 12:18:00,2011-11-23 12:43:00,3,351.73
15903,United Kingdom,False,2011-02-17 14:04:00,2011-11-30 08:08:00,7,5126.76
15904,United Kingdom,False,2011-12-01 14:50:00,2011-12-01 14:50:00,1,164.68
15906,United Kingdom,False,2011-03-29 13:28:00,2011-11-20 12:24:00,7,1567.69
15907,United Kingdom,False,2011-05-13 13:01:00,2011-12-06 12:21:00,3,882.72
15909,United Kingdom,False,2011-06-19 10:38:00,2011-06-19 10:38:00,1,191.94
15910,United Kingdom,False,2011-01-27 11:55:00,2011-12-09 10:51:00,8,1228.88
15912,United Kingdom,False,2011-04-20 17:10:00,2011-06-14 14:29:00,2,264.62
15916,United Kingdom,False,2010-12-08 13:07:00,2011-11-23 13:46:00,8,1502.86
15917,United Kingdom,False,2011-04-06 10:40:00,2011-04-06 10:40:00,1,123.1
15918,United Kingdom,False,2011-03-13 15:55:00,2011-06-02 11:42:00,2,334.23
15919,United Kingdom,False,2010-12-06 11:26:00,2011-11-20 11:28:00,2,525.69
15920,United Kingdom,False,2011-07-08 15:16:00,2011-07-08 15:31:00,4,167.5
15921,United Kingdom,False,2011-06-20 11:03:00,2011-06-20 11:03:00,1,323.03
15922,United Kingdom,False,2010-12-01 13:51:00,2010-12-01 13:51:00,1,369.5
15923,United Kingdom,False,2010-12-02 12:16:00,2010-12-02 12:16:00,1,127.08
15925,United Kingdom,False,2011-05-29 15:35:00,2011-05-29 15:35:00,1,207.15
15930,United Kingdom,False,2011-10-03 14:52:00,2011-10-03 14:52:00,1,426.63
15932,United Kingdom,False,2011-02-23 14:50:00,2011-12-05 17:13:00,8,2495.87
15933,United Kingdom,False,2011-09-14 12:05:00,2011-11-18 13:14:00,3,1107.46
15935,United Kingdom,False,2011-04-12 09:35:00,2011-04-14 13:27:00,2,416.86
15937,United Kingdom,False,2011-10-06 15:48:00,2011-10-06 15:48:00,1,145.35
15938,United Kingdom,False,2011-01-20 10:11:00,2011-08-19 12:56:00,5,404.58
15939,United Kingdom,False,2011-01-12 12:43:00,2011-09-11 11:30:00,15,6115.01
15940,United Kingdom,False,2011-02-01 16:18:00,2011-02-01 16:18:00,1,35.8
15942,United Kingdom,False,2011-07-29 09:01:00,2011-07-29 09:01:00,1,337.44
15944,United Kingdom,False,2011-03-08 10:33:00,2011-03-08 10:33:00,1,325.1
15945,United Kingdom,False,2010-12-09 13:14:00,2010-12-09 13:14:00,1,181.0
15947,United Kingdom,False,2011-09-18 10:46:00,2011-09-18 10:46:00,1,1708.24
15948,United Kingdom,False,2011-10-27 08:35:00,2011-12-01 15:32:00,2,955.24
15949,United Kingdom,False,2011-09-29 17:34:00,2011-11-23 09:09:00,2,364.72
15950,United Kingdom,False,2010-12-15 11:56:00,2011-11-08 11:09:00,4,1744.71
15951,United Kingdom,False,2011-02-27 11:57:00,2011-12-01 08:34:00,2,708.22
15952,United Kingdom,False,2011-04-28 12:55:00,2011-11-06 11:18:00,4,781.91
15953,United Kingdom,False,2010-12-05 15:15:00,2011-11-24 15:32:00,8,1657.28
15955,United Kingdom,False,2010-12-02 11:22:00,2011-11-15 14:15:00,14,4416.26
15957,United Kingdom,False,2011-11-08 12:14:00,2011-11-08 12:14:00,1,428.89
15958,United Kingdom,False,2011-09-26 13:41:00,2011-09-26 13:41:00,1,104.35
15963,United Kingdom,False,2011-10-25 13:05:00,2011-11-20 11:33:00,2,470.76
15965,United Kingdom,False,2010-12-07 13:18:00,2011-11-22 16:44:00,4,808.87
15967,United Kingdom,False,2011-01-25 11:57:00,2011-11-16 15:41:00,2,397.68
15969,United Kingdom,False,2011-06-07 12:19:00,2011-12-07 11:06:00,3,666.1
15970,United Kingdom,False,2011-02-09 12:08:00,2011-02-09 12:08:00,1,314.1
15971,United Kingdom,False,2011-02-01 16:47:00,2011-11-22 12:50:00,12,4199.85
15973,United Kingdom,False,2010-12-08 11:42:00,2010-12-08 11:42:00,1,307.82
15974,United Kingdom,False,2011-02-24 10:10:00,2011-10-31 13:13:00,7,3442.15
15975,United Kingdom,False,2011-09-16 13:33:00,2011-09-16 13:33:00,1,371.01
15976,United Kingdom,False,2011-05-03 17:12:00,2011-06-27 13:00:00,2,427.64
15977,United Kingdom,False,2011-10-31 16:24:00,2011-11-22 13:29:00,2,1054.73
15978,United Kingdom,False,2011-09-23 15:21:00,2011-09-23 15:21:00,1,1098.78
15980,United Kingdom,False,2011-03-30 15:05:00,2011-09-12 09:41:00,3,2398.86
15981,United Kingdom,False,2011-02-01 13:50:00,2011-11-15 08:00:00,8,3408.48
15983,United Kingdom,False,2010-12-01 12:15:00,2011-11-17 17:34:00,4,1465.12
15984,United Kingdom,False,2010-12-06 13:21:00,2011-12-07 12:16:00,10,2780.63
15985,United Kingdom,False,2011-04-17 11:04:00,2011-08-08 16:31:00,2,1142.42
15986,United Kingdom,False,2011-11-09 15:17:00,2011-11-09 15:17:00,1,168.12
15987,United Kingdom,False,2010-12-06 08:34:00,2011-11-27 15:38:00,7,1432.77
15988,United Kingdom,False,2011-11-20 13:23:00,2011-11-20 13:23:00,1,156.78
15990,United Kingdom,False,2011-02-25 15:35:00,2011-10-26 15:58:00,2,792.11
15992,United Kingdom,False,2011-12-06 11:00:00,2011-12-06 11:00:00,1,41.99
15993,United Kingdom,False,2011-10-26 16:21:00,2011-12-01 10:45:00,7,2777.67
15994,United Kingdom,False,2011-10-16 12:28:00,2011-10-16 12:28:00,1,414.27
15996,United Kingdom,False,2010-12-08 15:59:00,2011-09-12 15:14:00,6,1032.58
15998,United Kingdom,False,2010-12-12 13:32:00,2011-11-03 12:45:00,5,3080.22
16000,United Kingdom,False,2011-12-07 12:14:00,2011-12-07 12:17:00,3,12393.7
16003,United Kingdom,False,2010-12-15 12:09:00,2011-11-10 09:57:00,5,2735.37
16005,United Kingdom,False,2011-03-14 11:46:00,2011-11-27 13:47:00,4,578.71
16006,United Kingdom,False,2011-05-12 13:12:00,2011-05-12 13:12:00,1,101.4
16007,United Kingdom,False,2011-05-08 13:32:00,2011-10-23 11:05:00,4,1693.81
16008,United Kingdom,False,2011-05-19 10:54:00,2011-11-16 10:32:00,3,478.78
16009,United Kingdom,False,2011-07-03 11:26:00,2011-11-17 16:51:00,4,972.11
16010,United Kingdom,False,2010-12-12 12:18:00,2011-04-08 10:14:00,3,392.4
16011,United Kingdom,False,2010-12-08 16:34:00,2011-12-01 16:31:00,16,3352.96
16012,United Kingdom,False,2011-07-07 18:02:00,2011-11-04 13:25:00,3,1415.29
16013,United Kingdom,False,2010-12-03 13:09:00,2011-12-06 10:36:00,47,37130.6
16014,United Kingdom,False,2011-02-21 17:42:00,2011-11-02 12:04:00,3,646.83
16015,United Kingdom,False,2011-10-21 12:56:00,2011-12-06 10:58:00,3,704.55
16016,United Kingdom,False,2010-12-08 12:36:00,2011-12-06 14:35:00,8,1465.51
16017,United Kingdom,False,2011-10-23 12:56:00,2011-10-23 12:56:00,1,211.88
16018,United Kingdom,False,2011-06-12 13:52:00,2011-10-31 14:13:00,2,408.9
16019,United Kingdom,False,2010-12-10 12:29:00,2011-10-24 11:51:00,9,3786.24
16020,United Kingdom,False,2011-10-05 13:54:00,2011-11-23 11:18:00,3,851.01
16022,United Kingdom,False,2011-03-24 13:16:00,2011-03-24 13:16:00,1,602.63
16023,United Kingdom,False,2011-03-18 13:32:00,2011-10-24 16:34:00,3,719.81
16024,United Kingdom,False,2011-11-27 13:26:00,2011-11-27 13:26:00,1,251.03
16025,United Kingdom,False,2011-11-10 11:45:00,2011-11-10 11:45:00,1,439.66
16026,United Kingdom,False,2011-10-27 13:53:00,2011-10-27 13:53:00,1,236.09
16027,United Kingdom,False,2011-02-10 12:19:00,2011-09-09 10:47:00,6,934.62
16029,United Kingdom,False,2010-12-01 09:57:00,2011-11-01 10:27:00,63,80850.84
16030,United Kingdom,False,2011-02-03 11:28:00,2011-02-03 11:28:00,1,331.24
16031,United Kingdom,False,2011-04-06 14:23:00,2011-09-08 13:07:00,2,547.9
16033,United Kingdom,False,2010-12-05 10:36:00,2011-12-04 12:44:00,20,8778.82
16034,United Kingdom,False,2011-01-11 11:54:00,2011-05-27 16:17:00,3,437.7
16036,United Kingdom,False,2011-03-21 13:01:00,2011-09-13 14:53:00,2,758.92
16037,United Kingdom,False,2010-12-16 10:18:00,2011-03-15 09:13:00,3,855.02
16038,United Kingdom,False,2011-05-22 11:29:00,2011-12-02 12:40:00,3,471.78
16040,United Kingdom,False,2011-03-16 09:58:00,2011-10-05 13:47:00,3,1313.55
16041,United Kingdom,False,2011-07-21 16:27:00,2011-11-09 12:25:00,3,3166.4
16042,United Kingdom,False,2011-01-11 13:25:00,2011-11-17 17:50:00,5,1177.47
16043,United Kingdom,False,2011-01-26 11:14:00,2011-11-02 12:50:00,4,773.99
16045,United Kingdom,False,2011-02-22 14:55:00,2011-08-12 12:41:00,4,1340.7
16048,United Kingdom,False,2010-12-01 15:27:00,2010-12-01 15:28:00,2,256.44
16049,United Kingdom,False,2011-09-25 14:33:00,2011-10-30 13:19:00,3,1074.81
16050,United Kingdom,False,2011-06-19 11:44:00,2011-06-19 11:44:00,1,137.9
16052,United Kingdom,False,2011-10-16 15:13:00,2011-10-16 15:13:00,1,362.06
16053,United Kingdom,False,2011-08-09 14:57:00,2011-11-07 11:21:00,2,1511.95
16054,United Kingdom,False,2011-07-17 13:08:00,2011-07-17 13:08:00,1,783.9
16055,United Kingdom,False,2011-05-03 09:26:00,2011-05-03 09:26:00,1,134.8
16056,United Kingdom,False,2011-10-25 15:19:00,2011-10-25 15:19:00,1,650.75
16057,United Kingdom,False,2011-02-28 10:35:00,2011-11-23 15:23:00,7,2263.12
16059,United Kingdom,False,2010-12-07 10:36:00,2011-10-05 09:56:00,6,1453.16
16061,United Kingdom,False,,,0,0.0
16062,United Kingdom,False,2010-12-10 12:00:00,2011-11-30 12:15:00,4,1153.62
16063,United Kingdom,False,2011-03-24 14:55:00,2011-03-24 14:56:00,1,335.32
16065,United Kingdom,False,2010-12-09 13:03:00,2010-12-09 13:03:00,1,367.14
16066,United Kingdom,False,2011-08-07 14:33:00,2011-11-23 11:54:00,5,1521.04
16070,United Kingdom,False,2011-11-07 16:36:00,2011-11-17 15:50:00,2,852.15
16071,United Kingdom,False,2011-10-26 11:14:00,2011-10-26 11:14:00,1,326.24
16072,United Kingdom,False,2011-02-24 14:32:00,2011-02-24 14:32:00,1,584.32
16073,United Kingdom,False,2011-02-15 15:41:00,2011-02-15 15:41:00,1,122.4
16076,United Kingdom,False,2011-05-15 12:31:00,2011-12-06 14:59:00,10,2234.73
16078,United Kingdom,False,2011-03-01 09:47:00,2011-03-01 09:47:00,1,79.2
16079,United Kingdom,False,2011-10-30 13:06:00,2011-11-23 12:48:00,3,1352.0
16080,United Kingdom,False,2011-03-10 14:44:00,2011-09-19 10:42:00,2,217.16
16081,United Kingdom,False,2010-12-08 11:16:00,2011-10-14 13:06:00,5,2799.42
16083,United Kingdom,False,2010-12-14 11:51:00,2011-08-31 10:47:00,2,1317.62
16084,United Kingdom,False,2011-02-13 16:05:00,2011-02-13 16:05:00,1,436.18
16085,United Kingdom,False,2011-01-23 12:07:00,2011-11-16 13:24:00,5,981.51
16086,United Kingdom,False,2010-12-07 13:45:00,2011-10-11 13:09:00,5,1121.39
16091,United Kingdom,False,2011-05-25 09:18:00,2011-07-08 08:45:00,2,315.06
16092,United Kingdom,False,2011-03-30 15:38:00,2011-08-17 10:46:00,3,817.86
16093,United Kingdom,False,2011-08-25 11:09:00,2011-08-25 11:09:00,1,17.0
16094,United Kingdom,False,2011-05-04 13:57:00,2011-11-28 12:45:00,4,1078.23
16096,United Kingdom,False,2011-03-20 13:38:00,2011-03-20 13:38:00,1,320.62
16097,United Kingdom,False,2011-04-13 13:47:00,2011-04-13 13:47:00,1,185.05
16098,United Kingdom,False,2010-12-01 09:45:00,2011-09-13 09:59:00,7,2005.63
16099,United Kingdom,False,2011-04-28 08:34:00,2011-10-20 13:13:00,3,731.9
16101,United Kingdom,False,2011-09-30 10:18:00,2011-09-30 10:18:00,1,1290.7
16102,United Kingdom,False,2011-08-03 12:50:00,2011-10-28 13:19:00,3,1842.14
16103,United Kingdom,False,2011-04-20 12:28:00,2011-12-02 14:16:00,6,1429.64
16104,United Kingdom,False,2011-10-09 10:23:00,2011-10-09 10:23:00,1,298.21
16105,United Kingdom,False,2011-04-05 10:13:00,2011-04-05 10:13:00,1,336.96
16106,United Kingdom,False,2011-10-05 10:37:00,2011-10-05 10:37:00,1,108.38
16107,United Kingdom,False,2011-06-09 18:42:00,2011-11-22 09:40:00,7,3204.16
16108,United Kingdom,False,2011-09-16 11:48:00,2011-09-16 11:48:00,1,842.5
16109,United Kingdom,False,2011-02-04 12:37:00,2011-05-05 09:17:00,2,611.88
16110,United Kingdom,False,2011-02-01 14:01:00,2011-10-25 14:35:00,3,1320.95
16112,United Kingdom,False,2011-01-05 11:47:00,2011-07-19 14:28:00,4,195.74
16113,United Kingdom,False,2011-06-09 16:16:00,2011-06-09 16:16:00,1,161.38
16114,United Kingdom,False,2011-06-22 10:13:00,2011-06-22 10:13:00,1,135.75
16115,United Kingdom,False,2011-02-20 12:14:00,2011-11-30 11:32:00,8,1660.88
16116,United Kingdom,False,2011-05-12 12:01:00,2011-05-12 12:01:00,1,612.78
16117,United Kingdom,False,2011-06-03 11:42:00,2011-06-03 11:42:00,1,232.21
16119,United Kingdom,False,2011-09-28 10:15:00,2011-12-01 15:11:00,2,423.36
16120,United Kingdom,False,2011-10-11 14:10:00,2011-10-11 14:22:00,4,1309.14
16121,United Kingdom,False,2011-05-08 11:52:00,2011-10-13 12:59:00,2,854.66
16122,United Kingdom,False,2010-12-08 11:41:00,2011-09-27 15:34:00,4,684.42
16123,United Kingdom,False,2011-10-19 09:18:00,2011-10-19 09:18:00,1,307.78
16124,United Kingdom,False,2011-01-26 14:45:00,2011-01-26 14:45:00,1,249.0
16125,United Kingdom,False,2010-12-07 15:48:00,2010-12-07 15:48:00,1,289.35
16126,United Kingdom,False,2011-02-16 11:18:00,2011-11-10 16:03:00,4,6287.77
16127,United Kingdom,False,2011-10-31 13:58:00,2011-10-31 13:58:00,1,656.25
16128,United Kingdom,False,2011-03-02 12:21:00,2011-11-22 11:14:00,5,1880.22
16131,United Kingdom,False,2011-04-14 08:32:00,2011-10-19 11:53:00,6,3506.54
16133,United Kingdom,False,2011-01-25 15:55:00,2011-12-06 11:24:00,33,14589.04
16134,United Kingdom,False,2010-12-15 14:00:00,2011-11-18 10:05:00,2,618.09
16135,United Kingdom,False,2011-03-22 12:30:00,2011-03-22 12:30:00,1,517.55
16136,United Kingdom,False,2011-03-07 09:52:00,2011-10-11 09:10:00,3,709.38
16138,United Kingdom,False,,,0,0.0
16139,United Kingdom,False,2011-05-17 10:23:00,2011-11-21 08:37:00,3,635.41
16140,United Kingdom,False,2010-12-03 14:40:00,2011-10-05 12:15:00,2,725.18
16141,United Kingdom,False,2011-09-12 13:11:00,2011-09-12 13:11:00,1,620.4
16142,United Kingdom,False,2011-04-04 10:16:00,2011-04-04 10:16:00,1,535.34
16143,United Kingdom,False,2010-12-05 15:18:00,2011-12-06 14:13:00,6,2424.94
16144,United Kingdom,False,2011-04-07 10:09:00,2011-04-07 10:09:00,1,175.2
16145,United Kingdom,False,2010-12-15 09:09:00,2011-12-01 10:33:00,11,3799.49
16146,United Kingdom,False,2011-04-21 15:25:00,2011-07-05 14:20:00,3,734.13
16147,United Kingdom,False,2011-07-29 09:57:00,2011-07-29 09:57:00,1,375.0
16148,United Kingdom,False,2011-02-16 14:01:00,2011-02-16 14:01:00,1,76.32
16149,United Kingdom,False,2011-07-20 14:54:00,2011-12-05 11:29:00,2,280.52
16150,United Kingdom,False,2010-12-02 18:27:00,2011-10-28 12:39:00,5,2053.02
16152,United Kingdom,False,2011-03-16 09:47:00,2011-03-16 09:47:00,1,1829.04
16153,United Kingdom,False,2010-12-20 09:22:00,2011-10-21 10:50:00,5,1824.23
16156,United Kingdom,False,2011-02-02 12:02:00,2011-12-01 12:42:00,9,3092.04
16157,United Kingdom,False,2011-09-28 11:48:00,2011-11-24 11:41:00,3,656.69
16159,United Kingdom,False,2011-03-03 12:27:00,2011-03-03 12:27:00,1,348.2
16160,United Kingdom,False,2011-09-15 10:53:00,2011-10-05 14:19:00,2,1025.44
16161,United Kingdom,False,2010-12-06 10:03:00,2011-12-08 12:10:00,19,5533.67
16162,United Kingdom,False,2011-04-01 15:03:00,2011-04-01 15:03:00,1,37.4
16163,United Kingdom,False,2010-12-09 16:28:00,2011-04-21 15:15:00,2,856.6
16164,United Kingdom,False,2011-10-28 09:12:00,2011-11-22 15:04:00,3,822.48
16168,United Kingdom,False,2010-12-05 11:38:00,2011-11-29 12:45:00,27,3787.6
16169,United Kingdom,False,2011-09-25 11:33:00,2011-12-01 15:28:00,4,1822.97
16170,United Kingdom,False,2011-04-05 13:42:00,2011-10-20 08:21:00,6,1885.05
16171,United Kingdom,False,2011-10-11 14:51:00,2011-10-11 14:51:00,1,73.2
16172,United Kingdom,False,2011-04-12 12:02:00,2011-09-05 13:22:00,5,1140.21
16173,United Kingdom,False,2011-09-02 15:23:00,2011-11-24 10:53:00,6,1418.32
16174,United Kingdom,False,2011-07-11 09:23:00,2011-08-05 13:26:00,3,1009.55
16175,United Kingdom,False,2011-04-13 14:38:00,2011-09-06 14:32:00,4,1037.59
16177,United Kingdom,False,2011-10-20 12:57:00,2011-10-20 12:57:00,1,331.95
16178,United Kingdom,False,2011-07-24 16:05:00,2011-07-24 16:05:00,1,197.9
16179,United Kingdom,False,2011-10-10 09:41:00,2011-10-10 09:41:00,1,215.83
16180,United Kingdom,False,2011-04-01 10:23:00,2011-08-31 16:28:00,8,10254.18
16181,United Kingdom,False,2011-09-27 13:38:00,2011-09-27 13:38:00,1,305.54
16182,United Kingdom,False,2011-02-18 10:11:00,2011-09-28 13:23:00,4,6617.65
16183,United Kingdom,False,2011-10-03 14:59:00,2011-10-03 14:59:00,1,338.71
16184,United Kingdom,False,2011-05-12 13:33:00,2011-10-06 17:43:00,6,1158.79
16185,United Kingdom,False,2011-04-21 11:59:00,2011-11-23 09:41:00,2,529.41
16186,United Kingdom,False,2010-12-02 14:40:00,2011-11-17 12:43:00,12,4006.94
16187,United Kingdom,False,2011-02-28 13:34:00,2011-11-08 09:50:00,15,6911.44
16188,United Kingdom,False,2011-04-11 09:44:00,2011-10-26 12:19:00,4,981.86
16189,United Kingdom,False,2011-09-15 15:21:00,2011-11-24 11:47:00,2,215.48
16190,United Kingdom,False,2011-10-30 15:59:00,2011-10-30 15:59:00,1,215.08
16191,United Kingdom,False,2010-12-14 12:38:00,2011-12-07 11:26:00,13,5180.52
16193,United Kingdom,False,2011-04-17 11:45:00,2011-04-17 11:45:00,1,314.45
16198,United Kingdom,False,2011-09-25 14:58:00,2011-09-25 14:58:00,1,400.68
16200,United Kingdom,False,2011-06-28 15:47:00,2011-12-05 14:40:00,2,1068.87
16201,United Kingdom,False,2011-08-22 10:47:00,2011-12-06 16:02:00,4,1863.47
16202,United Kingdom,False,2010-12-14 10:43:00,2010-12-14 10:43:00,1,365.27
16203,United Kingdom,False,2010-12-02 15:39:00,2011-10-12 12:31:00,4,592.9
16204,United Kingdom,False,2011-11-16 13:40:00,2011-11-16 13:40:00,1,384.18
16205,United Kingdom,False,2011-06-13 11:33:00,2011-11-09 09:32:00,4,757.63
16206,United Kingdom,False,2011-01-16 11:07:00,2011-10-16 10:41:00,4,537.06
16207,United Kingdom,False,2011-11-14 13:51:00,2011-11-14 13:51:00,1,394.38
16208,United Kingdom,False,2011-02-23 13:37:00,2011-10-26 11:36:00,2,664.26
16209,United Kingdom,False,2011-04-07 12:23:00,2011-09-12 11:58:00,5,2262.62
16210,United Kingdom,False,2010-12-01 12:27:00,2011-12-08 12:36:00,18,21086.3
16211,United Kingdom,False,2011-09-12 12:11:00,2011-09-12 12:11:00,1,547.02
16212,United Kingdom,False,2011-03-01 12:51:00,2011-11-20 13:00:00,2,690.34
16213,United Kingdom,False,2011-09-22 10:03:00,2011-09-22 10:03:00,1,159.0
16214,United Kingdom,False,2011-03-15 13:23:00,2011-06-22 11:30:00,3,1062.75
16215,United Kingdom,False,2011-09-20 10:18:00,2011-09-20 10:18:00,1,242.35
16216,United Kingdom,False,2011-03-17 15:34:00,2011-03-17 15:34:00,1,914.93
16217,United Kingdom,False,2011-03-02 15:28:00,2011-04-18 13:31:00,2,304.25
16218,United Kingdom,False,2010-12-01 11:29:00,2011-11-10 09:59:00,7,3084.68
16221,United Kingdom,False,2010-12-07 13:13:00,2011-11-03 11:43:00,3,860.86
16222,United Kingdom,False,2011-01-25 13:38:00,2011-01-25 13:38:00,1,773.55
16224,United Kingdom,False,2011-04-04 12:00:00,2011-10-13 17:51:00,4,1295.3
16225,United Kingdom,False,2011-03-07 12:17:00,2011-10-26 08:30:00,5,1096.32
16226,United Kingdom,False,2011-04-18 12:58:00,2011-05-20 14:41:00,3,255.12
16227,United Kingdom,False,2011-04-28 13:33:00,2011-04-28 13:33:00,1,314.22
16229,United Kingdom,False,2011-05-11 10:18:00,2011-09-13 17:16:00,2,1010.6
16230,United Kingdom,False,2011-05-03 15:12:00,2011-06-03 10:06:00,2,542.03
16232,United Kingdom,False,2011-05-08 14:05:00,2011-10-27 12:16:00,4,990.88
16233,United Kingdom,False,2010-12-08 12:51:00,2011-09-29 17:27:00,3,536.68
16235,United Kingdom,False,2011-01-11 15:42:00,2011-10-30 10:56:00,5,867.31
16236,United Kingdom,False,2011-09-22 14:10:00,2011-09-22 14:10:00,1,432.2
16239,United Kingdom,False,2011-06-03 09:30:00,2011-10-14 08:29:00,2,414.2
16240,United Kingdom,False,2011-09-23 13:44:00,2011-11-15 14:30:00,2,3718.8
16241,United Kingdom,False,2010-12-05 11:04:00,2011-11-30 11:08:00,13,2590.31
16242,United Kingdom,False,2011-03-07 17:04:00,2011-12-01 15:12:00,7,3579.86
16243,United Kingdom,False,2011-10-16 12:09:00,2011-11-06 12:32:00,2,409.1
16244,United Kingdom,False,2010-12-02 11:41:00,2011-05-12 10:18:00,2,1522.75
16245,United Kingdom,False,2011-03-28 09:30:00,2011-11-16 10:14:00,3,1413.66
16247,United Kingdom,False,2011-06-22 14:23:00,2011-06-22 14:23:00,1,114.56
16248,United Kingdom,False,2011-10-09 11:32:00,2011-10-09 11:32:00,1,152.94
16249,United Kingdom,False,2011-04-14 13:50:00,2011-10-18 10:07:00,5,1800.07
16250,United Kingdom,False,2010-12-01 09:59:00,2011-03-23 15:07:00,2,389.44
16252,United Kingdom,False,,,0,0.0
16253,United Kingdom,False,2011-03-29 13:33:00,2011-10-04 09:09:00,2,3683.86
16255,United Kingdom,False,2010-12-09 14:25:00,2011-11-23 12:40:00,8,2619.91
16256,United Kingdom,False,2011-03-18 12:18:00,2011-03-18 12:18:00,1,752.43
16257,United Kingdom,False,2011-06-16 10:11:00,2011-06-16 10:11:00,1,46.95
16258,United Kingdom,False,2011-05-04 14:33:00,2011-10-25 13:30:00,5,5203.51
16260,United Kingdom,False,2011-10-20 09:40:00,2011-10-20 09:40:00,1,1035.45
16261,United Kingdom,False,2011-04-07 19:05:00,2011-11-22 17:23:00,4,728.54
16262,United Kingdom,False,,,0,0.0
16265,United Kingdom,False,2010-12-10 10:21:00,2011-11-30 16:41:00,9,5447.0
16266,United Kingdom,False,2011-05-17 14:50:00,2011-09-27 12:08:00,7,861.89
16268,United Kingdom,False,2011-09-29 18:30:00,2011-09-29 18:30:00,2,667.65
16270,United Kingdom,False,2010-12-21 14:26:00,2010-12-21 14:26:00,1,1141.24
16271,United Kingdom,False,2010-12-16 16:36:00,2011-12-07 12:45:00,5,1404.64
16272,United Kingdom,False,2011-08-15 10:53:00,2011-08-15 10:54:00,1,411.7
16274,United Kingdom,False,2010-12-01 15:35:00,2010-12-01 15:35:00,1,351.75
16275,United Kingdom,False,2011-05-27 12:41:00,2011-05-27 12:41:00,1,559.87
16276,United Kingdom,False,2011-06-16 09:34:00,2011-06-16 09:34:00,1,810.6
16278,United Kingdom,False,2011-08-31 17:12:00,2011-08-31 17:12:00,1,566.38
16279,United Kingdom,False,2011-06-16 11:50:00,2011-11-18 15:00:00,3,1502.78
16281,United Kingdom,False,2011-09-28 14:57:00,2011-09-28 14:57:00,1,2062.06
16282,United Kingdom,False,2011-01-04 11:42:00,2011-01-04 11:42:00,1,168.3
16283,United Kingdom,False,2011-05-15 13:37:00,2011-12-04 12:08:00,5,1570.81
16284,United Kingdom,False,2011-10-20 13:54:00,2011-11-08 16:12:00,2,812.68
16287,United Kingdom,False,2011-06-23 09:08:00,2011-06-23 09:08:00,1,142.5
16292,United Kingdom,False,2011-08-10 12:24:00,2011-08-10 12:24:00,1,302.25
16293,United Kingdom,False,2010-12-07 15:02:00,2011-11-18 09:58:00,10,2248.99
16295,United Kingdom,False,2011-10-06 10:45:00,2011-11-30 08:17:00,4,1328.55
16297,United Kingdom,False,2011-03-16 08:29:00,2011-03-16 08:29:00,1,301.9
16298,United Kingdom,False,2011-06-06 10:06:00,2011-11-17 11:59:00,3,598.2
16302,United Kingdom,False,2011-08-05 09:44:00,2011-08-05 09:44:00,1,233.22
16303,United Kingdom,False,2011-01-10 14:16:00,2011-11-14 10:49:00,3,5360.63
16305,United Kingdom,False,2011-07-24 12:18:00,2011-07-24 12:18:00,1,361.22
16306,United Kingdom,False,2010-12-07 15:18:00,2011-05-10 12:12:00,6,632.27
16308,United Kingdom,False,2011-03-23 14:46:00,2011-11-02 11:24:00,4,2560.0
16309,United Kingdom,False,2011-04-13 11:46:00,2011-08-25 15:35:00,2,706.57
16311,United Kingdom,False,2011-10-21 13:13:00,2011-11-22 08:54:00,2,616.26
16313,United Kingdom,False,2011-10-21 09:04:00,2011-12-06 13:02:00,2,274.15
16315,United Kingdom,False,2011-01-13 11:57:00,2011-01-13 11:57:00,1,226.37
16316,United Kingdom,False,2010-12-16 14:26:00,2011-10-06 13:48:00,8,2938.91
16317,United Kingdom,False,2011-02-15 14:30:00,2011-08-12 12:46:00,3,1341.65
16318,United Kingdom,False,2011-11-04 13:05:00,2011-11-04 13:05:00,1,328.15
16319,United Kingdom,False,2011-05-06 11:27:00,2011-05-06 11:27:00,1,404.4
16320,Unspecified,False,2011-05-10 15:31:00,2011-06-20 15:25:00,2,1038.46
16321,Australia,False,2011-01-20 12:11:00,2011-09-28 14:55:00,5,373.65
16322,United Kingdom,False,2011-11-03 14:33:00,2011-12-08 15:41:00,2,326.75
16323,United Kingdom,False,2011-05-27 14:48:00,2011-05-27 14:48:00,1,207.5
16324,United Kingdom,False,2011-06-15 14:26:00,2011-08-03 12:58:00,3,408.59
16325,United Kingdom,False,2011-04-08 09:20:00,2011-10-24 08:48:00,3,594.24
16326,United Kingdom,False,2011-01-09 12:01:00,2011-12-04 10:11:00,14,3039.22
16327,United Kingdom,False,2010-12-05 12:43:00,2011-11-25 13:23:00,6,3820.27
16330,United Kingdom,False,2011-08-19 17:08:00,2011-11-22 12:24:00,3,251.91
16332,United Kingdom,False,2011-02-07 14:16:00,2011-11-11 14:22:00,7,1582.8
16333,United Kingdom,False,2011-02-03 10:50:00,2011-12-02 12:19:00,22,26626.8
16337,United Kingdom,False,2011-11-03 10:03:00,2011-11-03 10:03:00,1,151.05
16338,United Kingdom,False,2011-07-05 13:56:00,2011-07-05 13:56:00,1,214.8
16339,United Kingdom,False,2011-02-28 13:41:00,2011-02-28 13:41:00,1,94.05
16340,United Kingdom,False,2011-08-24 14:53:00,2011-08-24 14:53:00,1,534.31
16341,United Kingdom,False,2011-05-22 13:20:00,2011-11-15 09:12:00,4,1971.87
16342,United Kingdom,False,2011-06-13 10:10:00,2011-09-25 14:36:00,4,322.41
16343,United Kingdom,False,2011-11-23 17:43:00,2011-11-23 17:45:00,2,328.58
16344,United Kingdom,False,2011-07-04 15:50:00,2011-07-04 15:50:00,1,101.1
16345,United Kingdom,False,2011-10-26 16:03:00,2011-10-26 16:03:00,1,565.46
16347,United Kingdom,False,2011-11-03 13:01:00,2011-11-28 13:14:00,2,847.45
16348,United Kingdom,False,2011-04-13 15:49:00,2011-11-07 15:44:00,7,1415.65
16349,United Kingdom,False,2011-02-22 12:40:00,2011-02-22 12:40:00,1,53.5
16350,United Kingdom,False,2011-01-10 09:44:00,2011-11-18 15:53:00,4,1116.47
16351,United Kingdom,False,2011-01-11 10:26:00,2011-01-11 10:26:00,1,153.9
16352,United Kingdom,False,2011-11-02 08:44:00,2011-11-22 10:32:00,2,494.44
16353,United Kingdom,False,2010-12-05 12:09:00,2011-12-06 12:23:00,23,6675.71
16354,United Kingdom,False,2011-09-27 16:28:00,2011-10-07 14:28:00,2,395.8
16356,United Kingdom,False,2011-03-07 12:31:00,2011-05-26 11:51:00,3,211.77
16357,United Kingdom,False,2011-05-10 10:35:00,2011-11-06 16:04:00,3,658.88
16358,United Kingdom,False,2011-06-08 15:05:00,2011-12-08 15:09:00,4,2027.5
16359,United Kingdom,False,2011-01-12 10:49:00,2011-12-02 17:04:00,9,1750.92
16360,United Kingdom,False,2011-09-12 13:50:00,2011-12-05 12:16:00,6,3450.41
16361,United Kingdom,False,2011-09-29 13:13:00,2011-11-30 12:32:00,4,891.21
16362,United Kingdom,False,2011-09-09 14:47:00,2011-11-07 13:01:00,5,709.99
16363,United Kingdom,False,2011-10-17 14:14:00,2011-10-17 14:14:00,1,109.36
16364,United Kingdom,False,2011-07-25 14:35:00,2011-11-28 11:27:00,2,705.79
16365,United Kingdom,False,2010-12-07 17:19:00,2011-11-22 11:24:00,9,1540.42
16366,United Kingdom,False,2011-11-21 08:19:00,2011-11-21 08:19:00,1,327.3
16367,United Kingdom,False,2010-12-12 12:01:00,2011-11-02 13:13:00,2,800.67
16368,United Kingdom,False,2011-11-11 15:08:00,2011-12-07 13:12:00,2,479.91
16369,United Kingdom,False,2011-05-27 09:39:00,2011-11-21 16:25:00,3,1545.41
16370,United Kingdom,False,2011-04-28 16:40:00,2011-09-18 15:55:00,4,1301.91
16372,United Kingdom,False,2011-11-06 12:50:00,2011-11-06 13:08:00,2,355.73
16374,United Kingdom,False,2011-03-22 13:46:00,2011-10-04 15:21:00,2,466.73
16376,United Kingdom,False,2011-11-22 16:47:00,2011-12-01 11:38:00,2,974.96
16377,United Kingdom,False,2011-03-17 15:41:00,2011-03-17 15:41:00,1,676.2
16378,United Kingdom,False,2011-02-02 12:42:00,2011-04-06 15:07:00,3,362.95
16379,United Kingdom,False,2011-09-22 09:33:00,2011-12-05 15:38:00,4,2157.4
16380,United Kingdom,False,2011-10-09 15:40:00,2011-10-09 15:40:00,1,1743.15
16383,United Kingdom,False,2011-03-16 13:00:00,2011-09-26 12:45:00,2,643.76
16384,United Kingdom,False,2011-03-21 10:13:00,2011-09-11 11:19:00,2,584.5
16385,United Kingdom,False,2010-12-08 12:56:00,2011-10-10 13:12:00,3,554.86
16386,United Kingdom,False,2011-03-31 12:19:00,2011-11-11 12:28:00,2,302.57
16387,United Kingdom,False,2011-01-21 11:34:00,2011-01-21 11:34:00,1,94.36
16389,United Kingdom,False,2011-03-01 15:47:00,2011-10-17 14:41:00,4,1382.07
16392,United Kingdom,False,2011-03-15 12:11:00,2011-03-15 12:11:00,1,217.89
16393,United Kingdom,False,2010-12-05 13:10:00,2011-12-07 12:51:00,13,3040.96
16394,United Kingdom,False,2011-02-23 10:58:00,2011-10-14 09:48:00,5,1555.34
16395,United Kingdom,False,2011-01-13 12:10:00,2011-10-10 12:50:00,5,1482.06
16398,United Kingdom,False,2011-03-31 09:38:00,2011-07-08 15:16:00,2,1705.8
16399,United Kingdom,False,2011-04-18 13:46:00,2011-11-20 16:12:00,2,408.02
16400,United Kingdom,False,2011-09-06 12:27:00,2011-09-06 12:27:00,1,303.93
16401,United Kingdom,False,2011-01-16 10:56:00,2011-12-08 18:15:00,12,4098.32
16402,United Kingdom,False,2010-12-05 13:42:00,2011-03-20 12:25:00,2,293.45
16403,United Kingdom,False,2011-01-31 13:39:00,2011-01-31 13:39:00,1,177.5
16404,United Kingdom,False,2011-09-30 14:55:00,2011-09-30 14:55:00,1,443.05
16405,United Kingdom,False,2011-02-02 17:08:00,2011-02-10 15:24:00,2,167.25
16406,United Kingdom,False,2011-11-21 11:57:00,2011-11-21 11:57:00,1,154.35
16407,United Kingdom,False,2011-01-31 14:02:00,2011-11-27 11:05:00,10,2079.68
16409,United Kingdom,False,2011-01-26 14:51:00,2011-11-03 16:45:00,5,2022.98
16411,United Kingdom,False,2010-12-05 13:26:00,2011-11-20 13:23:00,2,211.7
16412,United Kingdom,False,2011-10-17 12:35:00,2011-10-17 12:35:00,1,135.99
16413,United Kingdom,False,2011-10-14 12:08:00,2011-10-14 12:08:00,1,262.2
16414,United Kingdom,False,2011-03-04 13:27:00,2011-11-18 09:42:00,2,126.25
16415,United Kingdom,False,2011-10-26 13:35:00,2011-10-26 13:35:00,1,200.27
16416,United Kingdom,False,2011-10-14 13:35:00,2011-11-13 12:50:00,3,1051.4
16418,United Kingdom,False,2011-04-27 16:54:00,2011-10-26 12:39:00,3,631.12
16419,United Kingdom,False,2011-02-01 12:25:00,2011-08-19 12:33:00,6,958.71
16422,United Kingdom,False,2010-12-05 15:35:00,2011-11-22 14:00:00,51,34684.4
16423,United Kingdom,False,2011-11-15 09:21:00,2011-11-15 09:21:00,1,346.12
16424,United Kingdom,False,2011-06-01 13:40:00,2011-06-01 13:40:00,1,133.56
16425,United Kingdom,False,2011-02-10 14:30:00,2011-02-10 14:30:00,1,302.7
16426,United Kingdom,False,2011-03-08 15:45:00,2011-12-07 14:01:00,10,1863.76
16427,United Kingdom,False,2011-02-28 15:18:00,2011-03-21 17:10:00,2,241.06
16428,United Kingdom,False,,,0,0.0
16429,United Kingdom,False,2011-08-25 13:54:00,2011-08-25 13:54:00,1,284.55
16430,United Kingdom,False,2011-10-13 14:47:00,2011-10-13 14:47:00,1,300.85
16431,United Kingdom,False,2011-02-15 14:02:00,2011-05-10 14:09:00,3,623.28
16432,United Kingdom,False,2011-10-06 13:59:00,2011-10-06 13:59:00,1,287.4
16433,United Kingdom,False,2011-11-11 14:09:00,2011-11-11 14:09:00,1,184.26
16434,United Kingdom,False,2011-02-13 12:17:00,2011-11-10 14:28:00,7,1511.8
16438,United Kingdom,False,2011-09-18 13:31:00,2011-12-04 10:51:00,5,798.35
16440,United Kingdom,False,2011-05-09 12:25:00,2011-12-02 12:02:00,5,3640.67
16441,United Kingdom,False,2011-02-21 17:35:00,2011-10-03 17:48:00,2,381.2
16442,United Kingdom,False,2010-12-14 10:46:00,2011-12-08 11:43:00,3,609.3
16444,United Kingdom,False,2011-03-20 12:14:00,2011-10-24 13:50:00,4,654.67
16445,United Kingdom,False,2011-11-06 12:32:00,2011-11-06 12:32:00,1,230.51
16446,United Kingdom,False,2011-05-18 09:52:00,2011-12-09 09:15:00,2,168472.5
16447,United Kingdom,False,2011-07-27 12:45:00,2011-07-27 12:45:00,1,255.91
16448,United Kingdom,False,2011-05-25 16:28:00,2011-05-25 16:28:00,1,182.99
16449,United Kingdom,False,2011-03-04 12:15:00,2011-05-26 10:25:00,2,707.69
16450,United Kingdom,False,2011-07-13 11:47:00,2011-07-13 11:47:00,1,311.92
16451,United Kingdom,False,2011-09-13 09:17:00,2011-09-13 09:17:00,1,266.97
16454,United Kingdom,False,2011-10-06 16:57:00,2011-10-26 11:40:00,2,6.9
16455,United Kingdom,False,2010-12-03 16:44:00,2011-10-07 12:17:00,7,1841.18
16456,United Kingdom,False,2010-12-01 14:11:00,2011-09-01 13:50:00,5,2158.18
16457,United Kingdom,False,2011-05-05 13:19:00,2011-05-05 13:19:00,1,208.36
16458,United Kingdom,False,2010-12-14 11:51:00,2011-12-07 09:34:00,18,3482.74
16460,United Kingdom,False,2011-09-19 10:15:00,2011-11-11 13:46:00,3,811.23
16461,United Kingdom,False,2011-06-15 12:07:00,2011-06-15 12:07:00,1,142.92
16462,United Kingdom,False,2011-03-01 08:58:00,2011-09-27 10:24:00,3,136.0
16463,United Kingdom,False,2011-05-19 14:45:00,2011-11-18 14:01:00,4,1422.4
16464,United Kingdom,False,2011-07-20 13:53:00,2011-11-20 12:11:00,3,1298.66
16466,United Kingdom,False,2011-02-20 11:39:00,2011-11-06 11:35:00,7,1595.96
16468,United Kingdom,False,2011-09-26 14:13:00,2011-09-26 14:13:00,1,74.9
16469,United Kingdom,False,2011-04-07 13:11:00,2011-11-16 12:25:00,4,625.42
16470,United Kingdom,False,2010-12-16 11:53:00,2011-10-19 12:11:00,4,752.77
16471,United Kingdom,False,2011-03-10 09:41:00,2011-03-10 09:41:00,1,223.95
16473,United Kingdom,False,2011-01-07 10:55:00,2011-06-28 09:10:00,3,316.11
16474,United Kingdom,False,2011-07-17 14:51:00,2011-12-02 13:02:00,7,1810.65
16475,United Kingdom,False,2011-03-11 09:39:00,2011-09-12 14:37:00,4,544.3
16477,United Kingdom,False,2010-12-03 12:48:00,2011-10-07 09:44:00,7,2494.46
16478,United Kingdom,False,2011-10-05 12:02:00,2011-11-14 15:51:00,3,331.0
16479,United Kingdom,False,2011-11-29 13:04:00,2011-11-29 13:40:00,2,300.83
16480,United Kingdom,False,2011-09-25 11:40:00,2011-09-25 11:40:00,1,769.29
16482,United Kingdom,False,2011-11-24 12:33:00,2011-11-24 12:33:00,1,220.62
16483,United Kingdom,False,2011-05-31 13:08:00,2011-05-31 13:08:00,1,139.35
16484,United Kingdom,False,2011-06-02 10:39:00,2011-06-19 12:06:00,2,404.3
16485,United Kingdom,False,2011-09-23 15:50:00,2011-09-23 15:50:00,1,363.65
16488,United Kingdom,False,2011-07-14 11:46:00,2011-11-06 13:42:00,3,498.8
16491,United Kingdom,False,2011-10-24 10:18:00,2011-10-24 10:18:00,1,731.5
16493,United Kingdom,False,2011-01-14 08:16:00,2011-09-21 11:10:00,4,1351.63
16494,United Kingdom,False,2011-02-16 12:49:00,2011-02-16 12:49:00,1,826.53
16495,United Kingdom,False,2011-03-08 16:38:00,2011-12-06 13:20:00,3,648.26
16496,United Kingdom,False,2011-01-27 09:42:00,2011-12-01 10:31:00,3,1599.52
16497,United Kingdom,False,2011-01-10 13:20:00,2011-10-21 10:55:00,6,2965.69
16498,United Kingdom,False,2011-06-30 19:52:00,2011-07-01 15:07:00,2,100.97
16499,United Kingdom,False,2010-12-10 10:27:00,2010-12-14 13:31:00,2,365.45
16500,United Kingdom,False,2011-01-13 10:28:00,2011-12-05 12:04:00,6,400.86
16503,United Kingdom,False,2010-12-14 13:50:00,2011-08-25 11:46:00,4,1431.93
16504,United Kingdom,False,2011-11-14 15:18:00,2011-11-14 15:18:00,1,465.88
16505,United Kingdom,False,2011-11-08 12:14:00,2011-11-08 12:14:00,1,777.6
16506,United Kingdom,False,2011-10-30 15:50:00,2011-11-20 12:17:00,2,90.3
16509,United Kingdom,False,2011-02-16 09:25:00,2011-02-16 09:25:00,1,363.7
16510,United Kingdom,False,2010-12-02 13:39:00,2010-12-02 13:39:00,1,248.1
16511,United Kingdom,False,2011-03-18 11:24:00,2011-11-18 10:41:00,3,918.33
16513,United Kingdom,False,2011-10-27 14:56:00,2011-12-05 10:18:00,4,874.59
16515,United Kingdom,False,2011-02-01 13:09:00,2011-10-18 13:10:00,5,1624.14
16516,United Kingdom,False,2011-11-09 14:59:00,2011-11-09 14:59:00,1,101.7
16517,United Kingdom,False,2011-03-07 13:50:00,2011-03-07 13:50:00,1,162.7
16518,United Kingdom,False,2011-02-28 16:36:00,2011-10-09 15:04:00,2,484.32
16519,United Kingdom,False,2010-12-09 14:08:00,2011-11-14 15:41:00,2,215.08
16520,United Kingdom,False,2010-12-09 13:08:00,2011-06-06 13:24:00,3,1046.57
16523,United Kingdom,False,2011-01-28 12:06:00,2011-12-08 09:06:00,21,9418.47
16525,United Kingdom,False,2010-12-08 11:31:00,2011-12-07 15:07:00,26,13027.45
16526,United Kingdom,False,2011-06-21 12:02:00,2011-06-21 12:02:00,1,290.36
16527,United Kingdom,False,2011-09-19 16:21:00,2011-09-19 16:21:00,1,228.06
16528,United Kingdom,False,2011-12-06 12:45:00,2011-12-06 12:45:00,1,244.41
16529,United Kingdom,False,2011-06-02 17:23:00,2011-06-02 17:23:00,1,455.25
16531,United Kingdom,False,2010-12-14 13:19:00,2011-11-17 16:29:00,7,1244.59
16532,United Kingdom,False,2011-01-05 12:37:00,2011-11-22 11:08:00,3,6748.8
16533,United Kingdom,False,2011-10-02 15:07:00,2011-11-20 13:08:00,3,1082.81
16535,United Kingdom,False,2011-12-04 15:18:00,2011-12-04 15:18:00,1,593.75
16536,United Kingdom,False,2011-08-21 15:54:00,2011-08-21 15:54:00,1,548.12
16539,United Kingdom,False,2010-12-01 15:40:00,2011-12-07 08:41:00,4,1388.81
16542,United Kingdom,False,2011-10-17 10:47:00,2011-10-17 10:47:00,1,119.62
16545,United Kingdom,False,2011-06-28 10:37:00,2011-06-28 10:37:00,1,339.3
16546,United Kingdom,False,2010-12-02 12:07:00,2011-02-22 11:20:00,2,787.15
16549,United Kingdom,False,2011-01-09 14:03:00,2011-11-29 15:06:00,10,4034.9
16550,United Kingdom,False,2010-12-06 13:53:00,2011-08-23 11:12:00,5,2298.97
16551,United Kingdom,False,2011-01-07 10:24:00,2011-09-05 09:38:00,3,922.12
16552,United Kingdom,False,2010-12-01 12:36:00,2011-04-11 10:04:00,2,379.73
16553,United Kingdom,False,2010-12-14 13:58:00,2011-06-29 15:42:00,12,5719.82
16554,United Kingdom,False,2011-01-12 12:41:00,2011-10-28 14:51:00,3,837.1
16555,United Kingdom,False,2011-08-22 12:32:00,2011-11-04 14:31:00,2,285.89
16556,United Kingdom,False,2010-12-14 13:32:00,2011-10-04 11:36:00,7,3313.79
16557,United Kingdom,False,2011-07-25 13:28:00,2011-11-15 14:04:00,2,281.85
16558,United Kingdom,False,2010-12-08 12:01:00,2011-12-09 10:20:00,20,8338.49
16560,United Kingdom,False,2010-12-16 14:36:00,2011-11-13 10:35:00,2,841.41
16561,United Kingdom,False,2011-10-11 09:53:00,2011-12-04 11:50:00,2,511.12
16563,United Kingdom,False,2011-10-17 11:51:00,2011-10-17 11:51:00,1,1077.74
16565,United Kingdom,False,2010-12-10 15:21:00,2010-12-10 15:21:00,1,173.7
16566,United Kingdom,False,2011-02-20 10:29:00,2011-11-24 16:34:00,5,614.66
16567,United Kingdom,False,2011-01-07 09:31:00,2011-05-29 13:57:00,2,865.6
16569,United Kingdom,False,2011-12-06 15:32:00,2011-12-06 15:32:00,1,124.2
16570,United Kingdom,False,2011-02-01 10:37:00,2011-11-24 17:02:00,10,3738.4
16571,United Kingdom,False,2011-03-03 09:41:00,2011-11-13 11:46:00,3,1421.69
16572,United Kingdom,False,2011-03-09 12:04:00,2011-08-04 16:34:00,3,1009.6
16573,United Kingdom,False,2011-02-22 15:14:00,2011-09-16 09:13:00,2,663.61
16574,United Kingdom,False,2011-09-29 13:39:00,2011-09-29 13:39:00,1,451.44
16579,United Kingdom,False,,,0,0.0
16581,United Kingdom,False,2011-06-10 10:05:00,2011-06-10 10:05:00,1,105.84
16582,United Kingdom,False,2011-08-18 17:02:00,2011-08-18 17:02:00,1,313.62
16583,United Kingdom,False,2010-12-01 12:03:00,2010-12-01 12:03:00,1,233.45
16584,United Kingdom,False,2011-03-30 13:14:00,2011-09-20 13:45:00,2,936.08
16586,United Kingdom,False,2011-04-05 09:32:00,2011-04-05 09:32:00,1,463.95
16587,United Kingdom,False,2011-04-21 15:51:00,2011-04-21 15:51:00,1,225.15
16589,United Kingdom,False,2011-07-01 13:31:00,2011-09-29 14:50:00,3,459.24
16591,United Kingdom,False,2011-10-02 10:43:00,2011-10-02 10:43:00,1,213.5
16592,United Kingdom,False,2011-02-25 10:19:00,2011-12-05 13:49:00,16,4113.68
16593,United Kingdom,False,2011-01-16 12:11:00,2011-10-20 12:41:00,3,330.03
16594,United Kingdom,False,2011-09-25 14:08:00,2011-09-25 14:08:00,1,181.09
16595,United Kingdom,False,2011-10-09 13:15:00,2011-10-09 13:15:00,1,360.16
16596,United Kingdom,False,2010-12-08 16:18:00,2011-11-24 10:02:00,2,250.15
16597,United Kingdom,False,2011-12-05 15:44:00,2011-12-05 15:44:00,1,90.04
16598,United Kingdom,False,2011-02-27 11:42:00,2011-02-27 11:42:00,1,145.05
16600,United Kingdom,False,2011-01-05 12:13:00,2011-12-05 16:00:00,6,813.52
16601,United Kingdom,False,2011-10-30 11:09:00,2011-10-30 11:09:00,1,242.7
16602,United Kingdom,False,2011-11-03 15:54:00,2011-11-03 15:54:00,1,528.08
16603,United Kingdom,False,2011-09-09 13:02:00,2011-09-26 10:06:00,2,482.47
16607,United Kingdom,False,2010-12-16 08:41:00,2011-11-22 10:24:00,14,3347.71
16609,United Kingdom,False,2011-04-01 10:11:00,2011-11-24 13:32:00,7,5493.46
16610,United Kingdom,False,2011-05-04 13:13:00,2011-05-04 13:13:00,1,75.66
16611,United Kingdom,False,2011-06-06 15:46:00,2011-06-06 15:46:00,1,129.49
16612,United Kingdom,False,2011-02-01 10:38:00,2011-11-07 07:38:00,4,1187.66
16613,United Kingdom,False,2011-09-30 15:52:00,2011-09-30 15:52:00,1,618.59
16614,United Kingdom,False,2011-06-10 11:36:00,2011-06-10 11:36:00,1,506.19
16616,United Kingdom,False,2011-07-05 13:38:00,2011-11-24 16:31:00,2,500.42
16617,United Kingdom,False,2011-04-18 10:35:00,2011-04-18 10:35:00,1,151.85
16618,United Kingdom,False,2011-01-21 11:55:00,2011-11-08 13:52:00,5,2647.59
16619,United Kingdom,False,2011-03-21 08:18:00,2011-03-21 08:18:00,1,226.21
16620,United Kingdom,False,2011-03-24 10:37:00,2011-12-06 12:19:00,2,178.96
16621,United Kingdom,False,2011-03-07 11:32:00,2011-10-19 11:38:00,4,813.48
16623,United Kingdom,False,2011-04-08 10:09:00,2011-04-08 10:09:00,1,129.45
16624,United Kingdom,False,2011-05-26 14:20:00,2011-09-20 12:39:00,2,810.57
16625,United Kingdom,False,2011-03-10 12:50:00,2011-03-10 12:50:00,1,333.08
16626,United Kingdom,False,2011-03-18 12:27:00,2011-12-09 11:56:00,17,4413.1
16627,United Kingdom,False,2011-09-21 14:38:00,2011-09-21 14:38:00,1,322.8
16628,United Kingdom,False,2011-04-19 08:55:00,2011-11-10 12:45:00,5,2188.05
16629,United Kingdom,False,2011-09-04 16:12:00,2011-09-27 10:34:00,2,408.63
16633,United Kingdom,False,2011-04-19 14:36:00,2011-11-22 13:41:00,6,2883.1
16634,United Kingdom,False,2010-12-02 17:41:00,2011-05-01 12:09:00,2,217.9
16637,United Kingdom,False,2011-04-28 10:20:00,2011-11-07 13:17:00,4,1154.47
16638,United Kingdom,False,2010-12-06 10:19:00,2011-11-17 11:09:00,10,1680.72
16639,United Kingdom,False,2011-04-18 09:31:00,2011-11-08 13:20:00,3,1257.51
16641,United Kingdom,False,2011-08-26 12:49:00,2011-08-26 12:49:00,1,231.1
16642,United Kingdom,False,2011-05-16 12:35:00,2011-12-05 11:31:00,2,688.33
16643,United Kingdom,False,2011-04-08 08:24:00,2011-04-08 08:24:00,1,487.51
16644,United Kingdom,False,2011-05-11 12:53:00,2011-06-15 12:39:00,2,833.78
16647,United Kingdom,False,2011-05-19 09:31:00,2011-06-23 11:47:00,2,214.06
16648,United Kingdom,False,2011-10-28 08:58:00,2011-10-28 08:58:00,1,290.66
16650,United Kingdom,False,2011-09-29 09:51:00,2011-09-29 09:51:00,1,518.42
16652,United Kingdom,False,2011-03-11 13:13:00,2011-10-12 09:38:00,7,6773.97
16653,United Kingdom,False,2011-09-29 13:38:00,2011-11-23 14:51:00,2,1212.66
16654,United Kingdom,False,2010-12-06 15:09:00,2011-07-21 15:23:00,4,601.27
16655,United Kingdom,False,2011-01-12 10:16:00,2011-11-22 11:25:00,6,3789.52
16656,United Kingdom,False,2010-12-10 11:23:00,2011-11-17 14:43:00,15,8625.8
16657,United Kingdom,False,2011-03-30 12:02:00,2011-11-30 11:48:00,4,874.43
16658,United Kingdom,False,2010-12-06 13:47:00,2010-12-06 13:47:00,1,123.24
16659,United Kingdom,False,2011-06-03 15:03:00,2011-06-03 15:03:00,1,39.12
16660,United Kingdom,False,2011-01-24 12:44:00,2011-11-23 14:53:00,4,1267.65
16665,United Kingdom,False,2010-12-12 14:03:00,2010-12-12 14:03:00,1,135.4
16666,United Kingdom,False,2011-11-20 14:01:00,2011-11-20 14:01:00,1,118.98
16667,United Kingdom,False,2011-02-28 12:57:00,2011-10-02 15:26:00,2,567.18
16668,United Kingdom,False,2011-02-28 12:46:00,2011-11-24 17:43:00,6,306.72
16669,United Kingdom,False,2011-09-22 14:13:00,2011-11-16 12:26:00,3,1348.88
16670,United Kingdom,False,2010-12-16 10:30:00,2011-11-23 09:34:00,11,4095.9
16671,United Kingdom,False,2011-06-28 11:20:00,2011-11-11 13:40:00,3,1692.27
16672,United Kingdom,False,2011-03-18 10:15:00,2011-12-07 16:29:00,20,8134.94
16674,United Kingdom,False,2011-09-02 13:59:00,2011-10-16 11:31:00,2,304.24
16676,United Kingdom,False,2011-01-06 13:00:00,2011-11-06 12:01:00,4,1592.12
16678,United Kingdom,False,2011-03-02 09:24:00,2011-12-07 12:17:00,12,3109.99
16679,United Kingdom,False,2010-12-08 13:51:00,2010-12-08 13:51:00,1,129.75
16680,United Kingdom,False,2011-10-27 17:35:00,2011-10-27 17:35:00,1,183.7
16681,United Kingdom,False,2011-03-31 13:46:00,2011-09-28 11:11:00,6,1770.34
16682,United Kingdom,False,2011-06-05 11:02:00,2011-12-05 12:13:00,5,1028.0
16684,United Kingdom,False,2010-12-16 17:34:00,2011-12-05 14:06:00,28,66653.56
16685,United Kingdom,False,2011-10-09 13:44:00,2011-10-09 13:58:00,2,324.24
16686,United Kingdom,False,2010-12-19 14:41:00,2011-10-23 13:49:00,7,2959.88
16688,United Kingdom,False,2011-10-10 12:23:00,2011-12-08 15:24:00,4,1260.86
16689,United Kingdom,False,2011-09-18 13:29:00,2011-09-25 11:39:00,2,422.6
16690,United Kingdom,False,2011-05-22 10:53:00,2011-09-28 15:02:00,2,225.58
16692,United Kingdom,False,2011-02-23 15:41:00,2011-03-28 14:46:00,2,1276.0
16693,United Kingdom,False,2011-03-13 11:06:00,2011-10-02 11:10:00,2,477.86
16696,United Kingdom,False,2011-04-05 15:20:00,2011-07-27 14:23:00,4,657.9
16697,United Kingdom,False,2011-04-12 17:12:00,2011-04-12 17:12:00,1,112.75
16698,United Kingdom,False,2011-03-31 13:33:00,2011-04-27 10:52:00,2,1998.0
16700,United Kingdom,False,2010-12-08 16:34:00,2011-12-01 11:00:00,13,5076.55
16701,United Kingdom,False,2010-12-13 11:51:00,2011-12-01 11:10:00,13,5398.3
16705,United Kingdom,False,2010-12-16 10:51:00,2011-12-09 12:08:00,20,14034.99
16706,United Kingdom,False,2011-08-17 15:53:00,2011-11-02 13:50:00,3,531.35
16708,United Kingdom,False,2011-10-25 12:20:00,2011-10-25 12:20:00,1,656.63
16709,United Kingdom,False,2011-03-03 10:55:00,2011-09-16 10:56:00,5,3029.87
16710,United Kingdom,False,2010-12-06 13:13:00,2011-11-20 14:50:00,10,2467.99
16711,United Kingdom,False,2010-12-17 12:43:00,2011-12-06 16:32:00,5,1651.03
16712,United Kingdom,False,2011-03-08 15:07:00,2011-11-30 13:48:00,11,3611.31
16713,United Kingdom,False,2010-12-08 13:01:00,2011-11-21 12:36:00,15,6910.78
16714,United Kingdom,False,2011-01-26 13:40:00,2011-05-05 11:09:00,3,1129.06
16715,United Kingdom,False,2011-09-22 18:15:00,2011-09-22 18:15:00,1,301.72
16716,United Kingdom,False,2011-02-01 15:35:00,2011-03-18 10:03:00,2,901.2
16717,United Kingdom,False,2010-12-08 16:48:00,2011-11-16 12:16:00,6,3843.08
16718,United Kingdom,False,2010-12-05 13:03:00,2010-12-05 13:03:00,1,606.05
16719,United Kingdom,False,2010-12-06 12:06:00,2011-11-25 09:27:00,7,1770.22
16720,United Kingdom,False,2011-11-13 16:22:00,2011-11-13 16:22:00,1,152.95
16721,United Kingdom,False,2011-03-22 16:08:00,2011-03-22 16:08:00,1,292.47
16722,United Kingdom,False,2010-12-06 12:59:00,2011-11-22 13:28:00,13,4730.81
16723,United Kingdom,False,2011-08-24 11:31:00,2011-09-09 13:01:00,2,576.4
16725,United Kingdom,False,2010-12-03 16:02:00,2011-02-10 16:52:00,7,758.27
16726,United Kingdom,False,2010-12-13 13:28:00,2011-11-13 14:53:00,5,1358.74
16727,United Kingdom,False,2010-12-10 13:48:00,2010-12-10 13:48:00,1,256.32
16728,United Kingdom,False,2011-03-20 13:28:00,2011-10-24 14:36:00,4,1048.28
16729,United Kingdom,False,2011-04-12 14:22:00,2011-11-01 14:29:00,21,7205.33
16730,United Kingdom,False,2011-01-24 14:01:00,2011-10-18 14:11:00,3,743.11
16732,United Kingdom,False,2011-11-08 09:54:00,2011-11-08 09:54:00,1,603.75
16734,United Kingdom,False,2011-08-17 15:00:00,2011-10-18 13:44:00,3,646.76
16735,United Kingdom,False,2011-01-09 12:53:00,2011-09-22 11:49:00,5,2247.41
16737,United Kingdom,False,2011-10-17 13:03:00,2011-10-17 13:03:00,1,417.6
16738,United Kingdom,False,2011-02-15 09:46:00,2011-02-15 09:46:00,1,3.75
16739,United Kingdom,False,2011-06-16 09:17:00,2011-06-16 09:17:00,1,323.0
16742,United Kingdom,False,2011-10-24 12:02:00,2011-10-24 12:02:00,1,464.9
16743,United Kingdom,False,2010-12-16 12:15:00,2011-11-10 13:13:00,7,2213.13
16744,United Kingdom,False,2011-06-19 15:13:00,2011-11-28 13:06:00,7,1291.91
16745,United Kingdom,False,2011-02-01 11:31:00,2011-09-14 11:58:00,17,7180.7
16746,United Kingdom,False,2010-12-16 11:43:00,2011-12-05 12:33:00,18,6680.11
16747,United Kingdom,False,2011-10-03 10:18:00,2011-11-02 11:37:00,2,836.06
16748,United Kingdom,False,2011-01-09 13:50:00,2011-11-22 10:17:00,5,1515.9
16750,United Kingdom,False,2011-04-21 16:53:00,2011-10-26 12:48:00,5,623.93
16751,United Kingdom,False,2011-11-09 10:48:00,2011-11-09 10:48:00,1,1764.72
16752,United Kingdom,False,2010-12-02 12:18:00,2010-12-02 12:18:00,1,207.5
16753,United Kingdom,False,2011-10-12 13:14:00,2011-10-12 13:14:00,1,223.92
16754,United Kingdom,False,2010-12-02 17:38:00,2010-12-02 17:38:00,1,2002.4
16755,United Kingdom,False,2011-01-28 10:47:00,2011-08-17 13:21:00,3,1475.43
16756,United Kingdom,False,2011-05-09 09:33:00,2011-05-09 09:33:00,1,239.4
16757,United Kingdom,False,2011-01-25 11:59:00,2011-01-25 11:59:00,1,106.83
16758,United Kingdom,False,2011-10-05 14:47:00,2011-10-05 14:47:00,1,369.34
16759,United Kingdom,False,2011-11-09 09:06:00,2011-12-02 12:42:00,3,789.79
16761,United Kingdom,False,2011-09-04 11:15:00,2011-09-04 11:15:00,1,316.62
16762,United Kingdom,False,2011-07-18 12:52:00,2011-11-20 11:43:00,3,1207.24
16763,United Kingdom,False,2011-05-25 11:52:00,2011-05-25 11:52:00,1,611.85
16764,United Kingdom,False,2011-07-19 17:17:00,2011-12-06 11:41:00,13,2790.95
16765,United Kingdom,False,2011-02-18 15:41:00,2011-02-18 15:41:00,1,34.0
16766,United Kingdom,False,2011-03-11 13:34:00,2011-03-11 15:22:00,2,1145.6
16767,United Kingdom,False,2011-01-27 13:38:00,2011-11-09 09:42:00,11,5575.56
16768,United Kingdom,False,2011-03-13 10:25:00,2011-10-23 10:38:00,3,478.09
16769,United Kingdom,False,2011-03-24 13:41:00,2011-03-24 13:41:00,1,361.54
16770,United Kingdom,False,2010-12-02 15:49:00,2011-10-13 12:21:00,5,757.1
16771,United Kingdom,False,2011-01-05 13:57:00,2011-11-06 13:28:00,5,2242.61
16773,United Kingdom,False,2011-10-13 14:37:00,2011-10-13 14:37:00,1,171.59
16774,United Kingdom,False,2011-06-14 12:45:00,2011-10-03 12:41:00,4,661.52
16775,United Kingdom,False,2010-12-07 15:15:00,2011-11-29 15:22:00,11,1691.51
16776,United Kingdom,False,2011-10-10 13:04:00,2011-10-10 13:04:00,1,371.54
16777,United Kingdom,False,2011-03-27 14:34:00,2011-09-20 13:41:00,2,222.62
16778,United Kingdom,False,2011-03-10 15:21:00,2011-09-26 13:48:00,2,245.94
16779,United Kingdom,False,2010-12-08 09:56:00,2011-12-07 14:54:00,22,10611.72
16780,United Kingdom,False,2011-03-25 17:34:00,2011-08-31 16:09:00,2,422.24
16781,United Kingdom,False,2010-12-02 14:26:00,2010-12-02 14:26:00,1,311.25
16782,United Kingdom,False,2010-12-09 11:28:00,2011-11-29 13:20:00,13,2267.95
16784,United Kingdom,False,2011-11-20 12:20:00,2011-11-20 12:20:00,1,107.6
16788,United Kingdom,False,2011-03-30 13:05:00,2011-08-08 14:53:00,2,594.39
16789,United Kingdom,False,2011-12-01 15:12:00,2011-12-01 15:12:00,1,80.8
16790,United Kingdom,False,2011-11-02 11:23:00,2011-12-06 11:53:00,6,1545.62
16791,United Kingdom,False,2011-01-11 15:42:00,2011-11-10 19:12:00,7,1705.78
16792,United Kingdom,False,2011-03-02 14:39:00,2011-03-02 14:41:00,2,110.38
16793,United Kingdom,False,2011-10-13 15:08:00,2011-10-13 15:08:00,1,243.84
16794,United Kingdom,False,2011-06-12 14:15:00,2011-12-08 17:54:00,10,1196.5
16795,United Kingdom,False,2010-12-09 14:08:00,2010-12-09 14:08:00,1,414.88
16796,United Kingdom,False,2011-09-11 14:01:00,2011-09-11 14:01:00,1,305.62
16800,United Kingdom,False,2011-11-28 14:06:00,2011-11-28 14:06:00,1,1162.65
16801,United Kingdom,False,2011-03-11 13:56:00,2011-06-29 15:33:00,4,1594.23
16803,United Kingdom,False,2011-10-05 14:28:00,2011-10-05 14:28:00,1,332.3
16804,United Kingdom,False,2011-03-14 15:48:00,2011-11-16 16:43:00,3,536.99
16805,United Kingdom,False,2010-12-14 13:35:00,2011-06-19 11:23:00,2,460.59
16806,United Kingdom,False,2011-04-14 19:59:00,2011-08-28 15:27:00,4,762.16
16807,United Kingdom,False,2011-03-14 09:46:00,2011-07-20 12:00:00,3,1121.59
16808,United Kingdom,False,2011-03-10 19:05:00,2011-09-01 19:34:00,2,288.42
16809,United Kingdom,False,2011-03-22 15:20:00,2011-11-16 15:45:00,5,914.69
16810,United Kingdom,False,2011-05-31 15:32:00,2011-05-31 15:32:00,1,309.54
16811,United Kingdom,False,2011-11-22 17:19:00,2011-12-05 11:39:00,2,547.07
16812,United Kingdom,False,2010-12-14 12:35:00,2010-12-14 12:35:00,1,479.35
16813,United Kingdom,False,2011-05-19 13:28:00,2011-12-01 14:03:00,10,1652.18
16814,United Kingdom,False,2010-12-05 11:45:00,2011-11-25 13:27:00,21,6416.7
16816,United Kingdom,False,2010-12-16 17:01:00,2011-08-28 14:16:00,4,417.06
16817,United Kingdom,False,2010-12-06 14:19:00,2011-12-07 11:03:00,9,1604.75
16818,United Kingdom,False,2011-05-18 11:42:00,2011-11-29 10:41:00,11,3349.57
16820,United Kingdom,False,2011-09-05 12:06:00,2011-09-05 12:06:00,1,497.61
16823,United Kingdom,False,2011-04-26 15:00:00,2011-04-26 15:00:00,1,358.38
16824,United Kingdom,False,2011-06-28 13:36:00,2011-11-24 12:38:00,2,460.64
16825,United Kingdom,False,2011-06-07 09:44:00,2011-11-01 11:51:00,2,775.18
16826,United Kingdom,False,2011-10-19 14:05:00,2011-10-19 14:05:00,1,341.7
16828,United Kingdom,False,2011-08-19 13:24:00,2011-09-07 15:10:00,2,128.5
16829,United Kingdom,False,2011-07-06 10:48:00,2011-07-06 10:48:00,1,197.22
16830,United Kingdom,False,2011-11-01 11:35:00,2011-11-01 11:35:00,1,325.91
16832,United Kingdom,False,2011-05-06 14:12:00,2011-06-08 15:36:00,3,199.15
16833,United Kingdom,False,2011-01-09 13:02:00,2011-12-08 14:39:00,4,1106.53
16834,United Kingdom,False,2011-04-26 09:37:00,2011-04-26 09:37:00,1,413.46
16835,United Kingdom,False,2010-12-01 17:15:00,2011-08-03 13:50:00,2,180.85
16836,United Kingdom,False,2011-08-15 12:38:00,2011-10-31 10:05:00,2,251.87
16837,United Kingdom,False,2011-04-08 08:48:00,2011-11-08 14:27:00,11,3170.98
16838,United Kingdom,False,2011-02-24 15:01:00,2011-05-26 13:13:00,2,588.85
16839,United Kingdom,False,2010-12-05 11:15:00,2011-12-01 09:03:00,34,16594.35
16841,United Kingdom,False,2011-02-25 12:40:00,2011-11-03 11:51:00,6,1869.82
16842,United Kingdom,False,2011-02-10 14:51:00,2011-08-31 10:42:00,3,1264.19
16843,United Kingdom,False,2011-01-16 16:10:00,2011-10-28 09:06:00,16,10196.57
16846,United Kingdom,False,2011-10-20 13:55:00,2011-10-20 13:55:00,1,214.32
16847,United Kingdom,False,2011-10-27 13:29:00,2011-10-27 13:29:00,1,193.44
16848,United Kingdom,False,2011-10-18 08:42:00,2011-10-18 08:42:00,1,281.42
16849,United Kingdom,False,2011-06-06 09:16:00,2011-06-06 09:16:00,1,124.57
16850,United Kingdom,False,2011-01-10 11:09:00,2011-01-10 11:09:00,1,332.41
16851,United Kingdom,False,2011-10-19 09:48:00,2011-12-05 13:32:00,3,342.45
16852,United Kingdom,False,2011-06-16 15:49:00,2011-11-29 13:22:00,2,144.91
16855,United Kingdom,False,2011-10-27 16:31:00,2011-11-16 12:03:00,2,328.4
16856,United Kingdom,False,2011-11-25 08:59:00,2011-11-25 08:59:00,1,35.4
16858,United Kingdom,False,2010-12-06 09:52:00,2010-12-06 09:52:00,1,375.69
16859,United Kingdom,False,2011-03-23 13:39:00,2011-07-18 12:19:00,2,747.81
16861,United Kingdom,False,2011-07-04 15:38:00,2011-10-11 09:05:00,2,173.76
16863,United Kingdom,False,2010-12-08 08:58:00,2011-11-08 15:26:00,2,502.8
16866,United Kingdom,False,2011-07-01 12:34:00,2011-07-22 10:06:00,3,207.74
16869,United Kingdom,False,2011-06-17 13:01:00,2011-11-17 12:02:00,4,817.12
16871,United Kingdom,False,2011-03-14 10:31:00,2011-11-17 19:27:00,6,2812.34
16872,United Kingdom,False,2011-06-08 14:32:00,2011-09-23 16:05:00,3,680.02
16873,United Kingdom,False,2010-12-10 15:45:00,2011-12-05 12:05:00,6,7123.62
16875,United Kingdom,False,2011-01-04 10:37:00,2011-10-03 13:39:00,5,2095.53
16877,United Kingdom,False,2011-05-15 16:13:00,2011-11-27 13:47:00,6,846.62
16878,United Kingdom,False,2011-09-16 17:39:00,2011-09-16 17:39:00,1,13.3
16880,United Kingdom,False,2011-06-03 16:45:00,2011-11-09 11:33:00,7,1491.43
16881,United Kingdom,False,2011-10-04 10:33:00,2011-10-04 10:33:00,1,432.0
16882,United Kingdom,False,2011-01-26 17:43:00,2011-10-04 10:42:00,3,705.12
16883,United Kingdom,False,2010-12-03 10:33:00,2011-06-05 12:51:00,2,272.48
16884,United Kingdom,False,2011-11-02 10:16:00,2011-11-02 11:52:00,2,429.84
16885,United Kingdom,False,2010-12-17 17:23:00,2011-11-24 13:40:00,3,450.41
16887,United Kingdom,False,2011-11-04 14:07:00,2011-11-04 14:07:00,1,192.33
16889,United Kingdom,False,2011-01-07 10:47:00,2011-05-29 11:05:00,3,1578.67
16891,United Kingdom,False,2010-12-03 11:35:00,2011-12-08 11:15:00,5,742.43
16892,United Kingdom,False,2011-06-09 11:35:00,2011-12-08 13:18:00,5,518.19
16893,United Kingdom,False,2010-12-08 12:06:00,2010-12-08 12:06:00,1,145.93
16895,United Kingdom,False,2011-10-06 12:15:00,2011-10-06 12:15:00,1,202.27
16897,United Kingdom,False,2011-01-30 11:52:00,2011-02-13 15:02:00,2,289.78
16898,United Kingdom,False,2010-12-06 12:23:00,2011-11-13 15:44:00,3,501.03
16899,United Kingdom,False,2010-12-14 13:11:00,2011-12-02 12:03:00,6,1271.06
16900,United Kingdom,False,2011-10-07 13:17:00,2011-11-23 10:32:00,3,887.11
16902,United Kingdom,False,2011-08-15 14:17:00,2011-08-15 14:17:00,1,1706.88
16903,United Kingdom,False,2011-11-10 15:32:00,2011-11-10 15:32:00,1,363.2
16904,United Kingdom,False,2010-12-07 13:29:00,2011-12-05 13:10:00,16,3653.75
16905,United Kingdom,False,2010-12-03 10:43:00,2011-12-04 14:01:00,7,3037.6
16906,United Kingdom,False,2011-04-05 12:30:00,2011-09-19 11:49:00,4,559.59
16907,United Kingdom,False,2010-12-09 16:52:00,2011-11-10 18:04:00,5,928.76
16909,United Kingdom,False,2011-09-28 16:45:00,2011-09-28 16:45:00,1,379.14
16910,United Kingdom,False,2011-09-09 14:14:00,2011-12-05 12:51:00,8,1508.96
16912,United Kingdom,False,2011-01-20 15:42:00,2011-11-11 12:18:00,11,2555.58
16913,United Kingdom,False,2011-02-22 12:56:00,2011-02-22 12:56:00,1,113.44
16914,United Kingdom,False,2011-11-03 15:27:00,2011-11-03 15:27:00,1,183.76
16915,United Kingdom,False,2011-03-01 09:52:00,2011-11-30 16:39:00,6,621.68
16916,United Kingdom,False,2010-12-02 13:14:00,2011-11-16 12:08:00,2,562.41
16917,United Kingdom,False,2011-03-08 11:55:00,2011-03-08 11:55:00,1,391.52
16918,United Kingdom,False,2011-01-26 17:37:00,2011-10-21 12:50:00,6,1068.82
16919,United Kingdom,False,2010-12-06 12:52:00,2011-07-06 13:35:00,11,2592.25
16921,United Kingdom,False,2011-10-09 16:22:00,2011-10-09 16:22:00,1,154.18
16923,United Kingdom,False,2010-12-12 11:06:00,2011-11-27 13:00:00,19,7069.08
16924,United Kingdom,False,2011-09-16 12:54:00,2011-11-18 12:53:00,3,829.89
16926,United Kingdom,False,2010-12-03 13:42:00,2010-12-03 13:42:00,1,230.25
16927,United Kingdom,False,2010-12-13 11:57:00,2011-08-16 11:10:00,3,543.05
16928,United Kingdom,False,2010-12-01 15:21:00,2011-09-20 15:10:00,17,2814.7
16929,United Kingdom,False,2011-07-07 12:39:00,2011-12-06 08:37:00,7,1295.39
16930,United Kingdom,False,2011-10-02 14:25:00,2011-11-13 16:13:00,3,378.89
16931,United Kingdom,False,2010-12-05 11:40:00,2011-12-04 13:15:00,21,4554.87
16932,United Kingdom,False,2011-10-17 14:12:00,2011-10-17 14:12:00,1,150.23
16933,United Kingdom,False,2011-04-14 13:33:00,2011-12-08 12:54:00,2,563.23
16934,United Kingdom,False,2011-10-16 12:25:00,2011-10-16 12:40:00,2,931.03
16936,United Kingdom,False,2011-11-14 11:04:00,2011-11-14 11:04:00,1,261.9
16938,United Kingdom,False,2011-02-04 09:34:00,2011-12-01 10:20:00,4,2711.68
16940,United Kingdom,False,2011-02-23 12:27:00,2011-10-18 13:15:00,3,3049.88
16942,United Kingdom,False,2011-04-26 11:59:00,2011-11-27 12:40:00,9,1904.99
16943,United Kingdom,False,2011-01-25 14:00:00,2011-05-12 11:57:00,3,816.73
16945,United Kingdom,False,2010-12-16 17:49:00,2011-11-18 11:39:00,19,4345.5
16947,United Kingdom,False,2011-04-18 09:38:00,2011-04-18 09:38:00,1,406.48
16948,United Kingdom,False,2011-01-18 10:58:00,2011-07-24 12:46:00,3,435.02
16949,United Kingdom,False,2011-01-27 12:11:00,2011-12-06 11:07:00,6,1286.27
16950,United Kingdom,False,2010-12-07 15:20:00,2011-10-14 09:06:00,3,1178.56
16951,United Kingdom,False,2011-02-08 14:58:00,2011-07-28 12:05:00,3,1277.75
16952,United Kingdom,False,2011-08-22 12:58:00,2011-08-22 13:03:00,2,167.61
16953,United Kingdom,False,2011-11-09 15:54:00,2011-11-09 15:54:00,1,20.8
16954,United Kingdom,False,2010-12-15 10:41:00,2011-12-09 09:46:00,9,2085.08
16955,United Kingdom,False,2010-12-01 13:31:00,2011-06-08 10:36:00,4,518.67
16956,United Kingdom,False,2011-11-22 08:56:00,2011-11-22 08:56:00,1,308.74
16957,United Kingdom,False,2011-03-03 09:25:00,2011-04-14 13:56:00,2,416.64
16959,United Kingdom,False,2011-09-13 15:03:00,2011-09-13 15:03:00,1,117.35
16960,United Kingdom,False,2011-04-01 11:54:00,2011-11-01 11:35:00,3,507.05
16961,United Kingdom,False,2011-08-15 13:46:00,2011-08-15 13:46:00,1,234.17
16963,United Kingdom,False,2011-06-05 13:48:00,2011-06-05 13:48:00,1,110.55
16965,United Kingdom,False,2011-04-27 12:08:00,2011-04-27 12:08:00,1,201.19
16966,United Kingdom,False,2011-04-13 14:17:00,2011-12-01 13:40:00,7,2154.97
16967,United Kingdom,False,2011-06-03 14:24:00,2011-06-03 14:24:00,1,319.02
16968,United Kingdom,False,2011-08-24 10:51:00,2011-12-05 15:02:00,2,439.43
16969,United Kingdom,False,2011-06-01 12:10:00,2011-10-31 13:12:00,3,650.41
16971,United Kingdom,False,2011-11-01 15:06:00,2011-11-01 15:06:00,1,357.21
16976,United Kingdom,False,2011-03-17 16:33:00,2011-03-17 16:33:00,1,251.52
16978,United Kingdom,False,2011-09-23 12:50:00,2011-09-23 12:50:00,1,344.33
16979,United Kingdom,False,2011-02-15 09:20:00,2011-12-06 12:21:00,6,1852.0
16980,United Kingdom,False,2011-02-21 12:58:00,2011-03-29 16:36:00,2,1028.46
16982,United Kingdom,False,2011-10-10 12:28:00,2011-10-10 12:28:00,1,384.06
16983,United Kingdom,False,2010-12-05 12:34:00,2011-11-27 12:10:00,7,1905.87
16984,United Kingdom,False,2011-08-01 17:37:00,2011-09-12 13:43:00,2,4459.52
16985,United Kingdom,False,2010-12-16 10:38:00,2011-11-22 13:33:00,10,5464.12
16986,United Kingdom,False,2011-11-09 15:52:00,2011-11-10 11:55:00,2,1873.2
16987,United Kingdom,False,2011-05-18 15:55:00,2011-12-06 17:26:00,7,1616.8
16988,United Kingdom,False,2011-12-04 16:02:00,2011-12-04 16:02:00,1,126.12
16989,United Kingdom,False,2011-07-12 09:11:00,2011-12-02 16:39:00,6,1133.25
16990,United Kingdom,False,2011-05-05 08:30:00,2011-05-05 08:30:00,1,179.0
16992,United Kingdom,False,2011-02-28 10:37:00,2011-11-29 11:50:00,5,1614.31
16995,United Kingdom,False,,,0,0.0
16996,United Kingdom,False,2010-12-21 13:22:00,2011-11-09 16:43:00,6,1456.96
16997,United Kingdom,False,2011-01-18 11:51:00,2011-02-24 17:28:00,3,702.0
16998,United Kingdom,False,2011-02-08 15:42:00,2011-07-13 09:44:00,4,295.0
16999,United Kingdom,False,2011-09-26 15:43:00,2011-11-16 13:53:00,2,484.82
17001,United Kingdom,False,2010-12-16 09:35:00,2011-12-09 09:38:00,11,3989.57
17002,United Kingdom,False,2011-02-22 11:46:00,2011-09-15 12:40:00,3,1493.73
17004,United Kingdom,False,2011-09-08 12:16:00,2011-10-24 14:25:00,2,1312.14
17006,United Kingdom,False,2011-09-25 12:15:00,2011-12-05 12:09:00,4,781.78
17007,United Kingdom,False,2010-12-17 13:57:00,2011-10-20 10:47:00,6,889.93
17010,United Kingdom,False,2011-11-21 14:49:00,2011-11-21 14:49:00,1,195.36
17011,United Kingdom,False,2011-11-09 13:30:00,2011-11-09 13:30:00,1,270.9
17014,United Kingdom,False,2011-10-04 11:36:00,2011-12-01 14:09:00,3,583.43
17015,United Kingdom,False,2011-06-07 13:19:00,2011-11-11 10:45:00,3,1838.61
17017,United Kingdom,False,2010-12-02 10:17:00,2011-12-07 09:32:00,20,8694.26
17018,United Kingdom,False,2011-01-18 08:46:00,2011-10-30 11:42:00,2,920.1
17019,United Kingdom,False,2010-12-06 12:55:00,2011-11-28 13:06:00,4,1258.08
17022,United Kingdom,False,2011-11-08 17:09:00,2011-11-08 17:09:00,1,71.0
17024,United Kingdom,False,2011-07-05 09:31:00,2011-10-25 13:47:00,3,95.85
17025,United Kingdom,False,2010-12-01 15:45:00,2011-10-10 09:06:00,3,357.77
17026,United Kingdom,False,2010-12-05 12:47:00,2011-06-07 14:28:00,2,154.83
17027,United Kingdom,False,2011-01-26 14:19:00,2011-09-22 12:24:00,6,877.56
17029,United Kingdom,False,2011-04-17 10:57:00,2011-08-21 11:06:00,2,716.0
17030,United Kingdom,False,2011-10-07 08:49:00,2011-10-07 08:49:00,1,146.87
17031,United Kingdom,False,2011-07-08 09:38:00,2011-11-28 10:23:00,2,380.35
17033,United Kingdom,False,2010-12-15 13:21:00,2011-09-14 14:34:00,3,1030.14
17034,United Kingdom,False,2011-02-25 10:10:00,2011-11-23 15:14:00,3,745.52
17035,United Kingdom,False,2011-02-01 12:27:00,2011-04-08 11:23:00,2,433.53
17037,United Kingdom,False,2011-09-13 12:49:00,2011-09-13 12:49:00,1,1267.32
17038,United Kingdom,False,2011-11-09 13:50:00,2011-11-09 13:50:00,1,112.4
17040,United Kingdom,False,2011-07-25 10:19:00,2011-07-25 10:19:00,1,449.73
17041,United Kingdom,False,2010-12-14 11:43:00,2011-11-13 11:21:00,3,1071.49
17042,United Kingdom,False,2011-04-06 14:53:00,2011-12-07 12:26:00,5,1036.58
17043,United Kingdom,False,2011-03-18 14:53:00,2011-11-07 15:33:00,4,1735.18
17044,United Kingdom,False,2011-11-14 14:28:00,2011-11-14 14:28:00,1,948.48
17045,United Kingdom,False,2011-04-06 12:08:00,2011-08-18 17:09:00,3,339.44
17046,United Kingdom,False,2011-07-05 14:24:00,2011-07-05 14:24:00,1,642.02
17047,United Kingdom,False,2011-05-18 16:50:00,2011-09-15 13:27:00,3,1100.9
17048,United Kingdom,False,2011-01-12 16:51:00,2011-08-14 11:49:00,3,925.35
17049,United Kingdom,False,2011-03-09 08:33:00,2011-12-07 10:48:00,9,5655.03
17050,United Kingdom,False,2011-02-13 12:41:00,2011-09-04 13:48:00,6,3185.64
17051,United Kingdom,False,2011-05-29 14:13:00,2011-05-29 14:13:00,1,240.89
17052,United Kingdom,False,2011-11-11 14:50:00,2011-11-11 14:50:00,1,399.09
17053,United Kingdom,False,2011-08-01 10:23:00,2011-08-01 10:23:00,1,498.48
17054,United Kingdom,False,2011-04-08 13:14:00,2011-11-11 12:56:00,5,1356.33
17058,United Kingdom,False,2011-04-14 09:18:00,2011-09-19 10:13:00,3,1179.89
17059,United Kingdom,False,2010-12-05 12:35:00,2011-11-10 12:27:00,5,3080.39
17060,United Kingdom,False,2011-03-18 13:27:00,2011-03-18 13:27:00,1,234.24
17061,United Kingdom,False,2011-04-21 13:29:00,2011-09-27 11:24:00,11,5232.23
17062,United Kingdom,False,2010-12-05 11:59:00,2011-01-30 11:01:00,4,533.33
17063,United Kingdom,False,2011-02-23 13:44:00,2011-11-18 16:19:00,7,1461.14
17064,United Kingdom,False,2011-01-16 16:10:00,2011-10-12 10:18:00,3,855.45
17065,United Kingdom,False,,,0,0.0
17068,United Kingdom,False,2010-12-06 13:58:00,2011-11-27 13:14:00,21,4552.14
17069,United Kingdom,False,2010-12-01 16:49:00,2011-11-11 17:13:00,9,2709.7
17070,United Kingdom,False,2011-08-17 17:01:00,2011-08-17 17:01:00,1,304.24
17071,United Kingdom,False,2011-02-03 08:18:00,2011-11-11 16:31:00,9,2429.03
17073,United Kingdom,False,2011-08-22 14:37:00,2011-11-22 11:47:00,4,1446.09
17075,United Kingdom,False,2011-01-26 13:20:00,2011-11-22 11:58:00,4,834.12
17076,United Kingdom,False,2010-12-10 10:08:00,2011-11-03 17:53:00,3,841.08
17078,United Kingdom,False,2011-11-03 18:49:00,2011-11-03 19:17:00,2,378.2
17079,United Kingdom,False,2011-09-22 15:34:00,2011-09-22 15:34:00,1,118.8
17080,United Kingdom,False,2011-03-15 12:05:00,2011-11-17 12:59:00,2,287.62
17081,United Kingdom,False,2011-10-24 13:08:00,2011-11-14 12:56:00,2,288.91
17082,United Kingdom,False,2011-01-25 14:36:00,2011-11-06 15:17:00,2,2003.85
17083,United Kingdom,False,2011-02-09 11:38:00,2011-08-22 15:43:00,3,1405.78
17084,United Kingdom,False,2011-11-04 14:49:00,2011-11-04 14:54:00,2,2747.99
17085,United Kingdom,False,2010-12-12 12:24:00,2011-08-08 14:15:00,5,1562.4
17086,United Kingdom,False,2011-10-07 11:22:00,2011-12-02 13:54:00,6,2050.08
17088,United Kingdom,False,2011-03-31 09:48:00,2011-11-11 14:23:00,4,1991.01
17090,United Kingdom,False,2010-12-20 13:52:00,2011-12-05 13:44:00,7,1974.65
17091,United Kingdom,False,2010-12-07 09:55:00,2011-12-07 10:43:00,9,3827.76
17092,United Kingdom,False,2011-03-07 14:51:00,2011-10-20 19:51:00,4,1774.03
17094,United Kingdom,False,2011-01-21 13:09:00,2011-01-21 13:09:00,1,302.0
17095,United Kingdom,False,2011-01-09 11:05:00,2011-11-17 12:21:00,3,1324.16
17096,United Kingdom,False,2011-03-23 12:05:00,2011-11-24 15:01:00,4,1022.13
17097,Spain,False,2010-12-09 14:55:00,2011-12-07 17:05:00,8,954.42
17100,United Kingdom,False,2011-11-21 16:36:00,2011-11-21 16:36:00,2,971.74
17101,United Kingdom,False,2011-06-14 14:49:00,2011-11-29 13:57:00,4,1621.73
17102,United Kingdom,False,2011-03-23 10:08:00,2011-03-23 10:08:00,1,25.5
17105,United Kingdom,False,2011-02-06 14:46:00,2011-07-03 15:53:00,2,665.78
17107,United Kingdom,False,2011-03-06 15:17:00,2011-11-06 14:14:00,6,10797.48
17109,United Kingdom,False,2011-04-21 15:46:00,2011-11-10 16:59:00,6,881.29
17110,United Kingdom,False,2011-06-27 12:58:00,2011-06-27 12:58:00,1,163.3
17111,United Kingdom,False,2011-10-23 15:59:00,2011-10-23 15:59:00,1,231.61
17114,United Kingdom,False,2011-01-09 11:39:00,2011-12-04 12:17:00,8,801.12
17115,United Kingdom,False,2011-04-20 14:46:00,2011-12-01 14:30:00,3,837.5
17117,United Kingdom,False,2011-02-24 13:54:00,2011-02-24 13:54:00,1,116.2
17118,United Kingdom,False,2011-01-26 12:19:00,2011-01-26 12:19:00,1,157.02
17119,United Kingdom,False,2011-10-11 11:03:00,2011-12-06 14:40:00,2,606.91
17120,United Kingdom,False,2011-04-20 15:21:00,2011-04-20 15:21:00,1,307.46
17122,United Kingdom,False,2011-08-12 14:33:00,2011-08-12 14:33:00,1,138.32
17123,United Kingdom,False,2011-07-01 10:47:00,2011-07-01 10:47:00,1,345.3
17124,United Kingdom,False,2011-06-07 14:02:00,2011-06-07 14:02:00,1,294.24
17125,United Kingdom,False,2011-10-20 14:41:00,2011-10-20 14:41:00,1,230.5
17126,United Kingdom,False,2010-12-12 11:26:00,2011-07-10 13:52:00,5,989.45
17128,United Kingdom,False,2011-01-09 12:02:00,2011-01-09 12:02:00,1,157.09
17131,United Kingdom,False,2011-09-25 12:42:00,2011-12-04 12:52:00,5,2463.17
17133,United Kingdom,False,2011-03-18 13:47:00,2011-11-24 12:27:00,7,4892.24
17134,United Kingdom,False,2011-03-20 11:56:00,2011-08-25 09:53:00,2,413.2
17135,United Kingdom,False,2010-12-03 09:31:00,2011-11-23 16:48:00,7,1139.73
17138,United Kingdom,False,2011-03-09 11:54:00,2011-03-09 11:54:00,1,380.5
17139,United Kingdom,False,2011-02-24 09:32:00,2011-11-24 10:12:00,12,10650.77
17140,United Kingdom,False,2011-04-06 13:33:00,2011-04-06 13:33:00,1,454.12
17142,United Kingdom,False,2011-04-14 18:22:00,2011-04-14 18:22:00,1,579.0
17144,United Kingdom,False,2011-09-16 12:50:00,2011-12-08 17:57:00,2,984.57
17146,United Kingdom,False,2010-12-16 12:20:00,2011-08-26 12:44:00,3,749.78
17147,United Kingdom,False,2011-02-01 09:36:00,2011-11-17 12:32:00,4,1714.59
17148,United Kingdom,False,2011-10-19 09:59:00,2011-10-19 09:59:00,1,124.88
17152,United Kingdom,False,2011-03-21 16:20:00,2011-05-29 12:19:00,3,1689.5
17153,United Kingdom,False,2011-11-15 13:42:00,2011-11-15 13:42:00,1,213.78
17154,United Kingdom,False,2011-09-25 13:42:00,2011-09-25 13:42:00,1,329.34
17155,United Kingdom,False,2011-06-15 10:22:00,2011-11-22 12:38:00,2,251.7
17157,United Kingdom,False,2011-06-16 15:08:00,2011-12-02 09:10:00,2,319.0
17158,United Kingdom,False,2010-12-14 13:03:00,2011-11-07 15:15:00,3,1266.97
17159,United Kingdom,False,2011-06-21 09:49:00,2011-11-18 10:52:00,3,1538.88
17160,United Kingdom,False,2011-04-12 12:00:00,2011-11-08 14:05:00,6,3518.03
17162,United Kingdom,False,2011-02-07 12:27:00,2011-11-11 11:34:00,10,1715.46
17163,United Kingdom,False,2011-09-22 15:54:00,2011-11-18 08:57:00,2,293.1
17164,United Kingdom,False,2011-03-11 14:26:00,2011-11-07 09:14:00,7,2467.35
17165,United Kingdom,False,2011-02-28 16:39:00,2011-02-28 16:39:00,1,158.68
17166,United Kingdom,False,2011-05-20 08:18:00,2011-11-01 09:46:00,2,206.34
17169,United Kingdom,False,2011-06-09 13:16:00,2011-10-13 10:25:00,2,835.78
17171,United Kingdom,False,2011-02-23 16:37:00,2011-02-23 16:37:00,1,224.91
17172,United Kingdom,False,2011-09-22 09:36:00,2011-09-22 09:36:00,1,317.76
17173,United Kingdom,False,2011-07-31 15:26:00,2011-12-04 14:40:00,8,3766.6
17174,United Kingdom,False,2011-05-06 11:47:00,2011-05-06 11:47:00,1,59.9
17175,United Kingdom,False,2011-02-16 14:56:00,2011-10-26 15:31:00,4,1443.69
17176,United Kingdom,False,2011-05-22 12:41:00,2011-05-22 12:41:00,1,306.13
17179,United Kingdom,False,2010-12-13 14:24:00,2011-06-14 16:48:00,3,711.79
17180,United Kingdom,False,2011-01-27 18:05:00,2011-10-14 15:46:00,4,783.97
17181,United Kingdom,False,2010-12-01 12:38:00,2011-10-13 14:48:00,2,239.92
17183,United Kingdom,False,2011-08-26 15:25:00,2011-12-02 10:07:00,6,3347.31
17186,United Kingdom,False,2011-10-10 12:52:00,2011-10-24 10:20:00,2,144.0
17187,United Kingdom,False,2011-04-27 12:39:00,2011-04-27 12:39:00,1,203.95
17188,United Kingdom,False,2010-12-12 12:56:00,2011-11-28 13:53:00,7,2474.23
17189,United Kingdom,False,2010-12-15 17:28:00,2011-08-25 19:39:00,2,383.75
17190,United Kingdom,False,2011-05-16 15:29:00,2011-10-12 11:33:00,2,444.74
17191,United Kingdom,False,2010-12-06 14:36:00,2011-11-11 16:58:00,7,2093.68
17193,United Kingdom,False,2011-06-16 10:04:00,2011-11-04 12:47:00,7,1699.3
17194,United Kingdom,False,2010-12-14 12:06:00,2011-03-11 12:05:00,2,262.62
17197,United Kingdom,False,2011-11-10 10:32:00,2011-11-10 10:32:00,1,1013.01
17198,United Kingdom,False,2010-12-03 14:54:00,2011-11-16 10:39:00,3,692.22
17201,United Kingdom,False,2011-10-17 11:55:00,2011-10-17 11:55:00,1,289.78
17203,United Kingdom,False,2011-10-10 14:37:00,2011-11-04 12:27:00,6,3560.08
17204,United Kingdom,False,2011-03-21 12:42:00,2011-06-17 14:46:00,4,1564.56
17205,United Kingdom,False,2011-10-17 12:46:00,2011-10-17 12:46:00,1,384.08
17206,United Kingdom,False,2011-10-17 13:25:00,2011-10-17 13:25:00,1,204.24
17211,United Kingdom,False,2010-12-05 12:44:00,2011-11-13 12:03:00,8,2317.22
17212,United Kingdom,False,2011-03-31 19:42:00,2011-03-31 19:42:00,1,226.85
17213,United Kingdom,False,2010-12-08 13:03:00,2011-10-30 14:53:00,7,2781.23
17214,United Kingdom,False,2010-12-15 15:14:00,2011-10-10 13:17:00,6,1059.12
17217,United Kingdom,False,2011-04-19 17:19:00,2011-04-19 17:19:00,1,113.5
17218,United Kingdom,False,2010-12-06 15:25:00,2011-12-05 13:52:00,10,1951.97
17219,United Kingdom,False,2011-11-08 11:25:00,2011-11-08 11:25:00,1,114.23
17220,United Kingdom,False,2010-12-10 14:54:00,2011-11-15 13:47:00,14,3187.55
17221,United Kingdom,False,2011-11-03 17:39:00,2011-12-02 13:35:00,2,334.48
17222,United Kingdom,False,2011-10-05 13:58:00,2011-10-05 13:58:00,1,328.65
17223,United Kingdom,False,2010-12-06 14:08:00,2011-02-02 15:57:00,2,416.89
17226,United Kingdom,False,2011-02-04 11:52:00,2011-02-04 11:52:00,1,393.49
17227,United Kingdom,False,2010-12-06 11:16:00,2011-11-21 10:51:00,6,939.32
17228,United Kingdom,False,2010-12-02 16:00:00,2011-11-24 10:24:00,8,1906.09
17229,United Kingdom,False,2011-07-20 12:38:00,2011-09-04 13:56:00,2,318.76
17230,United Kingdom,False,2010-12-15 11:22:00,2011-03-20 16:12:00,8,3638.41
17231,United Kingdom,False,2010-12-13 14:16:00,2011-11-27 15:18:00,10,3124.72
17232,United Kingdom,False,2011-11-25 12:24:00,2011-12-07 12:21:00,2,417.77
17233,United Kingdom,False,2011-11-04 14:06:00,2011-11-04 14:06:00,1,190.88
17234,United Kingdom,False,2011-06-10 11:20:00,2011-06-10 11:20:00,1,149.89
17235,United Kingdom,False,2010-12-02 13:38:00,2011-11-14 15:51:00,2,550.06
17236,United Kingdom,False,2010-12-12 11:49:00,2011-11-27 12:00:00,6,916.13
17237,United Kingdom,False,2011-11-17 12:55:00,2011-11-28 15:02:00,2,314.69
17238,United Kingdom,False,2010-12-03 15:05:00,2011-12-07 11:35:00,17,3719.1
17239,United Kingdom,False,2011-01-31 09:41:00,2011-01-31 09:41:00,1,382.5
17242,United Kingdom,False,2011-06-12 13:04:00,2011-08-23 14:55:00,2,1135.04
17243,United Kingdom,False,2010-12-05 10:03:00,2011-12-08 13:26:00,26,8540.05
17244,United Kingdom,False,2011-10-17 15:19:00,2011-10-17 15:19:00,1,954.9
17245,United Kingdom,False,2011-05-19 10:43:00,2011-05-19 10:43:00,1,171.45
17247,United Kingdom,False,2011-11-24 15:21:00,2011-11-24 15:21:00,1,280.09
17248,United Kingdom,False,2011-08-11 13:34:00,2011-08-11 13:34:00,1,318.65
17250,United Kingdom,False,2011-03-23 16:45:00,2011-12-06 12:15:00,2,381.97
17251,United Kingdom,False,2010-12-12 11:06:00,2010-12-12 11:06:00,1,269.83
17252,United Kingdom,False,2011-06-06 16:41:00,2011-08-15 09:45:00,2,348.91
17253,United Kingdom,False,2011-11-21 12:59:00,2011-11-21 12:59:00,1,178.26
17254,United Kingdom,False,2011-11-24 14:09:00,2011-12-05 12:46:00,2,271.19
17255,United Kingdom,False,2011-02-13 15:18:00,2011-10-30 12:18:00,2,291.48
17256,United Kingdom,False,2011-01-31 14:53:00,2011-08-24 13:30:00,2,240.0
17259,United Kingdom,False,2010-12-06 12:55:00,2011-07-14 15:01:00,2,581.23
17262,United Kingdom,False,2010-12-08 13:30:00,2011-10-18 12:56:00,5,1253.36
17263,United Kingdom,False,2011-05-15 14:32:00,2011-05-15 14:32:00,1,63.44
17265,United Kingdom,False,2011-06-12 12:00:00,2011-07-24 10:49:00,2,550.01
17266,United Kingdom,False,2011-07-15 11:57:00,2011-12-07 14:12:00,3,296.58
17267,United Kingdom,False,2011-08-04 17:19:00,2011-08-04 17:22:00,2,317.2
17268,United Kingdom,False,2011-04-08 13:20:00,2011-08-24 10:06:00,4,763.64
17272,United Kingdom,False,2011-03-22 12:05:00,2011-10-28 16:37:00,4,2148.63
17274,United Kingdom,False,2011-11-04 13:16:00,2011-11-04 13:16:00,1,107.82
17277,United Kingdom,False,2011-01-21 12:37:00,2011-04-26 12:47:00,2,1065.35
17278,United Kingdom,False,2011-04-12 13:10:00,2011-04-12 13:10:00,1,246.04
17279,United Kingdom,False,2011-10-13 11:58:00,2011-10-13 11:58:00,1,187.83
17282,United Kingdom,False,2011-02-13 11:36:00,2011-08-01 14:29:00,3,1685.46
17284,United Kingdom,False,2011-01-07 14:31:00,2011-10-10 14:38:00,6,1647.48
17286,United Kingdom,False,2011-11-18 12:47:00,2011-11-18 12:47:00,1,151.37
17287,United Kingdom,False,2010-12-02 12:22:00,2011-11-13 13:27:00,7,1049.06
17288,United Kingdom,False,2010-12-16 13:33:00,2011-11-30 16:09:00,7,1417.63
17289,United Kingdom,False,2011-06-12 13:51:00,2011-11-08 12:01:00,3,931.02
17290,United Kingdom,False,2011-11-23 15:53:00,2011-12-06 12:38:00,2,513.01
17291,United Kingdom,False,2011-02-04 13:04:00,2011-02-04 13:04:00,1,550.8
17293,United Kingdom,False,2010-12-13 14:55:00,2011-12-01 14:37:00,9,1854.06
17295,United Kingdom,False,2011-10-06 12:22:00,2011-11-11 10:49:00,3,547.0
17297,United Kingdom,False,2011-11-22 14:43:00,2011-11-22 14:43:00,1,128.18
17298,United Kingdom,False,2011-08-07 12:21:00,2011-08-30 16:43:00,2,498.42
17299,United Kingdom,False,2011-06-19 16:04:00,2011-11-28 12:01:00,4,656.61
17301,United Kingdom,False,2011-11-18 13:43:00,2011-11-18 13:43:00,1,163.24
17302,United Kingdom,False,2011-02-07 10:14:00,2011-11-25 09:36:00,5,1135.63
17303,United Kingdom,False,2010-12-13 13:32:00,2010-12-13 13:32:00,1,250.04
17306,United Kingdom,False,2010-12-21 13:34:00,2011-11-29 12:14:00,19,8631.31
17307,United Kingdom,False,,,0,0.0
17309,United Kingdom,False,2011-09-05 15:20:00,2011-09-05 15:20:00,1,82.75
17311,United Kingdom,False,2011-01-27 10:56:00,2011-09-22 14:11:00,2,1384.85
17312,United Kingdom,False,2011-07-03 13:12:00,2011-07-24 11:52:00,3,644.3
17313,United Kingdom,False,2011-11-08 15:45:00,2011-11-08 15:45:00,1,2328.84
17314,United Kingdom,False,2011-01-31 11:25:00,2011-11-15 09:41:00,8,2527.92
17315,United Kingdom,False,2010-12-17 12:24:00,2011-12-08 12:15:00,38,6281.23
17317,United Kingdom,False,2011-09-11 12:45:00,2011-10-24 17:19:00,3,2600.34
17320,United Kingdom,False,2010-12-06 15:38:00,2011-08-31 13:31:00,3,1200.62
17321,United Kingdom,False,2011-10-03 11:34:00,2011-12-01 13:41:00,2,657.16
17323,United Kingdom,False,2011-02-20 14:38:00,2011-11-24 17:29:00,7,906.52
17324,United Kingdom,False,2010-12-08 12:45:00,2011-11-22 10:34:00,4,986.48
17325,United Kingdom,False,2011-03-04 13:09:00,2011-03-04 13:09:00,1,96.8
17329,United Kingdom,False,2011-01-28 15:29:00,2011-11-25 14:24:00,2,523.11
17330,United Kingdom,False,2011-10-03 11:26:00,2011-11-17 08:56:00,2,363.9
17331,United Kingdom,False,2011-08-08 11:55:00,2011-08-08 11:55:00,1,175.2
17333,United Kingdom,False,2011-09-15 10:11:00,2011-09-15 10:11:00,1,494.25
17334,United Kingdom,False,2011-02-04 09:03:00,2011-02-10 14:59:00,2,307.02
17337,United Kingdom,False,2011-02-02 17:06:00,2011-07-11 14:55:00,4,1981.06
17338,United Kingdom,False,2010-12-13 12:57:00,2011-11-22 14:23:00,8,6493.54
17339,United Kingdom,False,2010-12-09 14:44:00,2011-09-06 13:29:00,2,243.36
17340,United Kingdom,False,2010-12-08 15:56:00,2011-11-10 10:45:00,11,12353.29
17341,United Kingdom,False,2010-12-08 12:46:00,2011-07-06 12:33:00,3,682.29
17343,United Kingdom,False,2010-12-19 15:07:00,2010-12-19 15:07:00,1,193.64
17344,United Kingdom,False,2011-10-24 12:56:00,2011-10-24 12:56:00,1,157.62
17345,United Kingdom,False,2011-05-27 12:26:00,2011-11-24 15:03:00,4,519.69
17346,United Kingdom,False,2010-12-01 14:34:00,2011-12-06 12:18:00,15,2622.88
17347,United Kingdom,False,2011-09-14 13:12:00,2011-09-14 13:12:00,1,228.96
17348,United Kingdom,False,2011-02-15 10:49:00,2011-11-25 11:25:00,5,1156.6
17349,United Kingdom,False,2011-06-13 14:29:00,2011-06-13 14:29:00,1,98.25
17350,United Kingdom,False,2011-10-19 16:05:00,2011-12-01 15:47:00,4,1281.32
17351,United Kingdom,False,2011-03-11 16:05:00,2011-11-03 18:45:00,3,587.15
17353,United Kingdom,False,2011-07-08 16:17:00,2011-08-02 17:19:00,2,1740.0
17354,United Kingdom,False,2011-10-20 10:34:00,2011-10-20 10:34:00,1,1393.06
17356,United Kingdom,False,2011-02-01 11:07:00,2011-02-01 11:07:00,1,178.22
17357,United Kingdom,False,2011-11-15 16:29:00,2011-11-15 16:30:00,2,384.39
17358,United Kingdom,False,2010-12-19 14:16:00,2011-02-09 16:57:00,2,360.81
17359,United Kingdom,False,2011-11-28 14:37:00,2011-11-28 14:37:00,1,127.86
17360,United Kingdom,False,2011-06-08 17:09:00,2011-11-22 13:11:00,3,568.24
17361,United Kingdom,False,2011-02-21 09:55:00,2011-10-21 15:43:00,3,488.2
17362,United Kingdom,False,2011-02-03 10:26:00,2011-04-14 14:43:00,2,312.23
17364,United Kingdom,False,2011-01-12 16:57:00,2011-12-09 09:00:00,11,4462.68
17365,United Kingdom,False,2011-01-11 12:11:00,2011-11-27 12:13:00,8,4767.36
17367,United Kingdom,False,2011-04-15 14:21:00,2011-04-15 14:21:00,1,167.55
17368,United Kingdom,False,2011-01-06 11:57:00,2011-11-16 15:26:00,8,1878.87
17370,United Kingdom,False,2011-06-23 11:50:00,2011-09-28 10:14:00,4,446.18
17371,United Kingdom,False,2010-12-13 15:20:00,2011-11-22 13:30:00,3,418.4
17372,United Kingdom,False,2010-12-12 12:00:00,2011-10-30 11:37:00,8,1337.18
17373,United Kingdom,False,2011-01-31 11:46:00,2011-10-30 15:28:00,4,646.92
17374,United Kingdom,False,2011-03-03 12:53:00,2011-05-05 09:05:00,2,495.77
17375,United Kingdom,False,2010-12-13 15:16:00,2011-05-24 15:45:00,3,400.1
17376,United Kingdom,False,2011-02-01 14:12:00,2011-09-30 12:36:00,2,203.2
17377,United Kingdom,False,2010-12-01 12:35:00,2011-11-16 11:17:00,20,4058.32
17379,United Kingdom,False,2011-11-28 13:56:00,2011-11-28 13:56:00,1,389.72
17381,United Kingdom,False,2010-12-02 12:58:00,2011-12-01 11:59:00,29,20275.61
17382,United Kingdom,False,2011-10-05 13:05:00,2011-10-05 13:05:00,1,65.4
17383,United Kingdom,False,2011-12-05 17:36:00,2011-12-05 17:36:00,1,193.39
17384,United Kingdom,False,2011-05-04 16:07:00,2011-11-20 15:48:00,2,336.4
17385,United Kingdom,False,2011-11-25 11:02:00,2011-11-25 11:02:00,1,256.11
17386,United Kingdom,False,2011-06-27 12:11:00,2011-12-02 11:28:00,6,2686.42
17387,United Kingdom,False,2011-11-06 11:25:00,2011-11-20 11:00:00,2,746.81
17388,United Kingdom,False,2011-02-25 12:28:00,2011-09-23 10:31:00,4,1259.56
17389,United Kingdom,False,2011-01-12 15:48:00,2011-12-09 09:38:00,34,31833.68
17391,United Kingdom,False,2011-06-28 12:21:00,2011-06-29 09:58:00,2,508.8
17392,United Kingdom,False,2010-12-16 19:04:00,2011-02-06 12:48:00,2,417.27
17394,United Kingdom,False,2011-05-04 13:22:00,2011-05-04 13:22:00,1,203.87
17396,United Kingdom,False,2010-12-03 09:45:00,2011-10-31 14:12:00,8,7330.8
17397,United Kingdom,False,2011-11-17 13:58:00,2011-11-17 14:08:00,2,681.41
17398,United Kingdom,False,2011-03-29 13:04:00,2011-08-17 09:48:00,3,653.38
17400,United Kingdom,False,2010-12-21 17:16:00,2011-08-05 15:38:00,5,2097.84
17402,United Kingdom,False,2010-12-05 13:53:00,2011-12-05 10:15:00,13,2633.85
17403,United Kingdom,False,2011-11-03 15:18:00,2011-11-03 15:18:00,1,263.92
17404,Sweden,False,2010-12-14 13:28:00,2011-12-05 16:26:00,15,31906.82
17405,United Kingdom,False,2011-07-12 14:17:00,2011-12-08 17:12:00,3,1031.41
17406,United Kingdom,False,2010-12-08 10:35:00,2011-01-10 15:07:00,3,2184.42
17408,United Kingdom,False,2011-06-29 12:53:00,2011-06-29 12:53:00,1,32.65
17409,United Kingdom,False,2011-04-05 16:42:00,2011-06-08 10:36:00,2,771.85
17410,United Kingdom,False,2011-05-08 15:21:00,2011-11-23 15:46:00,5,1214.72
17411,United Kingdom,False,2011-03-23 13:44:00,2011-11-27 14:25:00,3,778.94
17412,United Kingdom,False,2010-12-02 16:29:00,2011-12-07 11:36:00,7,1258.06
17414,United Kingdom,False,2011-06-08 11:43:00,2011-10-27 12:13:00,2,778.0
17415,United Kingdom,False,2011-09-21 12:50:00,2011-09-21 12:50:00,1,507.84
17416,United Kingdom,False,2011-03-03 13:45:00,2011-11-10 12:47:00,7,6893.42
17418,United Kingdom,False,2011-01-20 11:39:00,2011-10-28 13:00:00,2,463.46
17419,United Kingdom,False,2010-12-07 15:03:00,2011-11-28 13:47:00,12,4226.57
17420,United Kingdom,False,2010-12-01 09:56:00,2011-10-20 14:52:00,3,598.83
17422,United Kingdom,False,2011-02-16 14:44:00,2011-11-23 13:27:00,6,1979.37
17423,United Kingdom,False,2011-05-06 09:14:00,2011-10-24 13:36:00,2,698.41
17425,United Kingdom,False,2011-10-10 11:37:00,2011-11-20 15:30:00,2,759.17
17426,United Kingdom,False,2011-03-02 16:34:00,2011-12-01 18:07:00,6,5037.26
17427,United Kingdom,False,2011-09-29 11:29:00,2011-09-29 11:29:00,1,100.8
17428,United Kingdom,False,2010-12-06 09:37:00,2011-12-09 09:45:00,28,17256.85
17429,United Kingdom,False,2011-05-05 09:53:00,2011-08-03 13:22:00,3,524.92
17430,United Kingdom,False,2010-12-09 13:05:00,2011-11-07 09:24:00,2,265.76
17431,United Kingdom,False,2011-01-30 14:36:00,2011-01-30 14:36:00,1,403.3
17432,United Kingdom,False,2011-11-02 17:30:00,2011-11-21 17:33:00,2,365.76
17433,United Kingdom,False,2011-09-12 14:24:00,2011-09-12 14:24:00,1,303.16
17434,United Kingdom,False,2011-09-15 13:54:00,2011-12-07 13:16:00,7,2373.82
17436,United Kingdom,False,2011-04-27 11:33:00,2011-12-08 12:30:00,2,216.3
17438,United Kingdom,False,2011-03-31 10:26:00,2011-03-31 10:26:00,1,388.45
17440,United Kingdom,False,2011-04-06 12:05:00,2011-07-06 11:54:00,3,186.42
17442,United Kingdom,False,2011-02-22 13:02:00,2011-11-03 09:17:00,6,2248.56
17443,Canada,False,2011-05-04 10:47:00,2011-05-04 10:47:00,1,534.24
17444,Canada,False,2011-06-20 09:04:00,2011-07-15 12:05:00,3,2940.04
17446,United Kingdom,False,2011-02-02 14:40:00,2011-06-16 10:42:00,2,120.9
17447,United Kingdom,False,2011-09-29 10:10:00,2011-10-30 14:18:00,2,541.53
17448,United Kingdom,False,,,0,0.0
17449,United Kingdom,False,2010-12-15 10:57:00,2011-12-07 16:56:00,7,2519.21
17450,United Kingdom,False,2010-12-07 09:23:00,2011-12-01 13:29:00,46,194390.79
17451,United Kingdom,False,2011-08-26 11:54:00,2011-12-08 15:02:00,7,1721.4
17453,United Kingdom,False,2011-10-06 17:02:00,2011-11-22 09:42:00,2,486.72
17454,United Kingdom,False,2010-12-15 10:54:00,2011-05-31 13:58:00,4,517.53
17455,United Kingdom,False,2011-05-20 12:31:00,2011-05-20 12:31:00,1,131.7
17456,United Kingdom,False,2010-12-09 15:23:00,2010-12-09 15:23:00,1,249.86
17457,United Kingdom,False,2011-01-04 14:33:00,2011-08-05 12:48:00,5,1737.7
17458,United Kingdom,False,2011-11-24 13:01:00,2011-11-24 13:01:00,1,316.5
17459,United Kingdom,False,2011-10-10 17:00:00,2011-10-27 13:25:00,2,657.3
17460,United Kingdom,False,2010-12-01 16:24:00,2011-09-06 15:04:00,6,622.43
17461,United Kingdom,False,2011-11-10 12:01:00,2011-11-17 10:21:00,3,735.82
17462,United Kingdom,False,2011-02-28 17:01:00,2011-10-10 13:56:00,2,675.69
17463,United Kingdom,False,2011-01-30 15:48:00,2011-11-23 13:40:00,5,1875.86
17464,United Kingdom,False,2011-07-04 13:19:00,2011-07-04 13:19:00,1,289.96
17466,United Kingdom,False,2011-09-22 09:16:00,2011-11-29 13:15:00,2,763.28
17468,United Kingdom,False,2011-11-25 12:52:00,2011-11-29 15:33:00,2,137.0
17469,United Kingdom,False,2011-05-19 08:55:00,2011-11-23 13:15:00,5,1870.97
17470,United Kingdom,False,2010-12-07 09:57:00,2011-10-26 12:42:00,5,1125.07
17472,United Kingdom,False,2011-02-13 14:40:00,2011-06-01 14:57:00,3,697.54
17475,United Kingdom,False,2011-09-21 14:55:00,2011-09-21 14:55:00,1,194.37
17480,United Kingdom,False,2011-09-23 11:39:00,2011-09-23 11:39:00,1,511.82
17481,United Kingdom,False,2011-09-07 09:57:00,2011-12-06 12:28:00,4,1255.59
17483,United Kingdom,False,2011-06-09 19:40:00,2011-10-05 13:10:00,3,414.04
17486,United Kingdom,False,2011-03-23 14:00:00,2011-03-23 14:00:00,1,396.87
17489,United Kingdom,False,2011-05-11 11:34:00,2011-10-12 08:56:00,2,376.64
17490,United Kingdom,False,2011-06-16 09:15:00,2011-12-09 09:08:00,7,2092.32
17491,United Kingdom,False,2010-12-07 12:18:00,2011-12-08 16:18:00,10,3558.87
17492,United Kingdom,False,2011-04-05 15:21:00,2011-04-05 15:21:00,1,374.57
17495,United Kingdom,False,2011-11-01 12:06:00,2011-12-02 12:08:00,2,497.56
17496,United Kingdom,False,2010-12-16 08:39:00,2010-12-16 08:39:00,1,271.05
17498,United Kingdom,False,2011-09-25 12:25:00,2011-09-25 12:25:00,1,272.22
17499,United Kingdom,False,2011-02-23 09:14:00,2011-02-23 09:14:00,1,622.88
17500,United Kingdom,False,2011-11-10 09:08:00,2011-11-22 14:25:00,3,1138.0
17501,United Kingdom,False,2011-05-03 09:46:00,2011-05-03 09:47:00,2,288.6
17502,United Kingdom,False,2011-11-10 16:39:00,2011-11-30 13:13:00,4,689.1
17503,United Kingdom,False,2011-11-01 11:12:00,2011-12-07 09:18:00,2,558.96
17504,United Kingdom,False,2011-01-21 11:09:00,2011-05-17 12:59:00,9,2997.03
17505,United Kingdom,False,2011-05-18 09:01:00,2011-07-01 12:50:00,2,1145.84
17506,United Kingdom,False,2011-09-25 11:39:00,2011-09-25 11:39:00,1,302.2
17507,United Kingdom,False,2011-02-03 18:08:00,2011-03-23 11:48:00,2,605.58
17508,Greece,False,2011-03-04 08:10:00,2011-03-04 08:10:00,1,387.31
17509,United Kingdom,False,2011-10-07 13:14:00,2011-10-13 10:26:00,8,6083.64
17510,United Kingdom,False,2011-11-15 10:00:00,2011-11-15 10:00:00,1,308.48
17511,United Kingdom,False,2010-12-01 10:19:00,2011-12-07 10:12:00,31,91062.38
17512,United Kingdom,False,2011-02-11 12:22:00,2011-11-11 12:11:00,10,2924.99
17513,United Kingdom,False,2011-09-28 16:42:00,2011-09-28 16:42:00,1,513.2
17514,United Kingdom,False,2011-08-03 15:45:00,2011-08-03 15:45:00,1,208.65
17515,United Kingdom,False,2011-01-25 14:33:00,2011-11-08 14:04:00,4,639.02
17516,United Kingdom,False,2011-02-27 12:41:00,2011-11-24 16:51:00,5,764.88
17517,United Kingdom,False,2011-02-04 11:48:00,2011-02-04 11:48:00,1,153.94
17519,United Kingdom,False,2010-12-06 15:18:00,2011-11-22 16:43:00,6,1844.02
17520,United Kingdom,False,2011-10-17 12:04:00,2011-10-17 12:04:00,1,546.81
17521,United Kingdom,False,2011-05-24 15:14:00,2011-11-10 11:22:00,3,723.21
17522,United Kingdom,False,2011-05-05 16:31:00,2011-12-08 12:31:00,5,1070.71
17523,United Kingdom,False,2011-11-20 13:40:00,2011-11-28 13:20:00,4,652.74
17524,United Kingdom,False,2010-12-13 14:32:00,2010-12-13 14:32:00,1,145.0
17525,United Kingdom,False,2010-12-15 12:05:00,2010-12-15 12:05:00,1,422.7
17526,United Kingdom,False,2010-12-09 12:20:00,2011-12-05 11:05:00,4,1195.9
17527,United Kingdom,False,2011-05-05 13:43:00,2011-10-17 12:32:00,4,939.37
17528,United Kingdom,False,2011-09-29 13:04:00,2011-12-08 13:27:00,8,3628.5
17530,United Kingdom,False,2010-12-09 20:01:00,2011-12-08 18:42:00,10,2367.12
17531,United Kingdom,False,2011-06-02 19:17:00,2011-06-02 19:17:00,1,296.7
17534,United Kingdom,False,2011-10-17 12:47:00,2011-10-17 12:47:00,1,223.36
17535,United Kingdom,False,2011-03-04 15:20:00,2011-03-04 15:20:00,1,164.4
17536,United Kingdom,False,2011-06-15 13:23:00,2011-06-15 13:23:00,1,76.5
17537,United Kingdom,False,2011-02-09 13:37:00,2011-11-10 10:56:00,2,887.67
17538,United Kingdom,False,2011-11-14 12:12:00,2011-11-14 12:12:00,1,98.42
17540,United Kingdom,False,2011-01-27 14:35:00,2011-11-15 11:56:00,2,578.9
17542,United Kingdom,False,2011-03-15 11:45:00,2011-03-15 11:45:00,1,170.75
17545,United Kingdom,False,2011-10-27 13:48:00,2011-10-27 14:04:00,3,642.32
17547,United Kingdom,False,,,0,0.0
17548,United Kingdom,False,2011-04-20 12:01:00,2011-04-20 12:01:00,1,103.3
17549,United Kingdom,False,2011-10-19 10:05:00,2011-11-16 09:59:00,2,148.86
17550,United Kingdom,False,2011-04-10 15:19:00,2011-05-26 14:09:00,3,267.16
17551,United Kingdom,False,2010-12-15 14:12:00,2010-12-15 14:12:00,1,290.34
17552,United Kingdom,False,2010-12-02 18:45:00,2011-10-10 17:00:00,4,930.41
17553,United Kingdom,False,2011-08-02 10:00:00,2011-08-02 10:00:00,1,1487.6
17554,United Kingdom,False,2011-07-14 20:01:00,2011-12-08 14:15:00,5,1952.45
17555,United Kingdom,False,2011-01-09 12:31:00,2011-11-20 12:22:00,2,480.31
17556,United Kingdom,False,2011-05-18 10:48:00,2011-05-18 10:48:00,1,157.9
17557,United Kingdom,False,2011-09-19 14:23:00,2011-11-25 12:57:00,3,541.46
17560,United Kingdom,False,2011-02-02 11:14:00,2011-09-06 09:18:00,4,854.95
17561,United Kingdom,False,2011-11-20 12:53:00,2011-11-20 12:53:00,1,165.12
17562,United Kingdom,False,2011-06-19 13:06:00,2011-11-25 14:21:00,7,1122.38
17564,United Kingdom,False,2011-09-20 14:00:00,2011-11-15 13:27:00,3,454.01
17566,United Kingdom,False,2011-11-14 13:42:00,2011-12-01 19:54:00,2,869.77
17567,United Kingdom,False,2010-12-02 15:18:00,2011-12-02 15:48:00,8,4331.48
17569,United Kingdom,False,2011-01-11 14:15:00,2011-01-11 14:15:00,1,344.14
17571,United Kingdom,False,2011-02-14 15:15:00,2011-10-20 15:57:00,4,1425.67
17572,United Kingdom,False,2010-12-01 12:51:00,2011-09-29 17:53:00,4,226.75
17573,United Kingdom,False,2011-09-07 10:36:00,2011-11-10 13:01:00,3,380.6
17574,United Kingdom,False,2011-04-11 09:47:00,2011-04-11 09:47:00,1,185.65
17576,United Kingdom,False,2010-12-09 16:57:00,2011-12-01 17:56:00,19,3564.83
17578,United Kingdom,False,2011-05-05 18:38:00,2011-05-05 18:38:00,1,143.46
17579,United Kingdom,False,2011-06-13 14:12:00,2011-12-05 12:28:00,3,448.9
17580,United Kingdom,False,2010-12-16 15:27:00,2011-04-01 12:41:00,3,215.72
17581,United Kingdom,False,2010-12-02 14:47:00,2011-12-09 12:21:00,25,11025.24
17582,United Kingdom,False,2011-04-17 13:18:00,2011-04-17 13:18:00,1,175.27
17584,United Kingdom,False,2011-08-04 14:12:00,2011-12-02 17:12:00,2,1242.3
17585,United Kingdom,False,2011-01-05 15:09:00,2011-08-22 13:30:00,4,1116.68
17588,United Kingdom,False,2011-04-21 10:31:00,2011-08-31 13:37:00,3,1240.2
17589,United Kingdom,False,2011-04-13 13:47:00,2011-10-10 16:58:00,4,2404.17
17590,United Kingdom,False,2011-10-30 14:05:00,2011-12-07 12:55:00,3,1468.02
17591,United Kingdom,False,2010-12-07 15:39:00,2011-09-27 13:42:00,7,2203.67
17593,United Kingdom,False,2010-12-22 10:29:00,2011-12-06 10:30:00,5,3923.86
17594,United Kingdom,False,2011-03-30 10:32:00,2011-09-15 16:34:00,2,993.18
17595,United Kingdom,False,2011-11-02 16:19:00,2011-11-27 16:08:00,2,386.69
17596,United Kingdom,False,2010-12-06 12:34:00,2011-11-16 14:11:00,7,2806.69
17597,United Kingdom,False,2011-05-10 11:54:00,2011-05-10 11:54:00,1,2044.37
17600,United Kingdom,False,2011-11-22 09:43:00,2011-11-22 09:43:00,1,161.67
17601,United Kingdom,False,2011-04-14 18:02:00,2011-04-14 18:02:00,1,116.01
17602,United Kingdom,False,2011-01-19 16:18:00,2011-12-07 13:53:00,6,5054.42
17603,United Kingdom,False,2011-09-22 14:18:00,2011-09-22 14:18:00,1,394.72
17604,United Kingdom,False,2011-01-31 15:09:00,2011-05-06 13:43:00,2,309.36
17608,United Kingdom,False,2011-11-06 13:00:00,2011-11-06 13:06:00,2,191.99
17609,United Kingdom,False,2011-01-16 16:23:00,2011-10-30 12:28:00,5,1105.78
17611,United Kingdom,False,2010-12-13 13:52:00,2011-12-02 13:29:00,15,3961.12
17612,United Kingdom,False,2011-02-15 10:40:00,2011-10-17 14:59:00,6,2048.45
17613,United Kingdom,False,2011-02-07 11:20:00,2011-11-17 10:51:00,14,4544.55
17614,United Kingdom,False,2011-10-13 16:01:00,2011-10-13 16:01:00,1,386.32
17615,United Kingdom,False,2011-05-01 15:33:00,2011-08-01 14:06:00,3,329.6
17616,United Kingdom,False,2010-12-07 10:04:00,2011-06-19 10:11:00,3,571.2
17618,United Kingdom,False,2010-12-12 16:05:00,2011-12-04 11:50:00,3,930.28
17619,United Kingdom,False,2011-01-31 14:18:00,2011-01-31 14:18:00,1,214.37
17620,United Kingdom,False,2011-10-11 12:08:00,2011-10-11 12:08:00,1,81.44
17621,United Kingdom,False,2010-12-20 13:31:00,2011-11-18 17:11:00,3,1379.9
17623,United Kingdom,False,2011-11-07 11:32:00,2011-11-07 11:32:00,1,527.05
17624,United Kingdom,False,2011-05-05 17:59:00,2011-11-25 10:52:00,2,843.48
17625,United Kingdom,False,2011-03-27 12:21:00,2011-11-21 13:36:00,4,2020.4
17628,United Kingdom,False,2011-09-19 15:21:00,2011-09-19 15:21:00,1,75.75
17629,United Kingdom,False,2010-12-15 09:58:00,2011-12-04 10:56:00,8,1814.12
17630,United Kingdom,False,2011-04-21 14:03:00,2011-06-23 11:58:00,2,503.6
17631,United Kingdom,False,2011-04-21 13:22:00,2011-12-08 09:47:00,3,528.33
17633,United Kingdom,False,2011-08-11 15:43:00,2011-11-08 13:25:00,4,1324.84
17634,United Kingdom,False,2011-01-06 12:45:00,2011-11-03 13:09:00,9,2358.59
17636,United Kingdom,False,2011-11-20 14:40:00,2011-11-20 14:40:00,1,285.56
17637,United Kingdom,False,2011-08-16 13:25:00,2011-11-08 12:51:00,2,547.06
17639,United Kingdom,False,2011-03-08 15:22:00,2011-03-08 15:22:00,1,108.5
17640,United Kingdom,False,2011-09-14 09:13:00,2011-09-14 09:13:00,1,621.66
17642,United Kingdom,False,2011-06-16 12:55:00,2011-08-12 09:11:00,2,712.29
17643,United Kingdom,False,2010-12-01 14:38:00,2010-12-01 14:38:00,1,101.55
17644,United Kingdom,False,2011-03-24 09:44:00,2011-12-08 13:43:00,11,2895.64
17646,United Kingdom,False,2010-12-09 14:28:00,2011-05-04 13:17:00,3,1008.39
17647,United Kingdom,False,2011-10-05 15:38:00,2011-10-05 15:38:00,1,133.06
17648,United Kingdom,False,2011-04-04 10:29:00,2011-10-10 09:41:00,4,1797.5
17649,United Kingdom,False,2011-07-24 15:53:00,2011-07-24 15:53:00,1,868.49
17650,United Kingdom,False,2011-11-18 14:52:00,2011-11-18 14:52:00,1,166.08
17651,United Kingdom,False,2011-06-15 15:57:00,2011-11-28 10:29:00,10,3945.0
17652,United Kingdom,False,2011-03-03 14:05:00,2011-11-14 12:55:00,12,4867.72
17653,United Kingdom,False,2011-08-11 15:24:00,2011-11-03 12:46:00,4,1207.56
17654,United Kingdom,False,2011-03-07 13:17:00,2011-03-07 13:17:00,1,117.55
17655,United Kingdom,False,2010-12-08 16:45:00,2011-11-29 11:34:00,7,2638.94
17656,United Kingdom,False,2011-08-03 10:45:00,2011-09-27 13:04:00,5,1674.69
17658,United Kingdom,False,2011-05-12 15:23:00,2011-11-14 12:07:00,2,595.42
17659,United Kingdom,False,2010-12-02 16:46:00,2011-11-22 13:29:00,12,2999.46
17660,United Kingdom,False,2011-07-21 13:37:00,2011-07-21 13:37:00,1,178.75
17663,United Kingdom,False,2011-02-25 14:11:00,2011-11-14 08:56:00,7,1802.91
17664,United Kingdom,False,2011-05-11 14:17:00,2011-11-21 11:29:00,2,604.64
17666,United Kingdom,False,2011-10-05 11:06:00,2011-12-06 09:06:00,2,728.16
17667,United Kingdom,False,2011-02-14 09:24:00,2011-10-04 14:32:00,5,2055.51
17668,United Kingdom,False,2011-11-01 14:45:00,2011-12-08 13:25:00,2,347.75
17669,United Kingdom,False,2011-04-04 10:11:00,2011-10-28 08:53:00,7,3406.72
17670,United Kingdom,False,2011-04-26 09:12:00,2011-04-26 09:12:00,1,205.7
17671,United Kingdom,False,2010-12-09 14:27:00,2011-11-24 12:21:00,4,1572.71
17672,United Kingdom,False,2011-02-03 13:29:00,2011-10-20 14:18:00,2,3178.17
17673,United Kingdom,False,2011-01-23 15:16:00,2011-12-08 12:50:00,6,1594.97
17674,United Kingdom,False,2010-12-06 10:20:00,2011-09-26 13:35:00,2,551.04
17675,United Kingdom,False,2010-12-07 13:22:00,2011-12-08 18:03:00,31,20374.28
17676,United Kingdom,False,2010-12-08 13:49:00,2011-12-05 15:16:00,6,1371.18
17677,United Kingdom,False,2010-12-06 08:42:00,2011-12-08 09:56:00,30,16345.38
17678,United Kingdom,False,2011-03-21 11:52:00,2011-03-21 11:52:00,1,298.11
17679,United Kingdom,False,2011-09-15 10:35:00,2011-10-18 07:43:00,2,1992.11
17680,United Kingdom,False,2011-11-16 12:42:00,2011-11-16 12:42:00,1,184.4
17682,United Kingdom,False,2010-12-06 13:35:00,2011-11-29 15:59:00,6,2474.33
17684,United Kingdom,False,2011-10-27 11:10:00,2011-10-27 11:10:00,1,239.41
17685,United Kingdom,False,2010-12-02 14:42:00,2011-11-23 11:36:00,7,3155.83
17686,United Kingdom,False,2011-02-10 10:18:00,2011-12-02 15:39:00,7,5739.46
17690,United Kingdom,False,2010-12-01 16:15:00,2011-11-09 15:17:00,15,4726.8
17691,United Kingdom,False,2010-12-06 11:10:00,2010-12-16 17:20:00,2,290.4
17692,United Kingdom,False,2010-12-15 13:37:00,2011-08-04 14:01:00,4,740.94
17693,United Kingdom,False,2011-07-25 15:48:00,2011-07-25 15:48:00,1,200.47
17694,United Kingdom,False,2011-07-21 12:00:00,2011-07-21 12:00:00,1,283.12
17695,United Kingdom,False,2011-06-21 12:35:00,2011-07-31 10:40:00,2,765.34
17696,United Kingdom,False,2010-12-10 09:51:00,2011-11-01 13:43:00,8,2285.71
17697,United Kingdom,False,2011-04-17 15:40:00,2011-04-17 15:40:00,1,338.95
17698,United Kingdom,False,2011-03-24 11:34:00,2011-03-24 11:34:00,1,154.95
17700,United Kingdom,False,2011-03-03 16:34:00,2011-11-23 11:51:00,4,2534.64
17701,United Kingdom,False,2011-04-01 12:25:00,2011-04-01 12:25:00,1,417.95
17702,United Kingdom,False,2011-05-17 16:23:00,2011-11-09 16:03:00,4,1824.37
17703,United Kingdom,False,2011-07-24 13:30:00,2011-11-04 15:51:00,3,798.74
17704,United Kingdom,False,2011-04-14 09:28:00,2011-06-24 09:40:00,2,885.19
17705,United Kingdom,False,2011-02-11 10:57:00,2011-12-06 13:45:00,9,1823.52
17706,United Kingdom,False,2010-12-08 11:02:00,2011-12-05 13:34:00,17,10504.49
17707,United Kingdom,False,2011-01-07 13:30:00,2011-06-07 15:03:00,2,152.4
17708,United Kingdom,False,2011-01-19 10:09:00,2011-06-05 10:12:00,2,263.33
17709,United Kingdom,False,2011-06-23 11:55:00,2011-06-23 11:55:00,1,137.45
17711,United Kingdom,False,2011-02-23 11:32:00,2011-11-29 11:40:00,2,385.1
17712,United Kingdom,False,2011-10-26 12:28:00,2011-10-26 12:28:00,1,522.91
17714,United Kingdom,False,2011-01-23 10:32:00,2011-01-23 10:32:00,1,153.0
17715,United Kingdom,False,2011-05-23 12:32:00,2011-05-23 12:32:00,1,326.4
17716,United Kingdom,False,2011-03-17 10:38:00,2011-11-17 12:00:00,11,5655.99
17718,United Kingdom,False,2011-04-21 13:39:00,2011-04-21 13:39:00,1,139.35
17719,United Kingdom,False,2011-03-29 11:29:00,2011-11-02 10:36:00,15,5396.04
17720,United Kingdom,False,2010-12-07 10:43:00,2011-11-13 15:04:00,4,1195.94
17722,United Kingdom,False,2010-12-08 12:41:00,2011-09-04 15:22:00,4,2424.04
17723,United Kingdom,False,2011-05-09 14:44:00,2011-08-04 18:37:00,6,3276.4
17724,United Kingdom,False,2011-07-24 13:26:00,2011-09-29 15:26:00,3,1033.0
17725,United Kingdom,False,2011-03-17 19:47:00,2011-11-23 16:34:00,11,3439.08
17727,United Kingdom,False,2011-11-24 17:06:00,2011-11-24 17:06:00,1,1060.25
17728,United Kingdom,False,2011-09-14 11:39:00,2011-12-06 08:52:00,3,2876.01
17730,United Kingdom,False,2011-01-17 14:49:00,2011-12-06 15:43:00,13,5298.48
17731,United Kingdom,False,2011-06-09 14:18:00,2011-09-21 15:02:00,4,1240.11
17732,United Kingdom,False,2010-12-02 09:29:00,2010-12-02 09:29:00,1,303.97
17733,United Kingdom,False,2011-03-23 09:54:00,2011-11-01 08:16:00,2,692.19
17734,United Kingdom,False,2011-04-20 10:04:00,2011-10-17 12:33:00,3,700.63
17735,United Kingdom,False,2010-12-07 10:32:00,2011-12-07 16:47:00,19,13110.02
17736,United Kingdom,False,2011-08-18 14:33:00,2011-11-30 15:36:00,3,377.44
17737,United Kingdom,False,2011-10-12 14:42:00,2011-11-30 15:16:00,2,168.24
17738,United Kingdom,False,2011-03-02 16:26:00,2011-11-20 15:05:00,4,1879.05
17739,United Kingdom,False,2010-12-14 14:26:00,2011-11-28 09:12:00,7,2791.35
17742,United Kingdom,False,2011-01-11 10:04:00,2011-08-18 15:28:00,2,355.11
17744,United Kingdom,False,2010-12-16 14:17:00,2011-12-06 12:11:00,6,2322.4
17746,United Kingdom,False,2011-04-13 14:31:00,2011-04-13 14:31:00,1,110.25
17747,United Kingdom,False,2011-08-19 08:13:00,2011-08-19 08:13:00,1,71.4
17749,United Kingdom,False,2011-03-28 13:39:00,2011-06-14 15:45:00,2,674.52
17750,United Kingdom,False,2011-06-28 15:44:00,2011-12-04 14:09:00,9,1710.45
17752,United Kingdom,False,2010-12-15 16:19:00,2010-12-15 16:19:00,1,80.64
17754,United Kingdom,False,2011-03-24 13:54:00,2011-12-09 11:20:00,5,1664.65
17757,United Kingdom,False,2010-12-02 17:17:00,2011-12-08 15:31:00,30,5593.39
17758,United Kingdom,False,2011-04-03 15:22:00,2011-11-20 14:45:00,8,3408.2
17759,United Kingdom,False,2011-06-23 13:35:00,2011-11-22 16:02:00,3,819.96
17760,United Kingdom,False,2010-12-01 15:08:00,2011-11-18 10:56:00,2,287.59
17761,United Kingdom,False,2011-11-07 10:23:00,2011-11-07 10:23:00,1,712.78
17763,United Kingdom,False,2011-03-21 14:25:00,2011-03-21 14:25:00,1,15.0
17764,United Kingdom,False,2011-05-12 16:11:00,2011-10-20 11:03:00,2,772.55
17765,United Kingdom,False,2011-03-28 11:58:00,2011-07-04 12:41:00,3,367.63
17767,United Kingdom,False,2011-11-24 14:42:00,2011-11-24 14:42:00,1,271.2
17768,United Kingdom,False,2011-06-26 13:46:00,2011-12-01 13:22:00,3,2081.9
17769,United Kingdom,False,2011-01-23 11:15:00,2011-11-27 11:18:00,10,3957.43
17770,United Kingdom,False,2011-03-02 13:35:00,2011-05-25 12:34:00,5,1143.27
17771,United Kingdom,False,2011-01-20 14:13:00,2011-10-14 11:43:00,2,245.81
17772,United Kingdom,False,2011-11-29 10:57:00,2011-11-29 11:05:00,2,173.45
17774,United Kingdom,False,2011-02-07 13:13:00,2011-09-04 12:49:00,4,1213.73
17775,United Kingdom,False,2011-03-30 10:50:00,2011-03-30 10:50:00,1,56.4
17777,United Kingdom,False,2011-08-31 14:35:00,2011-11-15 12:02:00,3,647.56
17779,United Kingdom,False,2011-07-19 12:19:00,2011-11-18 14:15:00,3,650.32
17781,United Kingdom,False,2011-03-31 19:54:00,2011-07-03 16:00:00,2,188.02
17783,United Kingdom,False,2011-04-06 10:07:00,2011-09-28 16:07:00,2,283.47
17785,United Kingdom,False,2011-10-17 13:43:00,2011-10-17 13:43:00,1,131.94
17786,United Kingdom,False,2011-01-26 14:35:00,2011-09-15 12:51:00,2,266.85
17787,United Kingdom,False,2010-12-03 13:43:00,2011-07-10 11:24:00,4,1817.54
17788,United Kingdom,False,2011-08-02 10:38:00,2011-09-27 10:09:00,2,1117.9
17789,United Kingdom,False,2011-03-03 13:14:00,2011-03-03 13:14:00,1,225.9
17790,United Kingdom,False,2010-12-10 10:47:00,2011-11-13 11:30:00,14,1964.3
17791,United Kingdom,False,2011-11-10 12:09:00,2011-11-10 12:09:00,1,106.1
17793,United Kingdom,False,2011-11-14 14:24:00,2011-11-14 14:24:00,1,300.34
17795,United Kingdom,False,2011-03-20 12:02:00,2011-06-13 12:36:00,2,342.83
17796,United Kingdom,False,2010-12-05 12:23:00,2011-10-30 15:38:00,4,690.0
17797,United Kingdom,False,2011-06-10 11:29:00,2011-11-17 13:21:00,3,780.43
17799,United Kingdom,False,2010-12-13 13:10:00,2011-11-17 15:16:00,10,3039.17
17800,United Kingdom,False,2011-01-09 13:50:00,2011-11-02 12:57:00,9,1187.21
17802,United Kingdom,False,2010-12-02 13:44:00,2011-09-18 14:56:00,3,1285.04
17805,United Kingdom,False,2011-09-27 11:49:00,2011-09-27 11:49:00,1,512.31
17806,United Kingdom,False,2011-11-28 14:12:00,2011-11-28 14:12:00,1,546.04
17809,United Kingdom,False,2010-12-01 09:41:00,2011-11-23 12:59:00,12,5411.91
17811,United Kingdom,False,2011-01-10 10:58:00,2011-12-05 13:46:00,39,7761.82
17812,United Kingdom,False,2010-12-06 15:27:00,2011-11-27 11:47:00,4,699.81
17813,United Kingdom,False,2011-09-29 15:57:00,2011-11-25 16:13:00,5,1698.07
17816,United Kingdom,False,2010-12-09 14:10:00,2011-11-03 11:34:00,4,36.56
17817,United Kingdom,False,2011-03-07 17:30:00,2011-12-05 14:39:00,3,387.68
17819,United Kingdom,False,2010-12-03 14:26:00,2011-09-29 10:52:00,7,3704.87
17820,United Kingdom,False,,,0,0.0
17824,United Kingdom,False,2011-10-19 14:14:00,2011-10-19 14:14:00,1,298.4
17827,United Kingdom,False,2010-12-10 10:18:00,2011-12-04 15:00:00,5,1987.33
17828,Malta,False,2011-06-08 08:31:00,2011-11-17 08:41:00,4,1820.09
17829,United Arab Emirates,False,2011-02-14 12:46:00,2011-02-14 12:46:00,1,889.24
17830,United Kingdom,False,2011-02-24 10:15:00,2011-12-08 12:28:00,3,398.7
17831,United Kingdom,False,2011-11-06 15:09:00,2011-11-06 15:09:00,1,35.4
17832,United Kingdom,False,2011-10-21 11:43:00,2011-10-21 11:43:00,1,155.37
17835,United Kingdom,False,2011-11-16 16:30:00,2011-12-07 11:48:00,3,342.24
17836,United Kingdom,False,2011-10-23 16:13:00,2011-10-23 16:13:00,1,110.21
17837,United Kingdom,False,2011-06-29 16:44:00,2011-10-28 16:13:00,8,1541.23
17838,United Kingdom,False,2010-12-02 15:55:00,2011-11-13 11:20:00,5,2720.8
17839,United Kingdom,False,2011-10-28 17:27:00,2011-10-28 17:27:00,1,318.15
17841,United Kingdom,False,2010-12-01 14:41:00,2011-12-08 12:07:00,124,40519.84
17843,United Kingdom,False,2011-02-09 15:33:00,2011-02-09 15:33:00,1,205.48
17844,Canada,False,2011-08-25 11:27:00,2011-08-25 11:27:00,1,51.56
17846,United Kingdom,False,2011-09-15 15:20:00,2011-09-15 15:20:00,1,2033.1
17848,United Kingdom,False,2010-12-16 18:38:00,2011-09-19 16:49:00,9,901.2
17849,United Kingdom,False,2011-01-10 11:59:00,2011-05-05 13:46:00,4,605.8
17850,United Kingdom,False,2010-12-01 08:26:00,2010-12-02 15:27:00,34,5391.21
17852,United Kingdom,False,2011-11-28 12:31:00,2011-11-28 12:36:00,2,114.34
17854,United Kingdom,False,2011-04-26 16:53:00,2011-06-07 16:21:00,2,311.26
17855,United Kingdom,False,2010-12-02 09:44:00,2010-12-02 09:44:00,1,208.97
17856,United Kingdom,False,2011-03-03 11:40:00,2011-12-08 09:40:00,4,1418.03
17857,United Kingdom,False,2010-12-09 11:35:00,2011-12-05 13:13:00,23,26879.04
17858,United Kingdom,False,2010-12-05 13:08:00,2011-12-04 11:56:00,12,5140.66
17859,United Kingdom,False,2011-02-08 10:32:00,2011-02-08 10:32:00,1,141.92
17860,United Kingdom,False,2010-12-06 12:41:00,2010-12-06 12:41:00,1,226.45
17861,United Kingdom,False,2011-01-24 11:34:00,2011-12-06 16:21:00,8,2097.88
17862,United Kingdom,False,2011-01-20 12:23:00,2011-01-20 12:23:00,1,330.9
17863,United Kingdom,False,2010-12-05 13:21:00,2011-10-11 13:45:00,6,3160.0
17864,United Kingdom,False,2011-03-09 11:44:00,2011-11-27 11:15:00,3,554.85
17865,United Kingdom,False,2010-12-10 14:53:00,2011-11-09 12:08:00,20,10526.32
17866,United Kingdom,False,2011-07-20 11:07:00,2011-07-20 11:07:00,1,329.65
17867,United Kingdom,False,2011-02-24 12:25:00,2011-11-09 14:15:00,6,1157.87
17869,United Kingdom,False,2010-12-06 17:16:00,2011-08-24 16:16:00,5,428.18
17870,United Kingdom,False,2010-12-08 08:12:00,2011-12-07 15:07:00,12,1865.89
17871,United Kingdom,False,2011-05-19 11:32:00,2011-05-19 11:32:00,1,155.9
17873,United Kingdom,False,2010-12-01 14:54:00,2011-09-20 16:41:00,5,1848.96
17874,United Kingdom,False,2011-03-29 11:25:00,2011-06-07 12:54:00,6,683.46
17877,United Kingdom,False,2011-06-22 13:00:00,2011-06-22 13:00:00,1,237.61
17878,United Kingdom,False,2011-10-27 11:24:00,2011-10-27 11:24:00,1,379.45
17879,United Kingdom,False,2011-06-19 12:36:00,2011-06-19 12:36:00,1,178.52
17880,United Kingdom,False,2010-12-10 10:21:00,2010-12-10 10:21:00,1,458.92
17881,United Kingdom,False,2011-02-08 17:16:00,2011-02-08 17:16:00,1,133.35
17883,United Kingdom,False,2011-04-07 19:16:00,2011-12-06 17:49:00,4,664.34
17884,United Kingdom,False,2010-12-03 12:11:00,2011-12-06 11:33:00,4,695.07
17885,United Kingdom,False,2011-11-27 14:40:00,2011-11-27 14:40:00,1,156.34
17886,United Kingdom,False,2011-04-04 12:34:00,2011-11-08 10:09:00,3,869.28
17887,United Kingdom,False,2011-08-02 17:29:00,2011-08-02 17:29:00,1,111.35
17888,United Kingdom,False,2010-12-17 13:56:00,2011-11-18 13:45:00,8,716.0
17889,United Kingdom,False,2011-01-21 17:14:00,2011-05-11 16:26:00,2,201.37
17890,United Kingdom,False,2010-12-13 15:12:00,2011-01-21 11:19:00,2,586.89
17891,United Kingdom,False,2011-06-30 20:08:00,2011-06-30 20:08:00,1,203.86
17892,United Kingdom,False,2011-07-07 12:56:00,2011-10-14 16:49:00,3,244.1
17893,United Kingdom,False,2011-04-28 13:50:00,2011-04-28 13:50:00,1,107.21
17894,United Kingdom,False,2010-12-08 14:50:00,2011-09-29 09:23:00,8,1118.96
17895,United Kingdom,False,2011-10-26 17:00:00,2011-10-26 17:00:00,1,95.45
17896,United Kingdom,False,2011-11-16 13:59:00,2011-11-16 13:59:00,1,256.32
17897,United Kingdom,False,2010-12-01 12:31:00,2011-06-20 11:23:00,3,541.81
17898,United Kingdom,False,2011-05-16 17:13:00,2011-09-15 14:56:00,2,152.06
17899,United Kingdom,False,2011-07-03 14:58:00,2011-07-03 14:58:00,1,154.55
17900,United Kingdom,False,2011-06-02 14:28:00,2011-06-02 14:38:00,2,112.2
17901,United Kingdom,False,2011-11-10 17:29:00,2011-11-10 17:29:00,1,110.38
17904,United Kingdom,False,2011-11-18 12:57:00,2011-11-18 12:57:00,1,181.07
17905,United Kingdom,False,2010-12-01 13:21:00,2011-09-29 17:33:00,4,798.99
17906,United Kingdom,False,2011-04-06 17:25:00,2011-04-06 17:25:00,1,72.9
17908,United Kingdom,False,2010-12-01 11:45:00,2010-12-01 11:45:00,1,232.03
17911,United Kingdom,False,2011-11-30 14:52:00,2011-11-30 14:52:00,1,366.23
17912,United Kingdom,False,2010-12-10 11:11:00,2011-02-02 14:25:00,5,310.06
17913,United Kingdom,False,2010-12-19 11:35:00,2011-10-12 10:45:00,2,408.65
17914,United Kingdom,False,2011-12-06 11:58:00,2011-12-06 11:58:00,1,329.36
17917,United Kingdom,False,2010-12-12 12:08:00,2011-10-25 13:20:00,3,335.03
17919,United Kingdom,False,2011-09-12 13:41:00,2011-09-12 13:41:00,1,1304.04
17920,United Kingdom,False,2010-12-01 11:49:00,2011-12-05 14:29:00,17,4119.5
17921,United Kingdom,False,2011-03-18 13:19:00,2011-10-06 18:56:00,4,820.23
17923,United Kingdom,False,2011-03-02 15:15:00,2011-03-02 15:15:00,1,207.5
17924,United Kingdom,False,2010-12-01 10:51:00,2011-11-28 09:11:00,7,2962.5
17925,United Kingdom,False,2010-12-02 10:10:00,2010-12-02 10:10:00,1,244.08
17926,United Kingdom,False,2011-05-20 09:24:00,2011-07-29 14:39:00,2,397.29
17928,United Kingdom,False,2011-04-07 18:03:00,2011-10-25 13:52:00,2,212.54
17929,United Kingdom,False,2011-02-04 11:40:00,2011-11-28 16:01:00,4,843.0
17930,United Kingdom,False,2011-04-14 15:46:00,2011-11-04 10:23:00,5,1740.48
17931,United Kingdom,False,2011-03-29 12:31:00,2011-07-28 18:33:00,2,408.36
17932,United Kingdom,False,2011-05-12 13:58:00,2011-11-10 19:49:00,3,1331.57
17934,United Kingdom,False,2011-10-12 10:50:00,2011-10-19 11:16:00,2,704.25
17935,United Kingdom,False,2011-07-21 11:23:00,2011-07-24 13:18:00,2,145.79
17936,United Kingdom,False,2011-12-04 13:32:00,2011-12-04 13:32:00,1,380.13
17937,United Kingdom,False,2010-12-12 14:43:00,2011-12-01 11:45:00,7,4301.22
17939,United Kingdom,False,2011-07-03 12:27:00,2011-07-03 12:27:00,1,99.14
17940,United Kingdom,False,2011-02-10 09:29:00,2011-10-21 13:27:00,10,4020.04
17941,United Kingdom,False,2011-08-01 08:30:00,2011-08-01 08:30:00,1,304.56
17942,United Kingdom,False,2011-12-02 10:45:00,2011-12-02 10:45:00,1,77.5
17946,United Kingdom,False,2011-03-25 14:34:00,2011-04-20 17:00:00,2,149.58
17947,United Kingdom,False,2011-11-02 13:05:00,2011-11-02 13:05:00,1,176.68
17948,United Kingdom,False,2011-07-15 12:58:00,2011-07-15 12:58:00,1,358.56
17949,United Kingdom,False,2010-12-03 13:12:00,2011-12-08 18:46:00,45,58510.48
17950,United Kingdom,False,2010-12-09 15:16:00,2011-09-28 15:18:00,3,482.2
17951,United Kingdom,False,2010-12-01 12:40:00,2011-10-31 12:30:00,3,1008.54
17954,United Kingdom,False,2010-12-03 14:18:00,2011-12-04 14:15:00,12,2314.13
17955,United Kingdom,False,2011-05-04 12:29:00,2011-05-25 12:00:00,4,557.3
17956,United Kingdom,False,2011-04-04 13:47:00,2011-04-04 13:47:00,1,12.75
17957,United Kingdom,False,2011-10-04 14:58:00,2011-10-04 14:58:00,1,111.68
17958,United Kingdom,False,2011-08-15 12:19:00,2011-08-15 12:19:00,1,508.46
17960,United Kingdom,False,2011-06-21 14:15:00,2011-06-21 14:15:00,1,73.78
17961,United Kingdom,False,2010-12-02 19:18:00,2011-11-18 16:55:00,39,1296.44
17962,United Kingdom,False,2011-07-20 14:16:00,2011-07-20 14:16:00,1,102.41
17964,United Kingdom,False,2010-12-02 13:32:00,2011-11-08 10:44:00,2,463.21
17965,United Kingdom,False,2010-12-05 15:54:00,2011-11-02 09:31:00,14,2599.19
17966,United Kingdom,False,2011-03-23 17:25:00,2011-11-02 10:26:00,5,1098.43
17967,United Kingdom,False,2010-12-03 11:19:00,2010-12-03 11:19:00,1,112.27
17968,United Kingdom,False,2010-12-01 12:23:00,2010-12-01 12:23:00,1,265.1
17969,United Kingdom,False,2010-12-13 15:34:00,2011-06-26 13:00:00,2,228.2
17970,United Kingdom,False,2011-05-12 20:03:00,2011-05-12 20:03:00,1,562.79
17972,United Kingdom,False,2011-04-12 12:16:00,2011-04-12 12:16:00,1,135.19
17973,United Kingdom,False,2011-10-19 10:34:00,2011-10-19 10:34:00,1,337.04
17974,United Kingdom,False,2011-05-04 11:50:00,2011-11-15 11:37:00,3,703.99
17975,United Kingdom,False,2010-12-08 11:38:00,2011-11-24 13:27:00,13,4483.26
17976,United Kingdom,False,2010-12-02 13:49:00,2010-12-02 13:49:00,1,321.79
17977,United Kingdom,False,2011-11-10 13:28:00,2011-11-10 13:28:00,1,288.14
17978,United Kingdom,False,2010-12-09 14:05:00,2010-12-09 14:05:00,1,300.92
17979,United Kingdom,False,2011-03-25 11:34:00,2011-11-04 12:05:00,4,732.41
17980,United Kingdom,False,2010-12-15 15:50:00,2011-06-27 12:01:00,3,811.45
17984,United Kingdom,False,2011-07-17 15:59:00,2011-07-17 15:59:00,1,152.68
17985,United Kingdom,False,2011-11-17 14:24:00,2011-11-17 14:24:00,1,631.35
17986,United Kingdom,False,2011-10-14 14:22:00,2011-10-14 14:22:00,1,20.8
17987,United Kingdom,False,2011-06-07 14:22:00,2011-06-07 14:22:00,1,198.57
17988,United Kingdom,False,2011-01-17 11:59:00,2011-11-28 11:00:00,7,201.12
17990,United Kingdom,False,2010-12-13 12:10:00,2011-04-17 11:44:00,3,630.84
17991,United Kingdom,False,2011-04-27 16:39:00,2011-04-28 15:58:00,2,93.35
17994,United Kingdom,False,2011-02-22 11:02:00,2011-08-10 11:41:00,4,674.89
17995,United Kingdom,False,2011-03-03 12:30:00,2011-03-03 12:30:00,1,76.1
17997,United Kingdom,False,2011-06-28 17:28:00,2011-09-26 16:13:00,8,1962.46
17999,United Kingdom,False,2010-12-08 15:17:00,2011-11-02 15:56:00,2,380.39
18001,United Kingdom,False,2011-09-14 11:21:00,2011-11-27 16:02:00,2,415.13
18004,United Kingdom,False,2010-12-12 13:47:00,2010-12-12 13:47:00,1,157.92
18005,United Kingdom,False,2011-10-23 14:40:00,2011-12-06 11:51:00,2,226.47
18006,United Kingdom,False,2011-11-16 16:52:00,2011-11-16 16:52:00,1,444.68
18008,United Kingdom,False,2011-01-25 12:26:00,2011-09-30 15:17:00,9,2116.19
18009,United Kingdom,False,2011-04-18 13:36:00,2011-04-18 13:36:00,1,247.39
18010,United Kingdom,False,2011-03-28 12:27:00,2011-03-28 12:27:00,1,174.8
18011,United Kingdom,False,2010-12-01 17:35:00,2010-12-01 17:35:00,1,102.79
18013,United Kingdom,False,2011-07-07 14:08:00,2011-07-07 14:11:00,2,187.29
18014,United Kingdom,False,2011-11-11 15:28:00,2011-11-11 15:28:00,1,162.22
18015,United Kingdom,False,2011-12-05 14:49:00,2011-12-05 14:49:00,1,120.03
18016,United Kingdom,False,2010-12-10 17:14:00,2011-11-07 13:25:00,5,1477.66
18017,United Kingdom,False,2011-02-02 13:57:00,2011-09-19 16:15:00,3,523.0
18018,United Kingdom,False,2011-05-24 13:22:00,2011-08-23 17:37:00,2,122.14
18019,United Kingdom,False,2011-10-19 12:10:00,2011-10-19 12:10:00,1,38.45
18022,United Kingdom,False,2011-11-04 12:45:00,2011-11-04 12:45:00,1,612.72
18024,United Kingdom,False,2011-07-10 12:28:00,2011-07-10 12:40:00,2,389.78
18027,United Kingdom,False,2011-09-02 10:38:00,2011-09-02 10:38:00,1,115.31
18030,United Kingdom,False,2011-10-28 13:55:00,2011-12-05 16:37:00,2,230.65
18032,United Kingdom,False,2011-01-09 15:32:00,2011-01-09 15:32:00,1,73.5
18033,United Kingdom,False,2011-10-05 17:28:00,2011-10-05 17:28:00,1,93.82
18034,United Kingdom,False,2011-11-18 12:08:00,2011-11-18 12:22:00,2,418.68
18035,United Kingdom,False,2011-10-27 17:48:00,2011-11-04 12:39:00,3,713.89
18036,United Kingdom,False,2011-04-08 11:26:00,2011-11-07 14:40:00,3,403.12
18037,United Kingdom,False,2010-12-12 16:20:00,2011-07-08 13:39:00,6,70.02
18040,United Kingdom,False,2011-04-08 08:27:00,2011-11-20 14:20:00,2,357.2
18041,United Kingdom,False,2010-12-02 11:21:00,2011-11-28 11:39:00,21,4097.37
18042,United Kingdom,False,2011-10-17 11:49:00,2011-10-17 11:49:00,1,165.05
18043,United Kingdom,False,2010-12-08 12:35:00,2011-11-15 12:48:00,3,529.29
18044,United Kingdom,False,2010-12-14 12:25:00,2011-12-05 14:26:00,10,2088.6
18045,United Kingdom,False,2011-10-25 13:07:00,2011-10-25 13:07:00,1,178.34
18048,United Kingdom,False,2011-05-20 14:54:00,2011-05-20 14:58:00,2,172.29
18050,United Kingdom,False,2010-12-15 14:25:00,2010-12-15 14:25:00,1,74.4
18053,United Kingdom,False,2011-09-30 09:05:00,2011-09-30 09:05:00,1,300.02
18055,United Kingdom,False,2010-12-05 10:52:00,2011-12-02 14:25:00,10,6761.34
18056,United Kingdom,False,2011-02-24 14:27:00,2011-02-24 14:27:00,1,363.65
18058,United Kingdom,False,2011-11-30 08:38:00,2011-11-30 08:38:00,1,170.16
18059,United Kingdom,False,2011-10-03 09:30:00,2011-11-16 16:49:00,3,306.46
18061,United Kingdom,False,2010-12-08 13:03:00,2011-11-18 11:20:00,10,2119.41
18062,United Kingdom,False,2011-01-06 10:03:00,2011-06-19 14:47:00,3,720.52
18064,United Kingdom,False,2011-04-18 15:08:00,2011-07-29 16:39:00,2,814.0
18065,United Kingdom,False,2010-12-10 12:44:00,2011-12-04 10:30:00,14,2392.83
18066,United Kingdom,False,2011-09-25 15:30:00,2011-09-25 15:30:00,1,318.0
18067,United Kingdom,False,2011-10-30 15:58:00,2011-10-30 15:58:00,1,396.33
18068,United Kingdom,False,2011-02-23 14:50:00,2011-02-23 14:50:00,1,101.7
18069,United Kingdom,False,2011-01-16 15:50:00,2011-11-13 16:03:00,5,2009.24
18071,United Kingdom,False,2010-12-09 10:33:00,2011-03-27 11:59:00,2,453.0
18072,United Kingdom,False,2011-06-07 10:44:00,2011-06-07 10:44:00,1,247.44
18073,United Kingdom,False,2011-05-26 19:38:00,2011-08-17 14:02:00,12,3859.82
18074,United Kingdom,False,2010-12-01 09:53:00,2010-12-01 09:53:00,1,489.6
18075,United Kingdom,False,2010-12-14 10:48:00,2011-11-16 15:21:00,10,2611.75
18077,United Kingdom,False,2010-12-08 10:21:00,2011-12-01 13:32:00,11,2584.41
18078,United Kingdom,False,2011-03-25 15:08:00,2011-05-06 14:32:00,2,336.13
18079,United Kingdom,False,2011-04-15 12:14:00,2011-10-25 15:27:00,4,3613.15
18080,United Kingdom,False,2011-04-11 10:10:00,2011-11-21 08:02:00,2,1231.5
18081,United Kingdom,False,2011-07-29 11:56:00,2011-11-03 16:30:00,3,343.45
18082,United Kingdom,False,2011-11-14 12:45:00,2011-11-14 12:45:00,1,680.84
18084,United Kingdom,False,2011-11-23 13:57:00,2011-11-23 13:57:00,1,90.48
18085,United Kingdom,False,2010-12-01 12:08:00,2011-01-13 15:17:00,2,689.95
18086,United Kingdom,False,2011-03-10 13:34:00,2011-03-10 13:34:00,1,101.34
18087,United Kingdom,False,2011-02-22 10:43:00,2011-09-02 15:12:00,2,4055.72
18088,United Kingdom,False,2011-10-09 13:41:00,2011-10-09 13:41:00,1,166.03
18092,United Kingdom,False,2010-12-09 10:00:00,2011-12-07 13:14:00,11,9068.26
18093,United Kingdom,False,2011-02-10 12:15:00,2011-09-07 15:43:00,4,2106.52
18094,United Kingdom,False,2011-02-21 08:50:00,2011-09-19 09:28:00,7,3017.3
18095,United Kingdom,False,2011-01-11 12:37:00,2011-01-31 12:50:00,2,580.05
18096,United Kingdom,False,2011-10-07 11:55:00,2011-11-28 12:44:00,3,849.06
18097,United Kingdom,False,2010-12-20 14:49:00,2011-12-02 11:16:00,6,2662.4
18099,United Kingdom,False,2011-08-04 15:52:00,2011-08-04 15:52:00,1,168.31
18101,United Kingdom,False,2011-07-19 13:05:00,2011-11-28 13:37:00,2,222.4
18102,United Kingdom,False,2010-12-07 16:42:00,2011-12-09 11:50:00,60,259657.3
18104,United Kingdom,False,2011-11-02 14:07:00,2011-11-02 14:07:00,1,754.64
18105,United Kingdom,False,2011-11-02 12:04:00,2011-11-02 12:04:00,1,113.48
18106,United Kingdom,False,2011-01-14 12:23:00,2011-01-14 12:23:00,1,421.9
18108,United Kingdom,False,2011-03-30 13:56:00,2011-03-30 13:56:00,1,271.0
18109,United Kingdom,False,2010-12-05 10:58:00,2011-12-08 11:36:00,26,8004.92
18110,United Kingdom,False,2011-11-20 12:34:00,2011-11-20 12:34:00,1,198.8
18112,United Kingdom,False,2011-06-26 13:56:00,2011-11-27 14:43:00,2,352.69
18113,United Kingdom,False,2010-12-06 12:31:00,2010-12-06 12:31:00,1,76.32
18114,United Kingdom,False,2011-02-22 13:20:00,2011-02-22 13:20:00,1,220.1
18116,United Kingdom,False,2010-12-10 12:14:00,2011-10-03 11:00:00,8,1403.11
18117,United Kingdom,False,2011-11-14 12:47:00,2011-11-14 12:47:00,1,315.65
18118,United Kingdom,False,2010-12-05 12:13:00,2011-11-29 11:32:00,26,5625.08
18119,United Kingdom,False,2010-12-07 11:59:00,2010-12-07 11:59:00,1,180.7
18120,United Kingdom,False,2011-05-09 13:45:00,2011-05-09 13:45:00,1,111.15
18121,United Kingdom,False,2011-07-08 12:14:00,2011-07-13 12:53:00,2,653.3
18122,United Kingdom,False,2011-07-12 11:37:00,2011-12-01 13:08:00,6,1793.06
18123,United Kingdom,False,2011-11-08 13:31:00,2011-11-15 14:23:00,2,574.44
18125,United Kingdom,False,2011-01-27 15:02:00,2011-11-10 12:29:00,4,1131.75
18126,United Kingdom,False,2011-10-10 12:19:00,2011-10-10 12:19:00,1,200.92
18127,United Kingdom,False,2011-07-29 10:06:00,2011-11-20 14:05:00,3,347.08
18129,United Kingdom,False,2011-04-10 14:16:00,2011-04-10 14:16:00,1,112.55
18130,United Kingdom,False,2011-10-13 15:58:00,2011-11-24 14:40:00,3,1059.39
18133,United Kingdom,False,2011-05-11 14:14:00,2011-05-11 14:14:00,1,931.5
18135,United Kingdom,False,2011-06-02 14:04:00,2011-11-10 19:32:00,5,681.91
18136,United Kingdom,False,2011-01-24 12:08:00,2011-10-07 15:40:00,3,784.33
18138,United Kingdom,False,2011-02-17 14:51:00,2011-02-17 14:51:00,1,152.65
18139,United Kingdom,False,2011-11-21 14:06:00,2011-11-22 10:44:00,6,8438.34
18141,United Kingdom,False,,,0,0.0
18142,United Kingdom,False,2011-05-08 12:31:00,2011-07-05 13:19:00,2,1019.52
18143,United Kingdom,False,2011-07-21 10:44:00,2011-08-15 12:07:00,2,1000.16
18144,United Kingdom,False,2010-12-01 13:45:00,2011-12-02 12:46:00,12,2888.75
18145,United Kingdom,False,2011-01-31 12:10:00,2011-11-27 11:22:00,4,2861.55
18146,United Kingdom,False,2011-05-03 16:35:00,2011-07-22 12:08:00,2,160.35
18147,United Kingdom,False,2011-08-23 12:22:00,2011-10-25 11:46:00,2,179.34
18149,United Kingdom,False,2011-03-11 12:44:00,2011-10-20 12:04:00,3,612.08
18150,United Kingdom,False,2011-05-22 10:47:00,2011-11-07 16:49:00,3,566.58
18151,United Kingdom,False,2011-02-23 08:29:00,2011-07-28 11:35:00,2,653.35
18154,United Kingdom,False,2011-10-27 10:40:00,2011-12-06 16:41:00,2,399.19
18155,United Kingdom,False,2011-02-21 10:36:00,2011-09-25 13:32:00,3,371.62
18156,United Kingdom,False,2010-12-05 12:29:00,2011-11-27 12:24:00,2,675.64
18158,United Kingdom,False,2011-09-12 09:03:00,2011-11-30 16:19:00,2,453.4
18159,United Kingdom,False,2011-02-11 14:26:00,2011-02-11 14:26:00,1,530.15
18160,United Kingdom,False,2011-05-23 13:41:00,2011-10-13 15:50:00,2,638.06
18161,United Kingdom,False,2011-01-24 11:56:00,2011-11-24 16:40:00,5,1618.69
18164,United Kingdom,False,2011-11-02 12:56:00,2011-11-02 12:56:00,1,399.65
18165,United Kingdom,False,2011-06-15 13:23:00,2011-06-15 13:23:00,1,302.46
18167,United Kingdom,False,2011-08-26 11:40:00,2011-11-16 15:56:00,3,1384.86
18168,United Kingdom,False,2010-12-02 18:08:00,2011-06-16 19:21:00,6,1160.04
18169,United Kingdom,False,2011-10-10 12:18:00,2011-10-10 12:18:00,1,202.65
18170,United Kingdom,False,2011-05-06 15:13:00,2011-11-06 14:35:00,3,980.31
18171,United Kingdom,False,2011-01-10 09:55:00,2011-10-12 09:13:00,5,1231.31
18172,United Kingdom,False,2011-02-23 10:44:00,2011-11-25 11:12:00,20,7561.68
18173,United Kingdom,False,2011-03-10 11:56:00,2011-09-14 11:26:00,4,2106.84
18174,United Kingdom,False,2011-12-02 16:56:00,2011-12-02 16:56:00,1,104.0
18176,United Kingdom,False,2010-12-16 15:45:00,2010-12-16 15:45:00,1,476.35
18177,United Kingdom,False,2011-03-29 08:46:00,2011-11-08 14:44:00,6,1340.87
18178,United Kingdom,False,2010-12-10 12:42:00,2011-08-03 09:30:00,4,1590.81
18179,United Kingdom,False,2011-01-07 14:22:00,2011-11-30 16:23:00,6,1793.17
18180,United Kingdom,False,2011-07-20 08:59:00,2011-12-05 08:39:00,6,1843.75
18181,United Kingdom,False,2011-11-15 15:08:00,2011-11-15 15:08:00,1,366.85
18183,United Kingdom,False,2011-03-10 10:08:00,2011-04-26 15:26:00,2,632.07
18184,United Kingdom,False,2011-11-24 15:28:00,2011-11-24 15:28:00,1,49.8
18185,United Kingdom,False,2011-04-04 13:42:00,2011-04-04 13:42:00,1,304.25
18188,United Kingdom,False,2011-02-22 14:43:00,2011-11-24 16:46:00,3,2001.04
18189,United Kingdom,False,2011-03-17 09:49:00,2011-09-23 12:40:00,2,1090.24
18190,United Kingdom,False,2011-01-13 10:35:00,2011-05-31 14:48:00,2,284.46
18191,United Kingdom,False,2011-03-23 12:08:00,2011-03-23 12:08:00,1,207.8
18192,United Kingdom,False,2011-09-29 09:53:00,2011-09-29 09:53:00,1,957.97
18193,United Kingdom,False,2011-06-27 13:58:00,2011-06-27 13:58:00,1,243.76
18194,United Kingdom,False,2011-09-18 13:29:00,2011-09-18 13:29:00,1,973.84
18196,United Kingdom,False,2011-02-22 16:13:00,2011-09-05 16:22:00,2,686.63
18198,United Kingdom,False,2011-01-07 13:39:00,2011-12-05 14:49:00,17,5425.56
18200,United Kingdom,False,2011-08-25 18:45:00,2011-08-25 18:45:00,1,150.35
18202,United Kingdom,False,2011-02-01 13:36:00,2011-05-24 12:12:00,3,1396.99
18203,United Kingdom,False,2011-07-05 13:07:00,2011-07-05 13:07:00,1,160.42
18204,United Kingdom,False,2011-05-31 15:26:00,2011-09-29 16:44:00,3,1975.35
18205,United Kingdom,False,2011-09-26 12:02:00,2011-11-03 13:22:00,2,517.36
18209,United Kingdom,False,2011-11-11 12:07:00,2011-11-11 12:07:00,1,139.1
18210,United Kingdom,False,2011-03-17 16:58:00,2011-12-08 11:02:00,6,2621.38
18211,United Kingdom,False,2011-03-06 12:09:00,2011-11-14 08:10:00,5,600.07
18212,United Kingdom,False,2011-01-17 16:14:00,2011-01-17 16:14:00,1,216.07
18213,United Kingdom,False,2011-04-17 10:21:00,2011-04-17 10:21:00,1,232.48
18215,United Kingdom,False,2011-09-11 16:05:00,2011-09-11 16:05:00,1,299.34
18216,United Kingdom,False,2011-11-08 16:55:00,2011-11-08 16:55:00,1,481.75
18217,United Kingdom,False,2011-09-30 10:44:00,2011-11-10 13:18:00,2,621.75
18218,United Kingdom,False,2011-03-03 12:24:00,2011-05-12 12:53:00,2,641.92
18219,United Kingdom,False,2010-12-06 10:05:00,2011-12-07 11:43:00,10,2069.77
18220,United Kingdom,False,2011-04-27 09:03:00,2011-04-27 09:03:00,1,305.28
18221,United Kingdom,False,2011-05-12 14:13:00,2011-11-17 14:40:00,5,1041.61
18222,United Kingdom,False,2011-09-08 10:45:00,2011-09-08 10:45:00,1,443.0
18223,United Kingdom,False,2010-12-16 16:42:00,2011-12-05 09:11:00,14,6484.54
18224,United Kingdom,False,2011-03-21 10:30:00,2011-03-21 10:30:00,1,158.95
18225,United Kingdom,False,2010-12-09 15:46:00,2011-12-06 13:27:00,12,5504.96
18226,United Kingdom,False,2011-01-06 09:00:00,2011-10-26 13:36:00,11,5228.05
18227,United Kingdom,False,2011-05-06 12:23:00,2011-05-06 12:23:00,1,93.75
18228,United Kingdom,False,2011-09-21 10:48:00,2011-10-14 09:21:00,2,779.9
18229,United Kingdom,False,2010-12-01 16:25:00,2011-11-28 09:48:00,20,7276.9
18230,United Kingdom,False,2011-02-10 13:06:00,2011-11-30 13:22:00,7,2810.2
18231,United Kingdom,False,2011-02-24 09:08:00,2011-05-31 14:18:00,5,2071.77
18232,United Kingdom,False,2011-05-26 16:30:00,2011-09-19 11:49:00,4,592.97
18233,United Kingdom,False,2011-01-18 08:44:00,2011-01-18 08:44:00,1,440.0
18235,United Kingdom,False,2011-05-06 13:35:00,2011-09-29 08:27:00,3,1796.48
18236,United Kingdom,False,2011-04-13 09:52:00,2011-11-10 08:06:00,6,882.24
18237,United Kingdom,False,2011-07-28 13:05:00,2011-12-07 12:49:00,5,987.1
18239,United Kingdom,False,2010-12-02 17:48:00,2011-05-05 12:38:00,5,1561.61
18240,United Kingdom,False,2011-10-24 13:06:00,2011-10-24 13:06:00,1,422.58
18241,United Kingdom,False,2011-05-06 09:22:00,2011-11-30 12:10:00,17,2073.09
18242,United Kingdom,False,2011-05-10 11:20:00,2011-09-28 13:43:00,4,2232.49
18245,United Kingdom,False,2010-12-19 14:58:00,2011-12-02 14:48:00,7,2567.06
18246,United Kingdom,False,2011-04-20 13:55:00,2011-11-16 11:49:00,2,596.1
18248,United Kingdom,False,2011-06-06 13:18:00,2011-08-09 10:19:00,2,804.02
18249,United Kingdom,False,2011-11-22 15:07:00,2011-11-22 15:07:00,1,95.34
18250,United Kingdom,False,2011-02-02 13:16:00,2011-02-02 13:16:00,1,349.27
18251,United Kingdom,False,2011-09-13 15:03:00,2011-09-13 15:03:00,1,4314.72
18252,United Kingdom,False,2011-06-21 11:47:00,2011-10-20 12:43:00,2,518.27
18255,United Kingdom,False,2011-09-11 13:16:00,2011-09-11 13:16:00,1,103.3
18256,United Kingdom,False,,,0,0.0
18257,United Kingdom,False,2011-02-16 15:13:00,2011-10-31 14:48:00,8,2337.63
18259,United Kingdom,False,2010-12-08 13:38:00,2011-11-15 12:34:00,3,2338.6
18260,United Kingdom,False,2010-12-16 18:23:00,2011-06-20 12:37:00,6,2628.35
18261,United Kingdom,False,2011-09-05 09:34:00,2011-10-27 15:36:00,2,324.24
18262,United Kingdom,False,2011-07-22 16:04:00,2011-07-22 16:04:00,1,149.48
18263,United Kingdom,False,2011-04-01 11:48:00,2011-11-14 09:00:00,3,1213.16
18265,United Kingdom,False,2011-07-04 15:26:00,2011-09-28 14:10:00,2,801.51
18268,United Kingdom,False,2011-07-28 19:13:00,2011-07-28 19:13:00,1,25.5
18269,United Kingdom,False,2010-12-08 13:53:00,2010-12-08 13:53:00,1,168.6
18270,United Kingdom,False,2011-03-18 12:41:00,2011-11-01 13:57:00,2,283.15
18272,United Kingdom,False,2011-04-07 09:35:00,2011-12-07 12:43:00,6,3078.58
18273,United Kingdom,False,2011-03-27 11:22:00,2011-12-07 13:16:00,3,204.0
18274,United Kingdom,False,2011-11-09 17:03:00,2011-11-09 17:03:00,1,175.92
18276,United Kingdom,False,2011-10-27 10:54:00,2011-10-27 10:54:00,1,335.86
18277,United Kingdom,False,2011-10-12 15:22:00,2011-10-12 15:22:00,1,110.38
18278,United Kingdom,False,2011-09-27 11:58:00,2011-09-27 11:58:00,1,173.9
18280,United Kingdom,False,2011-03-07 09:52:00,2011-03-07 09:52:00,1,180.6
18281,United Kingdom,False,2011-06-12 10:53:00,2011-06-12 10:53:00,1,80.82
18282,United Kingdom,False,2011-08-05 13:35:00,2011-12-02 11:43:00,2,178.05
18283,United Kingdom,False,2011-01-06 14:14:00,2011-12-06 12:02:00,16,2045.53
18287,United Kingdom,False,2011-05-22 10:39:00,2011-10-28 09:29:00,3,1837.28
