product_id,sku,description,min_price,avg_price,max_price
1,10002,INFLATABLE POLITICAL GLOBE,0.85,1.09,1.66
2,10080,GROOVY CACTUS INFLATABLE,0.39,0.41,0.85
3,10120,DOGGY RUBBER,0.21,0.21,0.21
4,10123C,HEARTS WRAPPING TAPE,0.65,0.65,0.65
5,10124A,SPOTS ON RED BOOKCOVER TAPE,0.42,0.42,0.42
6,10124G,ARMY CAMO BOOKCOVER TAPE,0.42,0.42,0.42
7,10125,MINI FUNKY DESIGN TAPES,0.42,0.86,1.66
8,10133,COLOURING PENCILS BROWN TUBE,0.42,0.65,1.66
9,10135,COLOURING PENCILS BROWN TUBE,0.25,1.41,2.51
10,11001,ASSTD DESIGN RACING CAR PEN,0.83,1.88,3.36
11,15030,FAN BLACK FRAME,0.29,0.29,0.29
12,15034,PAPER POCKET TRAVELING FAN,0.07,0.37,0.85
13,15036,ASSORTED COLOURS SILK FAN,0.53,1.07,1.63
14,15039,SANDALWOOD FAN,0.53,1.23,1.66
15,15044A,PINK PAPER PARASOL,2.55,3.66,5.79
16,15044B,BLUE PAPER PARASOL,2.55,3.5,5.91
17,15044C,PURPLE PAPER PARASOL,2.55,3.83,5.91
18,15044D,RED PAPER PARASOL,2.55,3.32,5.91
19,15056BL,EDWARDIAN PARASOL BLACK,1.95,7.39,12.72
20,15056N,EDWARDIAN PARASOL NATURAL,1.95,7.78,12.72
21,15056P,EDWARDIAN PARASOL PINK,4.6,7.25,12.72
22,15058A,BLUE POLKADOT GARDEN PARASOL,6.75,9.13,24.96
23,15058B,PINK POLKADOT GARDEN PARASOL,3.95,9.84,24.96
24,15058C,ICE CREAM DESIGN GARDEN PARASOL,3.95,9.33,24.96
25,15060B,FAIRY CAKE DESIGN UMBRELLA,2.95,5.06,8.47
26,16008,SMALL FOLDING SCISSOR(POINTED EDGE),0.08,0.14,0.25
27,16010,FOLDING CAMPING SCISSOR W/KNIF & S,0.12,0.12,0.12
28,16011,ANIMAL STICKERS,0.21,0.21,0.21
29,16012,FOOD/DRINK SPONGE STICKERS,0.21,0.21,0.21
30,16014,SMALL CHINESE STYLE SCISSOR,0.32,0.4,0.42
31,16015,MEDIUM CHINESE STYLE SCISSOR,0.36,0.49,0.5
32,16016,LARGE CHINESE STYLE SCISSOR,0.72,0.85,0.85
33,16020C,CLEAR STATIONERY BOX SET,0.83,0.83,0.85
34,16033,MINI HIGHLIGHTER PENS,0.12,0.12,0.12
35,16043,POP ART PUSH DOWN RUBBER,0.12,0.12,0.12
36,16045,POPART WOODEN PENCILS ASST,0.04,0.04,0.12
37,16046,TEATIME PEN CASE & PENS,0.85,0.85,0.85
38,16048,TEATIME ROUND PENCIL SHARPENER,0.12,0.33,0.85
39,16049,TEATIME GEL PENS ASST,0.12,0.24,0.42
40,16052,TEATIME PUSH DOWN RUBBER,0.19,0.59,0.84
41,16054,POPART RECT PENCIL SHARPENER ASST,0.12,0.13,0.42
42,16151A,FLOWERS HANDBAG blue and orange,1.25,1.25,1.25
43,16156L,WRAP CAROUSEL,0.42,0.42,0.42
44,16156S,WRAP PINK FAIRY CAKES,0.34,0.42,0.42
45,16161G,WRAP BAD HAIR DAY,0.1,0.1,0.1
46,16161M,WRAP  PINK FLOCK,0.42,0.42,0.42
47,16161P,WRAP ENGLISH ROSE,0.34,0.42,0.42
48,16161U,WRAP SUKI AND FRIENDS,0.36,0.42,0.42
49,16162L,THE KING GIFT BAG,0.65,0.65,0.65
50,16162M,THE KING GIFT BAG 25x24x12cm,0.42,0.42,0.42
51,16168M,FUNKY MONKEY GIFT BAG MEDIUM,0.42,0.63,0.85
52,16169E,WRAP 50'S  CHRISTMAS,0.36,0.42,0.42
53,16169K,WRAP FOLK ART,0.42,0.42,0.42
54,16169M,WRAP DAISY CARPET,0.42,0.42,0.42
55,16169N,WRAP BLUE RUSSIAN FOLKART,0.42,0.42,0.42
56,16169P,WRAP GREEN RUSSIAN FOLKART,0.42,0.42,0.42
57,16202A,PASTEL PINK PHOTO ALBUM,0.5,0.5,0.5
58,16202B,PASTEL BLUE PHOTO ALBUM,0.5,0.5,0.5
59,16202E,BLACK PHOTO ALBUM,0.5,1.76,5.55
60,16206B,RED PURSE WITH PINK HEART,1.25,1.25,1.25
61,16207A,PINK STRAWBERRY HANDBAG,2.46,2.75,3.29
62,16207B,PINK HEART RED HANDBAG,2.46,2.7,5.79
63,16216,LETTER SHAPE PENCIL SHARPENER,0.06,0.15,1.25
64,16218,CARTOON  PENCIL SHARPENERS,0.06,0.27,2.13
65,16219,HOUSE SHAPE PENCIL SHARPENER,0.06,0.51,1.7
66,16225,RATTLE SNAKE EGGS,0.39,1.46,3.36
67,16235,RECYCLED PENCIL WITH RABBIT ERASER,0.16,0.32,0.43
68,16236,KITTY PENCIL ERASERS,0.16,0.3,0.43
69,16237,SLEEPING CAT ERASERS,0.16,0.3,0.43
70,16238,PARTY TIME PENCIL ERASERS,0.16,0.31,0.43
71,16244B,MAXWELL 2 TONE BLUE 60 PAGE PHOTO A,0.5,1.23,1.95
72,16248B,BLUE HOLE PUNCH,1.25,1.25,1.25
73,16254,TRANSPARENT ACRYLIC TAPE DISPENSER,0.85,1.31,1.63
74,16258A,SWIRLY CIRCULAR RUBBERS IN BAG,0.19,0.59,0.84
75,16259,PIECE OF CAMO STATIONERY SET,0.08,0.1,0.21
76,17001,HEAVENS SCENT FRAGRANCE OILS ASSTD,0.29,0.29,0.29
77,17003,BROCADE RING PURSE,0.16,1.07,57.6
78,17007B,S/3 POT POURI CUSHIONS BLUE COLOURS,2.1,2.1,2.1
79,17011F,ORIGAMI SANDLEWOOD INCENSE+FLOWER,0.65,1.57,4.21
80,17012A,ORIGAMI VANILLA INCENSE/CANDLE SET,0.5,1.95,2.55
81,17012B,ORIGAMI JASMINE INCENSE/CANDLE SET,0.5,1.88,2.55
82,17012C,ORIGAMI LAVENDER INCENSE/CANDL SET,0.5,1.77,2.55
83,17012D,ORIGAMI ROSE INCENSE/CANDLE SET,0.85,1.82,2.55
84,17012E,ORIGAMI OPIUM INCENSE/CANDLE SET,0.5,2.32,2.55
85,17012F,ORIGAMI SANDLEWOOD INCENSE/CAND SET,0.5,1.8,2.55
86,17013D,ORIGAMI ROSE INCENSE IN TUBE,0.42,1.25,3.36
87,17014A,ORIGAMI VANILLA INCENSE CONES,0.42,0.95,3.36
88,17021,NAMASTE SWAGAT INCENSE,0.24,0.29,0.3
89,17028J,INCENSE BAZAAR PEACH,0.42,0.42,0.42
90,17038,PORCELAIN BUDAH INCENSE HOLDER,0.07,0.42,0.85
91,17084A,TRANQUILITY MASALA INCENSE,0.21,0.21,0.21
92,17084J,LOVE POTION MASALA INCENSE,0.21,0.21,0.21
93,17084N,FAIRY DREAMS INCENSE,0.16,0.35,0.43
94,17084P,DRAGONS BLOOD INCENSE,0.21,0.35,0.43
95,17084R,ASSORTED INCENSE PACK,0.16,0.2,0.21
96,17090A,LAVENDER INCENSE 40 CONES IN TIN,0.85,1.17,1.25
97,17090D,VANILLA INCENSE 40 CONES IN TIN,1.25,1.25,1.25
98,17091A,LAVENDER INCENSE IN TIN,0.38,0.8,1.25
99,17091J,VANILLA INCENSE IN TIN,0.38,0.7,2.51
100,17096,ASSORTED LAQUERED INCENSE HOLDERS,0.17,0.3,0.43
101,17107D,"FLOWER FAIRY,5 SUMMER B'DRAW LINERS",2.55,2.55,2.55
102,17109D,FLOWER FAIRY INCENSE BOUQUET,0.38,0.9,1.69
103,17129F,BLUE GLASS GEMS IN BAG,0.64,1.36,1.66
104,17136A,BLUE STONES ON WIRE FOR CANDLE,0.08,0.1,0.21
105,17164B,ASS COL SMALL SAND GECKO P'WEIGHT,0.42,0.42,0.42
106,17165D,ASS COL LARGE SAND FROG P'WEIGHT,1.05,1.05,1.05
107,17174,ASSTD RASTA KEY-CHAINS,0.42,0.42,0.42
108,17191A,ROSE FLOWER CANDLE+INCENSE 16X16CM,3.75,3.75,3.75
109,18007,ESSENTIAL BALM 3.5g TIN IN ENVELOPE,0.06,0.27,0.43
110,18094C,WHITE AND BLUE CERAMIC OIL BURNER,0.85,1.96,2.51
111,18097A,PINK TALL PORCELAIN T-LIGHT HOLDER,2.55,2.55,2.55
112,18097C,WHITE TALL PORCELAIN T-LIGHT HOLDER,1.95,3.09,5.06
113,18098C,PORCELAIN BUTTERFLY OIL BURNER,2.55,3.94,5.91
114,20615,BLUE POLKADOT PASSPORT COVER,0.75,2.56,4.21
115,20616,CHERRY BLOSSOM PASSPORT COVER,0.75,1.81,4.21
116,20617,FIRST CLASS PASSPORT COVER,0.83,2.25,4.21
117,20618,QUEEN OF THE SKIES PASSPORT COVER,1.63,2.03,4.21
118,20619,TROPICAL PASSPORT COVER,0.75,2.14,4.21
119,20622,VIPPASSPORT COVER,0.75,2.41,4.21
120,20652,BLUE POLKADOT LUGGAGE TAG,0.83,1.58,2.51
121,20653,CHERRY BLOSSOM LUGGAGE TAG,0.83,1.48,2.51
122,20654,FIRST CLASS LUGGAGE TAG,0.83,1.38,2.46
123,20655,QUEEN OF SKIES LUGGAGE TAG,0.83,1.72,2.51
124,20657,TROPICAL LUGGAGE TAG,1.06,1.72,2.46
125,20658,RED RETROSPOT LUGGAGE TAG,1.25,1.75,2.51
126,20659,ECONOMY LUGGAGE TAG,0.83,1.64,2.51
127,20661,BLUE POLKADOT PURSE,2.46,3.4,5.79
128,20662,FIRST CLASS HOLIDAY PURSE,2.46,2.88,5.79
129,20663,QUEEN OF THE SKIES HOLIDAY PURSE,2.46,2.69,5.79
130,20664,TROPICAL HOLIDAY PURSE,2.46,2.54,2.95
131,20665,RED RETROSPOT PURSE,2.46,4.07,5.91
132,20666,ECONOMY HOLIDAY PURSE,0.83,1.71,2.95
133,20667,CHERRY BLOSSOM PURSE,2.46,2.49,2.95
134,20668,DISCO BALL CHRISTMAS DECORATION,0.1,0.16,0.43
135,20669,RED HEART LUGGAGE TAG,0.83,1.69,2.51
136,20670,VIP HOLIDAY PURSE,2.46,3.24,5.79
137,20671,BLUE TEATIME PRINT BOWL,1.25,1.25,1.25
138,20674,GREEN POLKADOT BOWL,1.06,1.56,2.51
139,20675,BLUE POLKADOT BOWL,1.06,1.58,2.51
140,20676,RED RETROSPOT BOWL,1.06,1.63,3.36
141,20677,PINK POLKADOT BOWL,1.06,1.65,3.36
142,20678,LARGE BLACK DIAMANTE HAIRSLIDE,1.65,1.65,1.65
143,20679,EDWARDIAN PARASOL RED,4.6,6.99,12.72
144,20681,PINK POLKADOT CHILDRENS UMBRELLA,3.25,4.17,6.77
145,20682,RED RETROSPOT CHILDRENS UMBRELLA,2.75,4.0,6.77
146,20684,STRAWBERRY DREAM CHILDS UMBRELLA,3.25,3.55,6.77
147,20685,DOORMAT RED RETROSPOT,4.58,8.93,16.98
148,20686,DOLLY MIXTURE CHILDREN'S UMBRELLA,3.25,3.87,6.77
149,20694,FLORAL PINK MONSTER,3.75,5.08,7.62
150,20695,FLORAL BLUE MONSTER,4.25,4.25,4.25
151,20696,FLORAL SOFT CAR TOY,3.29,4.72,7.62
152,20697,LITTLE GREEN MONSTER SOFT TOY,2.55,2.55,2.55
153,20698,LITTLE PINK MONSTER SOFT TOY,2.55,2.55,2.55
154,20699,MOUSEY LONG LEGS SOFT TOY,2.46,3.0,5.06
155,20700,GREEN CAT FLORAL CUSHION COVER,3.75,4.98,10.17
156,20701,PINK CAT FLORAL CUSHION COVER,3.75,4.07,4.13
157,20702,PINK PADDED MOBILE,4.25,4.35,8.29
158,20703,BLUE PADDED SOFT MOBILE,4.25,4.25,4.25
159,20704,MR ROBOT SOFT TOY,1.95,5.87,14.43
160,20705,MRS ROBOT SOFT TOY,1.95,4.71,6.95
161,20707,CRAZY DAISY HEART DECORATION,0.83,1.09,2.51
162,20711,JUMBO BAG TOYS,1.65,3.11,4.21
163,20712,JUMBO BAG WOODLAND ANIMALS,1.65,2.92,5.06
164,20713,JUMBO BAG OWLS,1.65,2.77,4.21
165,20716,PARTY FOOD SHOPPER BAG,0.83,1.32,2.51
166,20717,STRAWBERRY SHOPPER BAG,0.83,1.67,3.36
167,20718,RED RETROSPOT SHOPPER BAG,1.06,1.77,3.36
168,20719,WOODLAND CHARLOTTE BAG,0.72,1.21,2.51
169,20723,STRAWBERRY CHARLOTTE BAG,0.72,1.2,2.51
170,20724,RED RETROSPOT CHARLOTTE BAG,0.72,1.14,5.63
171,20725,LUNCH BAG RED RETROSPOT,1.45,2.12,8.33
172,20726,LUNCH BAG WOODLAND,1.45,2.17,8.33
173,20727,LUNCH BAG  BLACK SKULL.,1.45,2.1,8.33
174,20728,LUNCH BAG CARS BLUE,1.45,2.05,5.06
175,20731,POSY CANDY BAG,0.83,1.09,1.25
176,20733,GOLD MINI TAPE MEASURE,0.72,0.85,1.63
177,20734,SILVER MINI TAPE MEASURE,1.63,1.8,2.51
178,20735,BLACK MINI TAPE MEASURE,0.72,1.12,2.51
179,20748,KENSINGTON COFFEE SET,12.75,13.47,24.96
180,20749,ASSORTED COLOUR MINI CASES,6.35,8.06,16.98
181,20750,RED RETROSPOT MINI CASES,6.35,8.12,16.98
182,20751,FUNKY WASHING UP GLOVES ASSORTED,1.69,2.37,4.21
183,20752,BLUE POLKADOT WASHING UP GLOVES,2.1,2.41,4.21
184,20754,RETROSPOT RED WASHING UP GLOVES,1.69,2.51,4.21
185,20755,BLUE PAISLEY POCKET BOOK,0.85,0.99,1.66
186,20756,GREEN FERN POCKET BOOK,0.85,0.85,0.85
187,20757,RED DAISY POCKET BOOK,0.85,0.92,1.63
188,20758,ABSTRACT CIRCLES POCKET BOOK,0.85,0.85,0.85
189,20759,CHRYSANTHEMUM POCKET BOOK,0.85,0.85,0.85
190,20760,GARDEN PATH POCKET BOOK,0.85,0.85,0.85
191,20761,BLUE PAISLEY SKETCHBOOK,3.75,4.46,7.62
192,20762,GREEN FERN SKETCHBOOK,3.75,4.15,7.62
193,20763,DAISY SKETCHBOOK,1.25,3.98,7.62
194,20764,ABSTRACT CIRCLES SKETCHBOOK,3.75,4.67,7.62
195,20765,CHRYSANTHEMUM SKETCHBOOK,3.75,4.26,7.62
196,20766,GARDEN PATH SKETCHBOOK,2.95,4.45,7.62
197,20767,BLUE PAISLEY JOURNAL,2.1,2.87,5.06
198,20768,GREEN FERN JOURNAL,2.1,2.65,5.06
199,20769,DAISY JOURNAL,2.46,2.75,4.96
200,20770,ABSTRACT CIRCLE JOURNAL,2.1,2.5,2.55
201,20771,CHRYSANTHEMUM  JOURNAL,2.46,2.77,4.96
202,20772,GARDEN PATH JOURNAL,2.1,2.75,5.06
203,20773,BLUE PAISLEY NOTEBOOK,1.65,1.65,1.65
204,20774,GREEN FERN NOTEBOOK,1.63,1.64,1.65
205,20775,DAISY NOTEBOOK,1.63,1.72,3.36
206,20777,CHRYSANTHEMUM NOTEBOOK,1.63,1.7,3.36
207,20778,GARDEN PATH NOTEBOOK,1.65,1.65,1.65
208,20780,BLACK EAR MUFF HEADPHONES,4.65,7.69,11.02
209,20781,GOLD EAR MUFF HEADPHONES,1.95,6.05,11.02
210,20782,CAMOUFLAGE EAR MUFF HEADPHONES,1.95,7.54,11.02
211,20785,FUSCHIA RETRO BAR STOOL,35.95,39.15,39.95
212,20793,BLUE TILED TRAY,6.75,6.75,6.75
213,20794,BLUE  TILE HOOK,2.1,3.51,5.06
214,20795,LARGE BLUE PROVENCAL CERAMIC BALL,2.1,2.57,4.13
215,20796,SMALL BLUE PROVENCAL CERAMIC BALL,1.65,1.83,3.29
216,20798,CLEAR MILKSHAKE GLASS,1.65,2.02,2.1
217,20801,LARGE PINK GLASS SUNDAE DISH,0.75,1.59,5.06
218,20802,SMALL GLASS SUNDAE DISH CLEAR,0.42,1.91,3.36
219,20803,SMALL PINK GLASS SUNDAE DISH,0.39,1.11,3.36
220,20816,GOLD FLOWER CUSHION COVER,1.95,1.95,1.95
221,20818,GOLD TEDDY BEAR,1.25,5.54,7.62
222,20819,SILVER TEDDY BEAR,2.46,4.02,7.46
223,20820,SILVER LOOKING MIRROR,4.95,4.95,4.95
224,20821,GOLDIE LOOKING MIRROR,4.95,4.95,4.95
225,20823,GOLD WINE GOBLET,0.79,0.79,0.79
226,20826,SILVER APERITIF GLASS,0.39,0.82,2.12
227,20827,GOLD APERITIF GLASS,0.39,0.39,0.39
228,20828,GLITTER BUTTERFLY CLIPS,2.1,3.17,5.06
229,20829,GLITTER HANGING BUTTERFLY STRING,1.69,2.44,4.21
230,20830,SILVER PHOTO FRAME,2.1,3.02,4.21
231,20831,GOLD PHOTO FRAME,0.79,2.74,4.21
232,20832,RED FLOCK LOVE HEART PHOTO FRAME,0.39,0.74,1.66
233,20835,FRENCH LATTICE CUSHION COVER,0.83,2.1,11.02
234,20836,FRENCH PAISLEY CUSHION COVER,0.83,0.83,0.83
235,20837,FRENCH FLORAL CUSHION COVER,0.83,0.97,2.95
236,20838,FRENCH LATTICE CUSHION COVER,0.85,1.86,3.29
237,20839,FRENCH PAISLEY CUSHION COVER,0.85,2.39,9.32
238,20840,FRENCH FLORAL CUSHION COVER,0.85,1.99,9.32
239,20845,ZINC HEART LATTICE 2 WALL PLANTER,6.35,6.35,6.35
240,20846,ZINC HEART LATTICE T-LIGHT HOLDER,1.06,1.61,2.51
241,20847,ZINC HEART LATTICE CHARGER LARGE,3.75,4.59,7.62
242,20848,ZINC HEART LATTICE CHARGER SMALL,2.95,2.95,2.95
243,20851,ZINC HEART LATTICE TRAY OVAL,5.95,5.95,5.95
244,20854,BLUE PATCH PURSE PINK HEART,1.45,1.68,3.36
245,20856,DENIM PATCH PURSE PINK BUTTERFLY,1.63,1.67,3.29
246,20857,BLUE ROSE PATCH PURSE PINK BUTTERFL,1.65,1.65,1.65
247,20860,GOLD COSMETICS BAG WITH BUTTERFLY,2.1,2.1,2.1
248,20861,GOLD COSMETIC BAG PINK STAR,2.1,2.1,2.1
249,20866,BLUE ROSE FABRIC MIRROR,0.83,1.48,2.51
250,20867,PINK ROSE FABRIC MIRROR,0.83,1.35,2.51
251,20868,SILVER FABRIC MIRROR,0.39,0.71,2.46
252,20869,GOLD FABRIC MIRROR,0.39,0.72,2.46
253,20871,OPULENT VELVET SET/3 CANDLES,4.21,4.21,4.21
254,20878,SET/9 CHRISTMAS T-LIGHTS SCENTED,1.25,1.25,1.25
255,20886,BOX OF 9 PEBBLE CANDLES,1.65,2.47,4.21
256,20892,SET/3 TALL GLASS CANDLE HOLDER PINK,12.75,21.24,25.49
257,20893,HANGING BAUBLE T-LIGHT HOLDER SMALL,2.1,3.02,5.06
258,20894,HANGING BAUBLE T-LIGHT HOLDER LARGE,2.95,3.71,5.79
259,20897,VINTAGE NOTEBOOK PARIS DAYS,2.46,3.16,5.91
260,20898,VINTAGE NOTEBOOK TRAVELOGUE,2.46,2.66,2.95
261,20901,VINTAGE KEEPSAKE BOX PINK FLOWER,4.13,4.55,6.35
262,20902,VINTAGE KEEPSAKE BOX PARIS DAYS,4.13,6.94,12.72
263,20903,VINTAGE KEEPSAKE BOX TRAVELOGUE,4.13,5.58,12.72
264,20906,VINTAGE NOTEBOOK BEAUTY GIRL,2.95,2.95,2.95
265,20910,VINTAGE PHOTO ALBUM PARIS DAYS,6.35,6.35,6.35
266,20914,SET/5 RED RETROSPOT LID GLASS BOWLS,2.55,3.27,5.91
267,20931,BLUE POT PLANT CANDLE,1.25,4.98,7.62
268,20932,PINK POT PLANT CANDLE,1.25,4.58,7.62
269,20933,YELLOW POT PLANT CANDLE,2.95,3.13,3.75
270,20934,SET/3 POT PLANT CANDLES,4.95,6.93,11.02
271,20935,ROUND CACTUS CANDLE,2.95,2.95,2.95
272,20936,FORKED CACTUS CANDLE,1.25,3.71,5.91
273,20941,FROG CANDLE,1.25,1.37,2.51
274,20954,*USB Office Mirror Ball,8.47,8.47,8.47
275,20956,PORCELAIN T-LIGHT HOLDERS ASSORTED,1.25,1.77,2.51
276,20957,PORCELAIN HANGING BELL SMALL,1.45,1.45,1.45
277,20960,WATERMELON BATH SPONGE,2.46,2.49,2.51
278,20961,STRAWBERRY BATH SPONGE,1.25,1.79,2.51
279,20963,APPLE BATH SPONGE,1.25,1.82,2.51
280,20964,POLYESTER FILLER PAD 60x40cm,2.55,2.55,2.55
281,20966,SANDWICH BATH SPONGE,1.06,1.96,2.51
282,20967,GREY FLORAL FELTCRAFT SHOULDER BAG,3.75,4.12,7.62
283,20969,RED FLORAL FELTCRAFT SHOULDER BAG,3.29,4.26,7.62
284,20970,PINK FLORAL FELTCRAFT SHOULDER BAG,3.39,4.19,7.62
285,20971,PINK BLUE FELT CRAFT TRINKET BOX,1.06,1.42,2.95
286,20972,PINK CREAM FELT CRAFT TRINKET BOX,1.06,1.42,2.51
287,20973,12 PENCIL SMALL TUBE WOODLAND,0.55,0.79,1.5
288,20974,12 PENCILS SMALL TUBE SKULL,0.55,0.75,1.28
289,20975,12 PENCILS SMALL TUBE RED RETROSPOT,0.55,0.74,1.28
290,20977,36 PENCILS TUBE WOODLAND,1.06,1.51,2.95
291,20978,36 PENCILS TUBE SKULLS,1.06,1.62,2.51
292,20979,36 PENCILS TUBE RED RETROSPOT,1.06,1.57,2.51
293,20980,36 PENCILS TUBE POSY,0.83,1.07,1.25
294,20981,12 PENCILS TALL TUBE WOODLAND,0.85,0.96,1.66
295,20982,12 PENCILS TALL TUBE SKULLS,0.72,0.96,1.63
296,20983,12 PENCILS TALL TUBE RED RETROSPOT,0.72,0.93,1.63
297,20984,12 PENCILS TALL TUBE POSY,0.29,0.39,1.63
298,20985,HEART CALCULATOR,1.06,1.64,2.51
299,20986,BLUE CALCULATOR RULER,0.83,1.59,2.51
300,20992,JAZZ HEARTS PURSE NOTEBOOK,0.39,0.55,1.66
301,20996,JAZZ HEARTS ADDRESS BOOK,0.19,0.32,0.85
302,20997,ROSE DU SUD CUSHION COVER,4.13,4.27,4.95
303,20998,ROSE DU SUD OVEN GLOVE,1.63,2.66,5.91
304,21000,ROSE DU SUD COSMETICS BAG,3.29,3.62,4.25
305,21001,ROSE DU SUD WASHBAG,4.13,4.62,5.95
306,21002,ROSE DU SUD DRAWSTRING BAG,3.29,3.4,4.25
307,21003,ROSE DU SUD CUSHION COVER,5.79,5.89,6.35
308,21009,ETCHED GLASS STAR TREE DECORATION,1.25,1.25,1.25
309,21011,GLITTER SNOW PEAR TREE DECORATION,1.45,1.45,1.45
310,21012,ANTIQUE ALL GLASS CANDLESTICK,1.69,2.31,2.51
311,21014,SWISS CHALET TREE DECORATION,0.29,0.67,1.28
312,21015,DARK BIRD HOUSE TREE DECORATION,0.29,0.66,1.28
313,21018,BIRD BOX CHRISTMAS TREE DECORATION,0.85,1.09,2.51
314,21025,SPACE FROG,0.83,1.55,2.51
315,21026,SPACE OWL,0.83,1.56,2.51
316,21027,NINJA RABBIT PINK,0.83,1.11,2.51
317,21028,NINJA RABBIT BLACK,0.83,1.54,2.51
318,21030,SPACE CADET RED,0.83,1.19,2.46
319,21031,SPACE CADET BLACK,0.83,1.29,2.51
320,21032,SPACE CADET WHITE,0.83,1.38,2.46
321,21033,JUMBO BAG CHARLIE AND LOLA TOYS,1.65,3.2,5.91
322,21034,REX CASH+CARRY JUMBO SHOPPER,0.95,0.95,0.95
323,21035,SET/2 RED RETROSPOT TEA TOWELS,2.75,4.54,6.63
324,21038,SET/4 MODERN VINTAGE COTTON NAPKINS,0.79,1.24,2.95
325,21039,RED RETROSPOT SHOPPING BAG,2.1,3.08,5.91
326,21040,MODERN VINTAGE COTTON SHOPPING BAG,0.79,1.67,2.55
327,21041,RED RETROSPOT OVEN GLOVE DOUBLE,2.95,4.39,6.63
328,21042,RED RETROSPOT APRON,4.65,7.18,12.72
329,21043,APRON MODERN VINTAGE COTTON,1.95,2.98,5.95
330,21051,RIBBONS PURSE,1.63,2.05,4.21
331,21054,NURSE'S BAG SOFT TOY,8.95,9.23,16.98
332,21055,TOOL BOX SOFT TOY,7.46,10.44,16.98
333,21056,DOCTOR'S BAG SOFT TOY,7.95,10.09,16.63
334,21058,PARTY INVITES WOODLAND,0.72,0.97,1.66
335,21059,PARTY INVITES DINOSAURS,0.83,0.92,1.63
336,21060,PARTY INVITES BALLOON GIRL,0.83,0.95,1.63
337,21061,PARTY INVITES FOOTBALL,0.83,1.05,1.63
338,21062,PARTY INVITES SPACEMAN,0.83,0.86,1.63
339,21063,PARTY INVITES JAZZ HEARTS,0.83,0.93,1.66
340,21064,BOOM BOX SPEAKER BOYS,1.25,4.86,11.87
341,21065,BOOM BOX SPEAKER GIRLS,1.25,4.37,11.87
342,21066,VINTAGE RED MUG,0.8,1.53,2.51
343,21067,VINTAGE RED TEATIME MUG,1.06,1.77,2.51
344,21068,VINTAGE BILLBOARD LOVE/HATE MUG,0.8,1.66,2.51
345,21069,VINTAGE BILLBOARD TEA MUG,1.06,1.74,2.51
346,21070,VINTAGE BILLBOARD MUG,0.8,1.63,2.51
347,21071,VINTAGE BILLBOARD DRINK ME MUG,1.06,1.71,2.51
348,21078,SET/20 STRAWBERRY PAPER NAPKINS,0.64,1.26,2.51
349,21080,SET/20 RED RETROSPOT PAPER NAPKINS,0.64,1.09,2.51
350,21082,SET/20 FRUIT SALAD PAPER NAPKINS,1.63,1.63,1.63
351,21084,SET/6 COLLAGE PAPER CUPS,0.19,0.5,1.63
352,21086,SET/6 RED SPOTTY PAPER CUPS,0.53,0.96,1.66
353,21087,SET/6 POSIES PAPER CUPS,0.19,0.6,0.83
354,21088,SET/6 FRUIT SALAD PAPER CUPS,0.19,0.41,1.66
355,21089,SET/6 GREEN SPRING PAPER CUPS,0.19,0.28,1.63
356,21090,SET/6 COLLAGE PAPER PLATES,0.39,0.63,1.66
357,21094,SET/6 RED SPOTTY PAPER PLATES,0.64,0.99,2.46
358,21095,SET/6 POSIES PAPER PLATES,0.85,0.96,1.63
359,21096,SET/6 FRUIT SALAD  PAPER PLATES,0.39,0.57,1.66
360,21098,CHRISTMAS TOILET ROLL,1.06,1.69,3.36
361,21100,CHARLIE AND LOLA CHARLOTTE BAG,1.65,3.41,4.21
362,21106,CREAM SLICE FLANNEL CHOCOLATE SPOT,2.55,3.81,5.91
363,21107,CREAM SLICE FLANNEL PINK SPOT,2.55,3.83,5.91
364,21108,FAIRY CAKE FLANNEL ASSORTED COLOUR,0.79,2.31,5.06
365,21109,LARGE CAKE TOWEL CHOCOLATE SPOTS,1.95,5.7,13.57
366,21110,LARGE CAKE TOWEL PINK SPOTS,1.95,6.26,13.57
367,21111,"SWISS ROLL TOWEL, CHOCOLATE  SPOTS",1.25,2.94,5.91
368,21112,"SWISS ROLL TOWEL, PINK  SPOTS",1.25,3.04,5.91
369,21114,LAVENDER SCENTED FABRIC HEART,1.06,1.93,11.02
370,21115,ROSE CARAVAN DOORSTOP,1.95,7.51,14.43
371,21116,OWL DOORSTOP,4.25,6.74,8.47
372,21117,BLOND DOLL DOORSTOP,1.25,1.64,6.75
373,21120,*Boombox Ipod Classic,16.98,16.98,16.98
374,21121,SET/10 RED POLKADOT PARTY CANDLES,1.06,1.37,2.51
375,21122,SET/10 PINK POLKADOT PARTY CANDLES,1.06,1.37,2.51
376,21123,SET/10 IVORY POLKADOT PARTY CANDLES,0.83,1.19,2.51
377,21124,SET/10 BLUE POLKADOT PARTY CANDLES,1.06,1.3,2.51
378,21125,SET 6 FOOTBALL CELEBRATION CANDLES,1.25,1.32,2.51
379,21126,SET OF 6 GIRLS CELEBRATION CANDLES,1.06,1.34,2.51
380,21128,GOLD FISHING GNOME,1.95,10.02,12.72
381,21129,SILVER FISHING GNOME,5.95,9.28,12.46
382,21131,GOLD STANDING GNOME,1.25,5.6,8.29
383,21132,SILVER STANDING GNOME,1.25,5.08,8.29
384,21135,VICTORIAN  METAL POSTCARD SPRING,0.2,1.88,25.49
385,21136,PAINTED METAL PEARS ASSORTED,1.04,1.81,25.49
386,21137,BLACK RECORD COVER FRAME,3.39,4.21,7.62
387,21143,ANTIQUE GLASS HEART DECORATION,1.95,2.45,4.21
388,21144,PINK POODLE HANGING DECORATION,0.38,2.37,3.36
389,21145,ANTIQUE GLASS PLACE SETTING,1.25,1.25,1.25
390,21147,JINGLE BELLS TREE DECORATION,1.63,2.05,2.51
391,21154,RED RETROSPOT OVEN GLOVE,1.06,1.94,6.54
392,21155,RED RETROSPOT PEG BAG,2.1,3.11,4.96
393,21156,RETROSPOT CHILDRENS APRON,1.65,2.37,4.21
394,21157,RED RETROSPOT WASHBAG,2.1,3.31,4.21
395,21158,MOODY GIRL DOOR HANGER,0.39,0.97,3.36
396,21159,MOODY BOY  DOOR HANGER,0.39,1.03,3.36
397,21160,KEEP OUT GIRLS DOOR HANGER,3.36,3.36,3.36
398,21161,KEEP OUT BOYS DOOR HANGER,1.45,1.78,3.36
399,21162,TOXIC AREA  DOOR HANGER,0.38,0.99,3.36
400,21163,DO NOT TOUCH MY STUFF DOOR HANGER,0.39,1.02,3.36
401,21164,HOME SWEET HOME METAL SIGN,2.55,3.29,5.91
402,21165,BEWARE OF THE CAT METAL SIGN,1.45,2.16,4.21
403,21166,COOK WITH WINE METAL SIGN,1.4,2.38,4.21
404,21167,WHITE SAGE INCENSE,0.21,0.34,0.43
405,21169,YOU'RE CONFUSING ME METAL SIGN,1.45,2.24,4.21
406,21171,BATHROOM METAL SIGN,1.25,1.77,3.36
407,21172,PARTY METAL SIGN,1.25,2.02,4.21
408,21174,POTTERING IN THE SHED METAL SIGN,1.49,2.7,4.21
409,21175,GIN + TONIC DIET METAL SIGN,1.4,2.77,4.96
410,21179,NO JUNK MAIL METAL SIGN,0.39,1.2,3.36
411,21181,PLEASE ONE PERSON METAL SIGN,1.49,2.42,4.21
412,21186,WHITE DOVE HONEYCOMB PAPER GARLAND,3.36,3.36,3.36
413,21187,WHITE BELL HONEYCOMB PAPER GARLAND,1.45,2.12,3.36
414,21188,3D HEARTS  HONEYCOMB PAPER GARLAND,2.55,3.83,5.91
415,21189,WHITE HONEYCOMB PAPER GARLAND,1.65,2.58,3.36
416,21190,PINK HEARTS PAPER GARLAND,1.45,1.58,1.65
417,21191,LARGE WHITE HONEYCOMB PAPER BELL,1.69,3.07,4.21
418,21192,WHITE BELL HONEYCOMB PAPER,1.45,2.45,3.36
419,21194,PINK  HONEYCOMB PAPER FAN,0.65,1.63,4.21
420,21195,PINK  HONEYCOMB PAPER BALL,0.65,2.83,4.21
421,21196,ROUND WHITE CONFETTI IN TUBE,1.65,2.0,3.29
422,21197,MULTICOLOUR  CONFETTI IN TUBE,0.42,1.62,3.29
423,21198,WHITE HEART CONFETTI IN TUBE,0.42,1.43,3.29
424,21199,PINK  HEART CONFETTI IN TUBE,0.42,1.57,3.36
425,21200,MULTICOLOUR HONEYCOMB PAPER GARLAND,0.65,1.97,3.36
426,21201,TROPICAL  HONEYCOMB PAPER GARLAND,2.1,3.16,5.06
427,21202,DOLLY HONEYCOMB GARLAND,0.65,1.75,3.29
428,21204,DAISIES  HONEYCOMB GARLAND,1.63,1.96,3.36
429,21205,MULTICOLOUR 3D BALLS GARLAND,2.46,2.8,5.06
430,21206,STRAWBERRY HONEYCOMB  GARLAND,0.65,1.92,3.36
431,21207,SKULL AND CROSSBONES  GARLAND,1.45,1.67,3.36
432,21208,PASTEL COLOUR HONEYCOMB FAN,0.39,1.23,3.36
433,21209,MULTICOLOUR HONEYCOMB FAN,0.39,1.35,3.36
434,21210,SET OF 72 RETROSPOT PAPER  DOILIES,1.25,1.78,3.83
435,21211,SET OF 72 SKULL PAPER  DOILIES,1.25,1.74,3.83
436,21212,PACK OF 72 RETROSPOT CAKE CASES,0.4,0.76,5.0
437,21213,PACK OF 72 SKULL CAKE CASES,0.4,0.8,5.21
438,21215,IVORY PAPER CUP CAKE CASES,0.42,0.92,2.13
439,21216,"SET 3 RETROSPOT TEA,COFFEE,SUGAR",4.25,7.35,11.02
440,21217,RED RETROSPOT ROUND CAKE TINS,8.95,12.52,21.23
441,21218,RED SPOTTY BISCUIT TIN,3.25,5.85,8.47
442,21219,SET/4 BADGES BALLOON GIRL,0.83,1.5,2.51
443,21220,SET/4 BADGES DOGS,0.83,1.56,2.51
444,21221,SET/4 BADGES CUTE CREATURES,0.83,1.36,2.51
445,21222,SET/4 BADGES BEETLES,0.83,1.58,2.51
446,21224,SET/4 SKULL BADGES,0.83,1.1,2.51
447,21226,POCKET MIRROR WOODLAND,0.83,0.91,1.25
448,21228,"POCKET MIRROR ""GLAMOROUS""",1.25,1.25,1.25
449,21231,SWEETHEART CERAMIC TRINKET BOX,1.06,1.55,2.51
450,21232,STRAWBERRY CERAMIC TRINKET BOX,1.06,1.65,3.36
451,21238,RED RETROSPOT CUP,0.72,1.06,2.51
452,21239,PINK  POLKADOT CUP,0.72,1.12,2.51
453,21240,BLUE POLKADOT CUP,0.72,1.11,2.51
454,21242,RED RETROSPOT PLATE,1.45,2.08,4.21
455,21243,PINK  POLKADOT PLATE,1.45,2.13,3.36
456,21244,BLUE POLKADOT PLATE,1.45,2.05,3.36
457,21245,GREEN POLKADOT PLATE,1.45,2.01,3.36
458,21246,RED RETROSPOT BIG BOWL,4.13,4.56,10.79
459,21248,DOOR HANGER  MUM + DADS ROOM,1.45,1.84,3.36
460,21249,WOODLAND  HEIGHT CHART STICKERS,2.55,3.87,5.91
461,21250,SET OF SKULL WALL STICKERS,2.55,3.36,5.79
462,21251,DINOSAUR HEIGHT CHART STICKER SET,2.95,3.58,5.91
463,21253,SET OF PICTURE FRAME  STICKERS,0.79,5.04,5.91
464,21257,VICTORIAN SEWING BOX MEDIUM,6.95,11.2,16.13
465,21258,VICTORIAN SEWING BOX LARGE,6.95,16.59,25.49
466,21259,VICTORIAN SEWING BOX SMALL,4.95,6.98,12.72
467,21260,FIRST AID TIN,2.75,3.58,6.63
468,21261,GREEN GOOSE FEATHER CHRISTMAS TREE,2.95,5.11,16.95
469,21262,WHITE GOOSE FEATHER CHRISTMAS TREE,2.95,4.83,16.95
470,21263,GREEN GOOSE FEATHER TREE 60CM,1.95,2.48,5.91
471,21264,WHITE GOOSE FEATHER TREE 60CM,1.95,2.35,5.91
472,21265,PINK GOOSE FEATHER TREE 60CM,1.95,2.57,5.91
473,21268,VINTAGE BLUE TINSEL REEL,0.42,0.42,0.42
474,21269,ANTIQUE CREAM CUTLERY SHELF,8.5,8.95,16.98
475,21270,ANTIQUE CREAM CUTLERY CUPBOARD,8.29,11.34,24.96
476,21272,SALLE DE BAIN HOOK,1.06,1.74,2.51
477,21275,ZINC TOP  2 DOOR WOODEN SHELF,14.95,20.36,34.0
478,21277,FRENCH STYLE EMBOSSED HEART CABINET,12.0,22.23,41.63
479,21278,VINTAGE KITCHEN PRINT PUDDINGS,2.55,2.55,2.55
480,21279,VINTAGE KITCHEN PRINT FRUITS,2.55,3.95,5.06
481,21280,VINTAGE KITCHEN PRINT VEGETABLES,2.55,2.55,2.55
482,21281,VINTAGE KITCHEN PRINT SEAFOOD,2.55,3.98,5.06
483,21284,RETROSPOT CANDLE  SMALL,0.39,1.99,3.36
484,21285,RETROSPOT CANDLE  MEDIUM,0.39,2.14,4.21
485,21286,RETROSPOT CANDLE  LARGE,0.59,2.68,5.06
486,21287,SCENTED VELVET LOUNGE CANDLE,0.38,0.55,2.51
487,21288,STRIPEY CHOCOLATE NESTING BOXES,2.55,3.31,5.91
488,21289,LARGE STRIPES CHOCOLATE GIFT BAG,1.25,1.25,1.25
489,21291,SMALL POLKADOT CHOCOLATE GIFT BAG,0.85,1.03,1.66
490,21292,SMALL STRIPES CHOCOLATE GIFT BAG,0.19,0.87,1.63
491,21293,MIRRORED DOVE WALL DECORATION,2.1,2.67,4.21
492,21294,ETCHED GLASS COASTER,0.39,0.84,2.51
493,21306,SET/4 DAISY MIRROR MAGNETS,0.29,1.05,3.36
494,21307,SET/4 BUTTERFLY MIRROR MAGNETS,0.29,1.26,2.1
495,21310,CAPIZ CHANDELIER,29.95,29.95,29.95
496,21311,SET/4 BIRD MIRROR MAGNETS,0.29,0.88,3.36
497,21313,GLASS HEART T-LIGHT HOLDER,0.64,1.13,1.66
498,21314,SMALL GLASS HEART TRINKET POT,0.85,2.78,4.21
499,21316,SMALL CHUNKY GLASS ROMAN  BOWL,0.79,3.04,5.91
500,21317,GLASS SPHERE CANDLE STAND MEDIUM,4.95,6.61,11.02
501,21318,GLASS CHALICE BLUE SMALL,0.39,1.28,3.36
502,21319,GLASS CHALICE GREEN  SMALL,0.39,1.97,3.36
503,21320,GLASS CHALICE GREEN  LARGE,0.79,2.9,4.96
504,21324,HANGING MEDINA LANTERN SMALL,2.95,3.48,5.91
505,21326,AGED GLASS SILVER T-LIGHT HOLDER,0.55,0.82,1.66
506,21327,SKULLS WRITING SET,0.83,1.98,3.36
507,21328,BALLOONS  WRITING SET,0.83,2.25,3.36
508,21329,DINOSAURS  WRITING SET,0.83,2.16,3.36
509,21331,MOROCCAN BEATEN METAL DISH LARGE,12.75,14.34,25.49
510,21332,MOROCCAN BEATEN METAL MIRROR,3.95,16.09,24.96
511,21333,CLASSIC WHITE FRAME,2.95,3.14,5.91
512,21336,GOLD WASHBAG,1.63,2.03,2.95
513,21340,CLASSIC METAL BIRDCAGE PLANT HOLDER,9.95,13.34,25.49
514,21344,MOROCCAN BEATEN METAL DISH,9.95,11.5,20.79
515,21348,PINK SPOTS CHOCOLATE NESTING BOXES,2.55,3.31,5.91
516,21349,IVY HEART WREATH,6.75,8.46,13.57
517,21351,CINAMMON & ORANGE WREATH,5.79,6.66,6.75
518,21352,EUCALYPTUS & PINECONE  WREATH,2.95,5.18,6.75
519,21354,TOAST ITS - BEST MUM,1.05,1.58,2.95
520,21355,TOAST ITS - I LOVE YOU,1.05,1.36,2.51
521,21356,TOAST ITS - FAIRY FLOWER,0.83,1.22,2.51
522,21357,TOAST ITS - DINOSAUR,1.25,1.25,1.25
523,21358,TOAST ITS - HAPPY BIRTHDAY,0.83,1.18,2.51
524,21359,RELAX LARGE WOOD LETTERS,3.95,10.2,34.0
525,21360,JOY LARGE WOOD LETTERS,3.95,9.08,21.23
526,21361,LOVE LARGE WOOD LETTERS,10.95,15.36,25.49
527,21363,HOME SMALL WOOD LETTERS,4.95,6.44,11.02
528,21364,PEACE SMALL WOOD LETTERS,6.75,7.3,13.57
529,21365,MIRRORED WALL ART STARS,0.75,1.97,5.91
530,21366,MIRRORED WALL ART PHOTO FRAMES,3.29,5.89,8.47
531,21367,MIRRORED WALL ART GENTS,0.75,2.2,5.06
532,21368,MIRRORED WALL ART LADIES,0.75,1.24,4.96
533,21369,MIRRORED WALL ART SPLODGES,1.25,2.52,7.62
534,21370,MIRRORED WALL ART FOXY,1.65,5.78,12.46
535,21371,MIRRORED WALL ART POPPIES,0.75,1.64,4.96
536,21372,MIRRORED WALL ART TABLE LAMP,0.75,1.98,5.91
537,21373,MIRRORED WALL ART SNOWFLAKES,0.75,0.86,5.79
538,21374,MIRRORED WALL ART SKULLS,1.25,2.37,7.62
539,21375,LARGE CAMPHOR WOOD FIELD MUSHROOM,1.25,8.4,11.02
540,21376,LARGE  TALL CAMPHOR WOOD TOADSTOOL,1.25,6.46,10.79
541,21377,SMALL CAMPHOR WOOD FIELD  MUSHROOM,0.39,2.44,3.36
542,21378,SMALL TALL CAMPHOR WOOD TOADSTOOL,0.39,2.12,3.36
543,21379,CAMPHOR WOOD PORTOBELLO MUSHROOM,0.39,1.85,2.51
544,21380,WOODEN HAPPY BIRTHDAY GARLAND,2.55,3.49,5.91
545,21381,MINI WOODEN HAPPY BIRTHDAY GARLAND,1.45,2.37,7.5
546,21382,SET/4 SPRING FLOWER DECORATION,0.75,2.01,5.91
547,21383,PACK OF 12 STICKY BUNNIES,0.65,1.02,1.66
548,21385,IVORY HANGING DECORATION  HEART,0.72,1.11,1.66
549,21386,IVORY HANGING DECORATION  EGG,0.19,0.56,1.66
550,21389,IVORY HANGING DECORATION  BIRD,0.83,0.95,1.66
551,21390,FILIGRIS HEART WITH BUTTERFLY,1.06,1.47,2.51
552,21391,FRENCH LAVENDER SCENT HEART,0.75,1.52,4.21
553,21392,RED POLKADOT PUDDING BOWL,0.39,1.71,4.13
554,21393,BLUE POLKADOT PUDDING BOWL,0.39,1.46,2.1
555,21394,RED POLKADOT BEAKER,0.39,0.6,4.13
556,21395,BLUE POLKADOT BEAKER,0.39,0.54,1.63
557,21397,BLUE POLKADOT EGG CUP,0.39,1.06,3.36
558,21398,RED POLKADOT COFFEE  MUG,0.39,1.25,4.21
559,21399,BLUE POLKADOT COFFEE MUG,0.39,0.78,4.13
560,21400,RED PUDDING SPOON,0.12,0.25,0.83
561,21401,BLUE PUDDING SPOON,0.12,0.24,0.85
562,21402,RED  EGG  SPOON,0.12,0.26,0.85
563,21403,BLUE EGG  SPOON,0.12,0.25,0.85
564,21407,BROWN CHECK CAT DOORSTOP,3.0,5.44,8.47
565,21408,SPOTTY PINK DUCK DOORSTOP,1.95,5.92,8.47
566,21410,COUNTRY COTTAGE  DOORSTOP GREEN,8.47,8.47,8.47
567,21411,GINGHAM HEART  DOORSTOP RED,1.95,4.91,8.47
568,21412,VINTAGE GOLD TINSEL REEL,0.42,0.42,0.42
569,21413,PERIWINKLE T-LIGHT HOLDER,1.25,1.77,2.51
570,21414,SCALLOP SHELL SOAP DISH,2.1,2.1,2.1
571,21415,CLAM SHELL SMALL,0.79,2.72,4.21
572,21416,CLAM SHELL LARGE,3.75,3.75,3.75
573,21417,COCKLE SHELL DISH,0.79,2.98,4.21
574,21418,STARFISH SOAP DISH,0.79,3.49,5.06
575,21420,OYSTER TRINKET BOX,0.79,3.86,6.77
576,21421,PORCELAIN ROSE LARGE,1.06,1.38,3.29
577,21422,PORCELAIN ROSE SMALL,0.72,1.1,1.66
578,21424,WOODLAND STORAGE BOX LARGE,2.55,5.28,6.63
579,21425,SKULLS STORAGE BOX LARGE,2.55,4.64,6.77
580,21426,WOODLAND STORAGE BOX SMALL,1.85,3.74,4.96
581,21427,SKULLS STORAGE BOX SMALL,2.1,3.15,5.06
582,21428,SET3 BOOK BOX GREEN GINGHAM FLOWER,2.66,5.41,8.47
583,21429,RED GINGHAM ROSE JEWELLERY BOX,1.45,2.31,4.13
584,21430,SET/3 RED GINGHAM ROSE STORAGE BOX,2.33,4.9,7.62
585,21439,BASKET OF TOADSTOOLS,1.06,1.57,2.51
586,21441,BLUE BIRDHOUSE DECORATION,0.19,1.07,1.66
587,21442,GREEN BIRDHOUSE DECORATION,0.19,1.05,1.66
588,21445,12 PINK ROSE PEG PLACE SETTINGS,1.25,1.25,1.25
589,21446,12 RED ROSE PEG PLACE SETTINGS,1.25,1.58,2.51
590,21447,12 IVORY ROSE PEG PLACE SETTINGS,1.25,1.71,2.51
591,21448,12 DAISY PEGS IN WOOD BOX,1.65,1.92,3.36
592,21452,TOADSTOOL MONEY BOX,2.55,3.61,6.77
593,21454,PAINTED PINK RABBIT,0.83,0.86,1.66
594,21455,PAINTED YELLOW WOODEN DAISY,0.83,0.86,1.66
595,21456,2 PICTURE BOOK EGGS EASTER CHICKS,1.25,1.48,2.46
596,21457,2 PICTURE BOOK EGGS EASTER DUCKS,1.25,1.69,2.46
597,21458,2 PICTURE BOOK EGGS EASTER BUNNY,1.25,1.82,2.46
598,21459,YELLOW EASTER EGG HUNT START POST,1.95,2.05,4.13
599,21460,GREEN EASTER EGG HUNT START POST,1.95,2.15,4.13
600,21461,BLUE EASTER EGG HUNT START POST,1.95,2.5,4.13
601,21462,"NURSERY A,B,C PAINTED LETTERS",1.95,6.41,13.29
602,21463,MIRRORED DISCO BALL,2.5,5.79,5.95
603,21464,DISCO BALL ROTATOR BATTERY OPERATED,3.75,4.25,4.25
604,21465,PINK FLOWER CROCHET FOOD COVER,3.29,3.93,7.62
605,21466,RED FLOWER CROCHET FOOD COVER,2.95,3.9,7.62
606,21467,CHERRY CROCHET FOOD COVER,3.29,3.99,7.62
607,21468,BUTTERFLY CROCHET FOOD COVER,3.29,4.01,7.46
608,21469,POLKA DOT RAFFIA FOOD COVER,3.29,3.84,7.46
609,21470,FLOWER VINE RAFFIA FOOD COVER,3.29,4.1,7.62
610,21471,STRAWBERRY RAFFIA FOOD COVER,2.95,3.67,7.62
611,21472,LADYBIRD + BEE RAFFIA FOOD COVER,3.75,4.16,7.62
612,21473,SWEETHEART CREAM STEEL TABLE RECT,19.95,23.76,99.96
613,21476,STEEL SWEETHEART ROUND TABLE CREAM,14.95,18.56,58.29
614,21479,WHITE SKULL HOT WATER BOTTLE,3.39,4.98,9.13
615,21481,FAWN BLUE HOT WATER BOTTLE,2.55,4.09,10.29
616,21484,CHICK GREY HOT WATER BOTTLE,2.95,5.18,12.21
617,21485,RETROSPOT HEART HOT WATER BOTTLE,4.25,5.63,12.21
618,21486,PINK HEART DOTS HOT WATER BOTTLE,3.75,4.04,4.21
619,21488,RED WHITE SCARF  HOT WATER BOTTLE,3.95,7.61,8.47
620,21491,SET OF THREE VINTAGE GIFT WRAPS,1.95,1.95,1.95
621,21494,ROTATING LEAVES T-LIGHT HOLDER,1.06,2.6,5.91
622,21495,SKULLS AND CROSSBONES WRAP,0.34,0.42,0.42
623,21497,FANCY FONTS BIRTHDAY WRAP,0.34,0.42,0.42
624,21498,RED RETROSPOT WRAP,0.34,0.42,0.42
625,21499,BLUE POLKADOT WRAP,0.34,0.42,0.42
626,21500,PINK POLKADOT WRAP,0.34,0.42,0.42
627,21503,TOYBOX  WRAP,0.34,0.42,0.42
628,21504,SKULLS GREETING CARD,0.36,0.49,0.85
629,21506,"FANCY FONT BIRTHDAY CARD,",0.36,0.51,1.0
630,21507,"ELEPHANT, BIRTHDAY CARD,",0.36,0.53,1.0
631,21508,VINTAGE KID DOLLY CARD,0.36,0.55,0.85
632,21509,COWBOYS AND INDIANS BIRTHDAY CARD,0.36,0.53,1.0
633,21518,BANK ACCOUNT  GREETING  CARD,0.36,0.48,0.85
634,21519,GIN & TONIC DIET GREETING CARD,0.36,0.51,0.85
635,21520,BOOZE & WOMEN GREETING CARD,0.36,0.51,0.85
636,21523,DOORMAT FANCY FONT HOME SWEET HOME,4.58,9.51,16.98
637,21524,DOORMAT SPOTTY HOME SWEET HOME,4.58,9.2,16.98
638,21527,RED RETROSPOT TRADITIONAL TEAPOT,6.95,8.42,16.63
639,21528,DAIRY MAID TRADITIONAL TEAPOT,5.79,7.63,13.57
640,21530,DAIRY MAID TOASTRACK,0.79,1.56,5.91
641,21531,RED RETROSPOT SUGAR JAM BOWL,2.1,2.89,5.06
642,21533,RETROSPOT LARGE MILK JUG,4.25,5.28,10.17
643,21534,DAIRY MAID LARGE MILK JUG,4.13,5.43,10.17
644,21535,RED RETROSPOT SMALL MILK JUG,2.1,2.75,5.06
645,21537,RED RETROSPOT PUDDING BOWL,3.75,4.46,8.47
646,21538,DAIRY MAID  PUDDING BOWL,3.75,3.75,3.75
647,21539,RED RETROSPOT BUTTER DISH,4.25,5.44,10.17
648,21544,SKULLS  WATER TRANSFER TATTOOS,0.65,1.12,1.66
649,21547,CERAMIC BIRDHOUSE CRESTED TIT SMALL,2.95,3.71,5.91
650,21555,CERAMIC STRAWBERRY TRINKET TRAY,2.46,2.59,5.06
651,21556,CERAMIC STRAWBERRY MONEY BOX,2.25,3.31,5.91
652,21557,SET OF 6 FUNKY BEAKERS,2.46,4.16,5.91
653,21558,SKULL LUNCH BOX WITH CUTLERY,2.1,3.37,5.06
654,21559,STRAWBERRY LUNCH BOX WITH CUTLERY,2.1,3.12,5.06
655,21561,DINOSAUR LUNCH BOX WITH CUTLERY,2.1,3.03,5.06
656,21562,HAWAIIAN GRASS SKIRT,1.06,1.44,4.13
657,21563,RED HEART SHAPE LOVE BUCKET,0.79,3.2,5.91
658,21564,PINK  HEART SHAPE LOVE BUCKET,0.79,3.2,5.91
659,21576,LETS GO SHOPPING COTTON TOTE BAG,1.63,2.59,5.06
660,21577,SAVE THE PLANET COTTON TOTE BAG,1.63,2.71,5.06
661,21578,WOODLAND DESIGN  COTTON TOTE BAG,1.63,2.58,5.06
662,21579,LOLITA  DESIGN  COTTON TOTE BAG,1.63,2.56,5.06
663,21580,RABBIT  DESIGN  COTTON TOTE BAG,1.63,2.89,4.96
664,21581,SKULLS  DESIGN  COTTON TOTE BAG,1.63,2.88,5.06
665,21584,RETROSPOT SMALL TUBE MATCHES,1.45,1.65,1.65
666,21586,KINGS CHOICE GIANT TUBE MATCHES,2.1,2.5,2.55
667,21587,COSY HOUR GIANT TUBE MATCHES,2.1,2.53,2.55
668,21588,RETROSPOT GIANT TUBE MATCHES,2.1,2.53,2.55
669,21591,COSY HOUR CIGAR BOX MATCHES,1.06,1.26,2.95
670,21592,RETROSPOT CIGAR BOX MATCHES,0.39,1.13,1.25
671,21594,Dr. Jam's Arouzer Stress Ball,4.13,4.17,4.21
672,21595,Dad's Cab Electronic Meter,8.47,8.47,8.47
673,21609,SET 12 LAVENDER  BOTANICAL T-LIGHTS,2.55,3.04,5.91
674,21613,S/12 VANILLA  BOTANICAL T-LIGHTS,2.55,3.15,5.91
675,21614,SET OF 12 ROSE BOTANICAL T-LIGHTS,2.95,3.27,5.79
676,21615,4 LAVENDER BOTANICAL DINNER CANDLES,1.25,2.02,7.46
677,21616,4 PEAR BOTANICAL DINNER CANDLES,1.25,1.96,3.75
678,21617,4 LILY  BOTANICAL DINNER CANDLES,1.25,2.44,7.46
679,21618,4 WILDFLOWER BOTANICAL CANDLES,1.25,2.47,7.62
680,21619,4 VANILLA BOTANICAL CANDLES,1.25,1.99,7.62
681,21620,SET OF 4 ROSE BOTANICAL CANDLES,1.25,2.05,7.62
682,21621,VINTAGE UNION JACK BUNTING,6.98,9.44,19.95
683,21622,VINTAGE UNION JACK CUSHION COVER,4.25,5.79,13.57
684,21623,VINTAGE UNION JACK MEMOBOARD,6.38,10.37,20.38
685,21624,VINTAGE UNION JACK DOORSTOP,4.95,6.63,11.87
686,21625,VINTAGE UNION JACK APRON,4.13,8.07,14.43
687,21626,VINTAGE UNION JACK PENNANT,1.63,2.26,4.21
688,21627,ELEPHANT CARNIVAL POUFFE,14.95,21.96,29.79
689,21628,TRIANGULAR POUFFE VINTAGE,12.75,21.55,29.79
690,21629,SQUARE FLOOR CUSHION VINTAGE RED,6.95,10.52,15.79
691,21630,FLOOR CUSHION ELEPHANT CARNIVAL,7.95,12.01,18.68
692,21631,HIPPY CHIC DECORATIVE PARASOL,3.95,8.34,25.49
693,21632,VINTAGE PINK DECORATIVE PARASOL,3.95,8.2,25.49
694,21633,SUNFLOWER DECORATIVE PARASOL,3.95,10.22,24.96
695,21634,ASSORTED MINI MADRAS NOTEBOOK,0.39,0.84,2.51
696,21635,MADRAS NOTEBOOK LARGE,1.25,2.26,7.46
697,21636,MADRAS NOTEBOOK MEDIUM,0.75,0.85,4.96
698,21637,ASSORTED SANSKRIT MINI NOTEBOOK,1.25,1.25,1.25
699,21638,ASSORTED TUTTI FRUTTI NOTEBOOK,2.1,2.57,4.21
700,21640,ASSORTED TUTTI FRUTTI  FOB NOTEBOOK,0.72,1.14,1.66
701,21641,ASSORTED TUTTI FRUTTI KEYRING BALL,0.29,1.1,1.66
702,21642,ASSORTED TUTTI FRUTTI PEN,0.29,0.5,1.66
703,21643,ASSORTED TUTTI FRUTTI MIRROR,1.06,1.83,2.51
704,21644,ASSORTED TUTTI FRUTTI HEART BOX,1.25,1.25,1.25
705,21645,ASSORTED TUTTI FRUTTI ROUND BOX,1.65,1.65,1.65
706,21647,ASSORTED TUTTI FRUTTI LARGE PURSE,2.1,2.1,2.1
707,21648,ASSORTED TUTTI FRUTTI SMALL PURSE,1.06,1.87,2.51
708,21650,ASSORTED TUTTI FRUTTI BRACELET,0.19,0.5,1.66
709,21651,HANGING GLASS ETCHED TEALIGHT,1.45,1.77,3.36
710,21654,RIDGED GLASS FINGER BOWL,0.39,0.96,3.29
711,21655,HANGING RIDGE GLASS T-LIGHT HOLDER,1.69,1.69,1.69
712,21656,RIDGED GLASS POSY VASE,1.45,2.21,3.36
713,21657,MILK BOTTLE WITH GLASS STOPPER,6.95,7.83,14.43
714,21658,GLASS  BEURRE DISH,3.39,5.46,8.47
715,21661,VINTAGE GLASS TEA CADDY,5.95,5.95,5.95
716,21662,VINTAGE GLASS COFFEE CADDY,5.45,8.16,11.87
717,21664,RIDGED GLASS STORAGE JAR CREAM LID,3.39,3.73,3.75
718,21666,RIDGED GLASS T-LIGHT HOLDER,0.65,0.86,1.66
719,21667,GLASS CAKE COVER AND PLATE,14.95,14.95,14.95
720,21668,RED STRIPE CERAMIC DRAWER KNOB,1.06,1.66,3.95
721,21669,BLUE STRIPE CERAMIC DRAWER KNOB,1.06,1.59,3.95
722,21670,BLUE SPOT CERAMIC DRAWER KNOB,0.85,1.7,3.95
723,21671,RED SPOT CERAMIC DRAWER KNOB,0.85,1.71,3.95
724,21672,WHITE SPOT RED CERAMIC DRAWER KNOB,0.85,1.68,7.5
725,21673,WHITE SPOT BLUE CERAMIC DRAWER KNOB,0.85,1.68,3.95
726,21675,BUTTERFLIES STICKERS,0.72,1.14,1.66
727,21676,FLOWERS  STICKERS,0.79,1.16,1.66
728,21677,HEARTS  STICKERS,0.72,1.03,1.66
729,21678,PAISLEY PATTERN  STICKERS,0.79,1.01,1.66
730,21679,SKULLS  STICKERS,0.72,1.13,1.66
731,21680,WOODLAND  STICKERS,0.85,1.21,1.66
732,21681,GIANT MEDINA STAMPED METAL BOWL,9.95,9.95,9.95
733,21682,LARGE MEDINA STAMPED METAL BOWL,4.95,5.49,9.96
734,21683,MEDIUM MEDINA STAMPED METAL BOWL,2.95,3.39,5.91
735,21684,SMALL MEDINA STAMPED METAL BOWL,0.64,1.26,2.51
736,21686,MEDINA STAMPED METAL STOOL,5.0,39.87,78.29
737,21688,SILVER PLATE CANDLE BOWL SMALL,2.95,3.8,5.91
738,21689,SILVER VANILLA  FLOWER CANDLE POT,3.75,4.27,8.29
739,21690,SILVER  CANDLEPOT JARDIN,3.75,3.75,3.75
740,21692,SILVER LATTICE VANILLA CANDLE POT,3.75,3.75,3.75
741,21693,SMALL HAMMERED SILVER CANDLEPOT,2.95,3.35,5.91
742,21694,SMALL REGAL  SILVER CANDLEPOT,2.55,3.4,5.91
743,21695,SMALL SILVER FLOWER CANDLE POT,2.95,3.37,5.79
744,21696,SMALL SILVER TRELLIS CANDLEPOT,2.95,3.29,5.91
745,21698,MOCK LOBSTER FRIDGE MAGNET,0.39,1.06,1.66
746,21700,BIG DOUGHNUT FRIDGE MAGNETS,0.85,3.94,8.47
747,21703,BAG 125g SWIRLY MARBLES,0.27,0.49,0.85
748,21704,BAG 250g SWIRLY MARBLES,0.72,1.0,1.66
749,21705,BAG 500g SWIRLY MARBLES,0.39,1.83,3.36
750,21706,FOLDING UMBRELLA RED/WHITE POLKADOT,3.29,5.0,10.17
751,21707,FOLDING UMBRELLA BLACKBLUE POLKADOT,3.29,4.88,9.96
752,21708,FOLDING UMBRELLA CREAM POLKADOT,3.29,4.33,9.96
753,21709,FOLDING UMBRELLA CHOCOLATE POLKADOT,3.29,4.67,9.96
754,21710,FOLDING UMBRELLA PINKWHITE POLKADOT,3.29,4.82,10.17
755,21711,FOLDING UMBRELLA WHITE/RED POLKADOT,3.29,5.25,10.17
756,21713,CITRONELLA CANDLE FLOWERPOT,1.85,2.49,4.21
757,21714,CITRONELLA CANDLE GARDEN POT,1.25,1.88,6.54
758,21715,GIRLS VINTAGE TIN SEASIDE BUCKET,2.1,3.26,5.06
759,21716,BOYS VINTAGE TIN SEASIDE BUCKET,2.1,3.38,5.06
760,21717,EASTER TIN BUCKET,2.1,2.68,5.06
761,21718,RED METAL BEACH SPADE,1.25,1.71,2.51
762,21719,LOVELY BONBON STICKER SHEET,0.79,1.06,1.66
763,21720,CAKE SHOP  STICKER SHEET,0.85,0.85,0.85
764,21721,CANDY SHOP  STICKER SHEET,0.85,1.1,1.66
765,21722,SWEET PUDDING STICKER SHEET,0.83,1.12,1.66
766,21723,ALPHABET HEARTS STICKER SHEET,0.79,1.03,1.66
767,21724,PANDA AND BUNNIES STICKER SHEET,0.79,0.97,1.66
768,21725,SWEETIES  STICKERS,0.85,1.13,1.66
769,21726,MULTI HEARTS  STICKERS,0.85,0.93,1.66
770,21730,GLASS STAR FROSTED T-LIGHT HOLDER,4.25,5.33,10.17
771,21731,RED TOADSTOOL LED NIGHT LIGHT,1.25,2.38,4.13
772,21733,RED HANGING HEART T-LIGHT HOLDER,2.55,3.15,5.91
773,21735,TWO DOOR CURIO CABINET,6.0,12.51,12.75
774,21736,GOLD SCROLL GLASS T-LIGHT HOLDER,0.39,1.61,2.1
775,21738,COSY SLIPPER SHOES SMALL  RED,2.95,3.34,5.91
776,21739,COSY SLIPPER SHOES SMALL GREEN,2.46,2.76,5.91
777,21741,COSY SLIPPER SHOES LARGE GREEN,2.95,3.82,5.91
778,21742,LARGE ROUND WICKER PLATTER,5.95,6.09,12.72
779,21743,STAR PORTABLE TABLE LIGHT,2.55,3.84,5.91
780,21744,SNOWFLAKE PORTABLE TABLE LIGHT,2.46,3.04,5.91
781,21745,GAOLERS KEYS DECORATIVE GARDEN,3.39,3.97,8.47
782,21746,SMALL RED RETROSPOT WINDMILL,1.06,1.47,2.51
783,21747,SMALL SKULL WINDMILL,1.05,1.51,2.46
784,21749,LARGE RED RETROSPOT WINDMILL,1.85,2.52,4.21
785,21750,LARGE SKULL WINDMILL,2.1,2.7,4.21
786,21754,HOME BUILDING BLOCK WORD,5.45,6.62,11.87
787,21755,LOVE BUILDING BLOCK WORD,5.45,6.69,12.46
788,21756,BATH BUILDING BLOCK WORD,5.45,6.62,11.87
789,21757,LIGHTHOUSE PRINTED METAL SIGN,4.95,4.95,4.95
790,21758,VINTAGE SHELLS PRINT,5.95,9.84,12.72
791,21761,WOOD AND GLASS MEDICINE CABINET,29.95,29.95,29.95
792,21763,VINTAGE WOODEN BAR STOOL,20.0,27.46,29.95
793,21769,VINTAGE POST OFFICE CABINET,52.77,66.36,79.95
794,21770,OPEN CLOSED METAL SIGN,4.25,5.52,9.96
795,21773,DECORATIVE ROSE BATHROOM BOTTLE,0.42,1.77,2.51
796,21774,DECORATIVE CATS BATHROOM BOTTLE,0.42,1.92,2.51
797,21775,DECORATIVE FLORE BATHROOM BOTTLE,0.42,1.87,2.51
798,21777,RECIPE BOX WITH METAL HEART,7.95,7.95,7.95
799,21781,MA CAMPAGNE CUTLERY BOX,12.75,16.64,29.74
800,21784,SHOE SHINE BOX,9.95,11.41,21.23
801,21785,RAIN PONCHO,0.65,0.97,1.66
802,21786,POLKADOT RAIN HAT,0.32,0.67,0.85
803,21787,RAIN PONCHO RETROSPOT,0.65,1.05,1.66
804,21788,KIDS RAIN MAC BLUE,0.65,0.91,1.66
805,21789,KIDS RAIN MAC PINK,0.65,0.94,1.66
806,21790,VINTAGE SNAP CARDS,0.58,1.02,1.95
807,21791,VINTAGE HEADS AND TAILS CARD GAME,1.06,1.5,2.95
808,21792,CLASSIC FRENCH STYLE BASKET GREEN,3.95,5.05,13.57
809,21793,CLASSIC FRENCH STYLE BASKET BROWN,3.95,4.58,7.46
810,21794,CLASSIC FRENCH STYLE BASKET NATURAL,2.0,4.91,13.57
811,21801,CHRISTMAS TREE DECORATION WITH BELL,0.42,0.42,0.43
812,21802,CHRISTMAS TREE HEART DECORATION,0.36,0.45,0.83
813,21803,CHRISTMAS TREE STAR DECORATION,0.42,0.45,0.85
814,21804,WHITE CHRISTMAS GARLAND STARS TREES,3.29,3.77,7.62
815,21807,WHITE CHRISTMAS STAR DECORATION,0.42,0.47,0.85
816,21808,"CHRISTMAS GARLAND STARS,TREES",1.25,3.54,7.46
817,21809,CHRISTMAS HANGING TREE WITH BELL,0.39,0.95,2.51
818,21810,CHRISTMAS HANGING STAR WITH BELL,0.39,0.75,2.51
819,21811,HANGING HEART WITH BELL,0.39,0.99,2.51
820,21812,GARLAND WITH HEARTS AND BELLS,3.29,5.17,10.17
821,21813,GARLAND WITH STARS AND BELLS,3.29,4.67,10.17
822,21814,HEART T-LIGHT HOLDER,1.45,1.73,2.98
823,21815,STAR  T-LIGHT HOLDER,1.45,2.01,2.98
824,21816,CHRISTMAS TREE T-LIGHT HOLDER,1.45,1.45,1.45
825,21817,GLITTER CHRISTMAS TREE,0.39,0.56,1.66
826,21818,GLITTER HEART DECORATION,0.39,0.6,1.66
827,21819,GLITTER CHRISTMAS STAR,0.39,0.54,1.66
828,21820,GLITTER HEART GARLAND WITH BELLS,3.39,5.0,7.62
829,21821,GLITTER STAR GARLAND WITH BELLS,3.39,5.05,7.62
830,21822,GLITTER CHRISTMAS TREE WITH BELLS,0.79,1.32,4.21
831,21823,PAINTED METAL HEART WITH HOLLY BELL,0.39,0.94,2.98
832,21824,PAINTED METAL STAR WITH HOLLY BELLS,0.39,0.78,2.98
833,21826,EIGHT PIECE DINOSAUR SET,1.25,1.68,2.51
834,21827,EIGHT PIECE CREEPY CRAWLIE SET,1.25,1.25,1.25
835,21828,EIGHT PIECE SNAKE  SET,1.25,1.48,2.51
836,21829,DINOSAUR KEYRINGS ASSORTED,0.18,0.26,0.43
837,21830,ASSORTED CREEPY CRAWLIES,0.42,0.47,0.85
838,21832,CHOCOLATE CALCULATOR,1.65,2.35,3.36
839,21833,CAMOUFLAGE LED TORCH,1.49,2.1,3.36
840,21836,GINGHAM OVEN GLOVE RED HEART,3.75,5.04,7.62
841,21839,MUMMY MOUSE RED GINGHAM RIBBON,5.45,5.45,5.45
842,21841,BABY MOUSE RED GINGHAM DRESS,4.25,4.25,4.25
843,21843,RED RETROSPOT CAKE STAND,4.0,12.46,21.23
844,21844,RED RETROSPOT MUG,2.55,3.29,5.91
845,21845,DAIRY MAID STRIPE MUG,0.79,1.12,2.95
846,21846,PINK DIAMANTE PEN IN GIFT BOX,1.63,4.1,8.29
847,21847,GREEN  DIAMANTE PEN IN GIFT BOX,1.63,2.75,8.29
848,21849,SILVER DIAMANTE PEN IN GIFT BOX,1.63,3.8,8.29
849,21850,BLUE  DIAMANTE PEN IN GIFT BOX,1.63,4.3,8.29
850,21851,LILAC DIAMANTE PEN IN GIFT BOX,1.63,4.15,8.29
851,21864,UNION JACK FLAG PASSPORT COVER,1.63,2.86,4.21
852,21865,PINK UNION JACK  PASSPORT COVER,0.83,2.57,4.21
853,21866,UNION JACK FLAG LUGGAGE TAG,0.83,1.96,3.36
854,21867,PINK UNION JACK  LUGGAGE TAG,0.83,1.57,2.51
855,21868,POTTING SHED TEA MUG,1.06,1.74,3.36
856,21870,I CAN ONLY PLEASE ONE PERSON MUG,1.06,1.57,3.36
857,21871,SAVE THE PLANET MUG,0.8,1.8,3.36
858,21872,GLAMOROUS  MUG,0.8,1.66,3.36
859,21873,IF YOU CAN'T STAND THE HEAT MUG,0.42,1.6,3.36
860,21874,GIN AND TONIC MUG,0.95,2.0,3.36
861,21875,KINGS CHOICE MUG,1.06,1.82,3.36
862,21876,POTTERING MUG,0.42,2.07,3.36
863,21877,HOME SWEET HOME MUG,1.06,1.7,3.36
864,21878,PACK OF 6 SANDCASTLE FLAGS ASSORTED,0.72,1.09,1.66
865,21879,HEARTS GIFT TAPE,0.19,0.59,1.66
866,21880,RED RETROSPOT TAPE,0.19,0.48,1.66
867,21881,CUTE CATS TAPE,0.19,0.68,1.63
868,21882,SKULLS TAPE,0.19,0.64,1.66
869,21883,STARS GIFT TAPE,0.19,0.64,1.66
870,21884,CAKES AND BOWS GIFT  TAPE,0.19,0.76,1.66
871,21888,BINGO SET,3.39,4.71,7.62
872,21889,WOODEN BOX OF DOMINOES,1.06,1.58,3.36
873,21890,S/6 WOODEN SKITTLES IN COTTON BAG,2.26,3.84,5.91
874,21891,TRADITIONAL WOODEN SKIPPING ROPE,0.72,1.59,2.51
875,21892,TRADITIONAL WOODEN CATCH CUP GAME,1.06,1.6,2.51
876,21894,POTTING SHED SEED ENVELOPES,1.25,1.83,2.51
877,21895,POTTING SHED SOW 'N' GROW SET,4.25,6.36,8.47
878,21896,POTTING SHED TWINE,1.85,2.41,4.21
879,21897,POTTING SHED CANDLE CITRONELLA,2.55,3.85,5.79
880,21898,POTTING SHED ROSE CANDLE,2.46,2.62,3.21
881,21899,GARAGE KEY FOB,0.53,0.88,1.66
882,21900,"KEY FOB , SHED",0.53,0.95,1.66
883,21901,"KEY FOB , BACK DOOR",0.53,0.89,1.66
884,21902,"KEY FOB , FRONT  DOOR",0.53,0.88,1.66
885,21903,MAN FLU METAL SIGN,1.85,2.5,4.21
886,21904,HOUSE WRECKING METAL SIGN,2.1,2.1,2.1
887,21905,MORE BUTTER METAL SIGN,0.79,1.4,4.13
888,21906,PHARMACIE FIRST AID TIN,5.95,9.56,13.57
889,21907,I'M ON HOLIDAY METAL SIGN,1.85,2.3,4.21
890,21908,CHOCOLATE THIS WAY METAL SIGN,1.48,2.53,4.21
891,21910,WAY OUT METAL SIGN,1.65,1.65,1.65
892,21911,GARDEN METAL SIGN,1.65,2.15,3.36
893,21912,VINTAGE SNAKES & LADDERS,2.62,4.94,7.62
894,21913,VINTAGE SEASIDE JIGSAW PUZZLES,3.29,4.36,7.62
895,21914,BLUE HARMONICA IN BOX,1.06,1.43,2.95
896,21915,RED  HARMONICA IN BOX,0.98,1.42,2.95
897,21916,SET 12 RETRO WHITE CHALK STICKS,0.36,0.55,1.0
898,21917,SET 12 KIDS  WHITE CHALK STICKS,0.36,0.5,0.85
899,21918,SET 12 KIDS COLOUR  CHALK STICKS,0.36,0.52,0.85
900,21922,UNION STRIPE WITH FRINGE  HAMMOCK,6.62,9.19,16.98
901,21925,UNION STRIPE CUSHION COVER,1.25,1.25,1.25
902,21926,RED/CREAM STRIPE CUSHION COVER,1.06,1.25,1.25
903,21927,BLUE/CREAM STRIPE CUSHION COVER,1.06,1.25,1.25
904,21928,JUMBO BAG SCANDINAVIAN BLUE PAISLEY,1.65,2.69,5.06
905,21929,JUMBO BAG PINK VINTAGE PAISLEY,1.65,2.67,5.06
906,21930,JUMBO STORAGE BAG SKULLS,1.65,2.78,4.96
907,21931,JUMBO STORAGE BAG SUKI,1.65,2.74,5.06
908,21932,SCANDINAVIAN PAISLEY PICNIC BAG,1.65,2.07,5.91
909,21933,PINK VINTAGE PAISLEY PICNIC BAG,1.65,2.07,5.91
910,21934,SKULL SHOULDER BAG,1.45,2.14,4.21
911,21935,SUKI  SHOULDER BAG,1.45,2.34,4.21
912,21936,RED RETROSPOT PICNIC BAG,1.65,3.69,5.91
913,21937,STRAWBERRY   PICNIC BAG,2.55,3.39,5.91
914,21942,SKULLS DESIGN FLANNEL,0.39,1.33,1.66
915,21943,CAKES AND RABBITS DESIGN FLANNEL,0.83,1.29,1.66
916,21944,KITTENS DESIGN FLANNEL,0.39,1.19,1.66
917,21945,STRAWBERRIES  DESIGN FLANNEL,0.39,1.31,1.66
918,21946,PARTY TIME DESIGN FLANNEL,0.39,1.01,1.66
919,21947,SET OF 6 HEART CHOPSTICKS,1.06,1.7,2.51
920,21948,SET OF 6 CAKE CHOPSTICKS,1.25,1.9,2.51
921,21949,SET OF 6 STRAWBERRY CHOPSTICKS,1.06,1.81,2.51
922,21955,DOORMAT UNION JACK GUNS AND ROSES,4.58,9.17,16.98
923,21967,PACK OF 12 SKULL TISSUES,0.25,0.45,0.85
924,21972,SET OF 36 DINOSAUR PAPER DOILIES,1.25,1.68,3.83
925,21973,SET OF 36 MUSHROOM PAPER DOILIES,1.45,1.45,1.45
926,21974,SET OF 36 PAISLEY FLOWER DOILIES,1.25,2.13,3.75
927,21975,PACK OF 60 DINOSAUR CAKE CASES,0.4,0.63,1.28
928,21976,PACK OF 60 MUSHROOM CAKE CASES,0.42,0.84,2.13
929,21977,PACK OF 60 PINK PAISLEY CAKE CASES,0.4,0.74,2.13
930,21980,PACK OF 12 RED RETROSPOT TISSUES,0.25,0.41,1.0
931,21981,PACK OF 12 WOODLAND TISSUES,0.21,0.48,0.85
932,21982,PACK OF 12 SUKI TISSUES,0.2,0.47,1.0
933,21983,PACK OF 12 BLUE PAISLEY TISSUES,0.29,0.45,0.85
934,21984,PACK OF 12 PINK PAISLEY TISSUES,0.25,0.47,0.85
935,21985,PACK OF 12 HEARTS DESIGN TISSUES,0.22,0.42,0.85
936,21986,PACK OF 12 PINK POLKADOT TISSUES,0.22,0.43,0.85
937,21987,PACK OF 6 SKULL PAPER CUPS,0.53,0.77,1.63
938,21988,PACK OF 6 SKULL PAPER PLATES,0.64,1.02,1.66
939,21989,PACK OF 20 SKULL PAPER NAPKINS,0.64,1.15,2.51
940,21990,MODERN FLORAL STATIONERY SET,1.25,1.99,2.95
941,21991,BOHEMIAN COLLAGE STATIONERY SET,1.25,2.0,2.95
942,21992,VINTAGE PAISLEY STATIONERY SET,1.25,2.07,5.91
943,21993,FLORAL FOLK STATIONERY SET,1.25,2.02,5.91
944,22016,Dotcomgiftshop Gift Voucher £100.00,83.33,83.33,83.33
945,22021,BLUE FELT EASTER EGG BASKET,1.65,1.74,3.29
946,22023,EMPIRE BIRTHDAY CARD,0.42,0.6,0.85
947,22024,RAINY LADIES BIRTHDAY CARD,0.36,0.59,0.85
948,22025,RING OF ROSES BIRTHDAY CARD,0.36,0.55,0.85
949,22026,BANQUET BIRTHDAY  CARD,0.36,0.57,0.85
950,22027,TEA PARTY BIRTHDAY CARD,0.36,0.53,1.0
951,22028,PENNY FARTHING BIRTHDAY CARD,0.36,0.54,0.85
952,22029,SPACEBOY BIRTHDAY CARD,0.36,0.52,1.0
953,22030,SWALLOWS GREETING CARD,0.36,0.46,0.83
954,22031,BOTANICAL LAVENDER BIRTHDAY CARD,0.42,0.52,0.85
955,22032,BOTANICAL LILY GREETING CARD,0.42,0.45,0.83
956,22033,BOTANICAL ROSE GREETING CARD,0.42,0.44,0.83
957,22034,ROBIN CHRISTMAS CARD,0.42,0.58,0.83
958,22035,VINTAGE CARAVAN GREETING CARD,0.36,0.58,0.85
959,22037,ROBOT BIRTHDAY CARD,0.36,0.53,0.85
960,22038,BOTANICAL LAVENDER GIFT WRAP,0.42,0.42,0.42
961,22039,BOTANICAL LILY GIFT WRAP,0.42,0.42,0.42
962,22040,BOTANICAL ROSE GIFT WRAP,0.42,0.42,0.42
963,22041,"RECORD FRAME 7"" SINGLE SIZE",2.1,3.66,5.79
964,22042,CHRISTMAS CARD SINGING ANGEL,0.42,0.43,0.83
965,22043,CHRISTMAS CARD SCREEN PRINT,0.19,0.3,0.43
966,22044,CHRISTMAS CARD STACK OF PRESENTS,0.19,0.26,0.42
967,22045,SPACEBOY GIFT WRAP,0.34,0.42,0.42
968,22046,TEA PARTY  WRAPPING PAPER,0.34,0.42,0.42
969,22047,EMPIRE GIFT WRAP,0.34,0.42,0.42
970,22048,BIRTHDAY BANQUET GIFT WRAP,0.34,0.42,0.42
971,22049,WRAP CHRISTMAS SCREEN PRINT,0.19,0.28,0.42
972,22050,PINK PAISLEY ROSE GIFT WRAP,0.34,0.42,0.42
973,22051,BLUE SCANDINAVIAN PAISLEY WRAP,0.42,0.42,0.42
974,22052,VINTAGE CARAVAN GIFT WRAP,0.42,0.42,0.42
975,22053,EMPIRE DESIGN ROSETTE,0.82,1.23,1.25
976,22055,MINI CAKE STAND  HANGING STRAWBERY,0.39,2.07,3.36
977,22057,CERAMIC PLATE STRAWBERRY DESIGN,0.39,1.42,3.29
978,22059,CERAMIC STRAWBERRY DESIGN MUG,0.39,1.61,3.36
979,22060,LARGE CAKE STAND HANGING HEARTS,3.95,5.52,9.95
980,22061,LARGE CAKE STAND  HANGING STRAWBERY,2.95,10.2,20.79
981,22062,CERAMIC BOWL WITH LOVE HEART DESIGN,0.83,1.59,5.91
982,22063,CERAMIC BOWL WITH STRAWBERRY DESIGN,0.79,3.63,5.91
983,22064,PINK DOUGHNUT TRINKET POT,0.39,2.12,3.36
984,22065,CHRISTMAS PUDDING TRINKET POT,0.39,1.06,3.36
985,22066,LOVE HEART TRINKET POT,0.39,0.68,3.29
986,22067,CHOC TRUFFLE GOLD TRINKET POT,0.39,2.05,3.36
987,22068,BLACK PIRATE TREASURE CHEST,0.39,2.37,4.21
988,22069,BROWN  PIRATE TREASURE CHEST,0.39,3.2,4.21
989,22070,SMALL RED RETROSPOT MUG IN BOX,0.5,4.17,7.46
990,22071,SMALL WHITE RETROSPOT MUG IN BOX,0.5,3.8,7.62
991,22072,RED RETROSPOT TEA CUP AND SAUCER,1.25,3.98,7.62
992,22073,RED RETROSPOT STORAGE JAR,3.39,4.94,7.62
993,22074,6 RIBBONS SHIMMERING PINKS,0.39,1.4,4.21
994,22075,6 RIBBONS ELEGANT CHRISTMAS,0.39,1.77,4.21
995,22076,6 RIBBONS EMPIRE,0.39,1.61,4.21
996,22077,6 RIBBONS RUSTIC CHARM,1.45,2.21,4.95
997,22078,RIBBON REEL LACE DESIGN,1.85,2.63,4.81
998,22079,RIBBON REEL HEARTS DESIGN,1.45,2.04,4.21
999,22080,RIBBON REEL POLKADOTS,1.45,1.97,4.21
1000,22081,RIBBON REEL FLORA + FAUNA,1.65,2.31,4.21
1001,22082,RIBBON REEL STRIPES DESIGN,1.45,1.98,4.21
1002,22083,PAPER CHAIN KIT RETROSPOT,2.55,3.76,6.77
1003,22084,PAPER CHAIN KIT EMPIRE,2.55,3.27,6.95
1004,22085,PAPER CHAIN KIT SKULLS,2.46,3.18,5.79
1005,22086,PAPER CHAIN KIT 50'S CHRISTMAS,2.55,3.36,6.95
1006,22087,PAPER BUNTING WHITE LACE,2.55,3.38,6.63
1007,22088,PAPER BUNTING COLOURED LACE,2.55,3.58,5.91
1008,22089,PAPER BUNTING VINTAGE PAISLEY,2.55,3.5,5.91
1009,22090,PAPER BUNTING RETROSPOT,2.55,3.77,6.77
1010,22091,EMPIRE TISSUE BOX,0.39,0.96,2.51
1011,22092,BLUE PAISLEY TISSUE BOX,0.39,0.57,2.46
1012,22093,MOTORING TISSUE BOX,0.39,0.61,2.51
1013,22094,RED RETROSPOT TISSUE BOX,0.39,1.06,2.51
1014,22095,LADS ONLY TISSUE BOX,0.39,1.15,2.51
1015,22096,PINK PAISLEY SQUARE TISSUE BOX,0.39,0.65,2.51
1016,22097,SWALLOW SQUARE TISSUE BOX,0.39,0.69,2.51
1017,22098,BOUDOIR SQUARE TISSUE BOX,0.39,0.95,2.51
1018,22099,CARAVAN SQUARE TISSUE BOX,0.39,0.96,2.51
1019,22100,SKULLS SQUARE TISSUE BOX,0.39,1.19,2.51
1020,22101,MIRROR MOSAIC VOTIVE HOLDER,0.39,2.24,2.51
1021,22102,MIRROR MOSAIC T-LIGHT HOLDER,0.39,2.0,3.29
1022,22103,MIRROR MOSAIC T-LIGHT HOLDER ROUND,0.39,2.02,3.29
1023,22104,MIRROR MOSAIC CANDLE PLATE,0.42,1.58,1.66
1024,22105,MIRROR MOSAIC GOBLET CANDLE HOLDER,0.95,3.89,4.25
1025,22106,MIRROR MOSAIC HURRICANE LAMP,1.25,5.09,6.75
1026,22107,PIZZA PLATE IN BOX,1.25,4.21,7.62
1027,22108,PING! MICROWAVE PLATE,1.25,3.11,3.75
1028,22109,FULL ENGLISH BREAKFAST PLATE,3.39,5.47,7.62
1029,22110,BIRD HOUSE HOT WATER BOTTLE,2.1,4.05,11.25
1030,22111,SCOTTIE DOG HOT WATER BOTTLE,3.45,5.79,16.67
1031,22112,CHOCOLATE HOT WATER BOTTLE,4.04,6.06,16.67
1032,22113,GREY HEART HOT WATER BOTTLE,3.32,4.4,12.5
1033,22114,HOT WATER BOTTLE TEA AND SYMPATHY,3.45,5.02,9.95
1034,22115,METAL SIGN EMPIRE TEA,0.79,2.35,5.91
1035,22116,METAL SIGN HIS DINNER IS SERVED,0.79,1.47,5.91
1036,22117,METAL SIGN HER DINNER IS SERVED,0.85,2.92,5.91
1037,22118,JOY WOODEN BLOCK LETTERS,1.25,5.19,11.87
1038,22119,PEACE WOODEN BLOCK LETTERS,1.95,6.33,14.13
1039,22120,WELCOME  WOODEN BLOCK LETTERS,8.5,10.99,20.38
1040,22121,NOEL WOODEN BLOCK LETTERS,5.45,6.86,11.87
1041,22123,PING MICROWAVE APRON,0.79,3.02,5.95
1042,22124,SET OF 2 TEA TOWELS PING MICROWAVE,0.79,2.46,5.79
1043,22125,UNION JACK HOT WATER BOTTLE,5.95,10.45,12.95
1044,22127,PARTY CONES CARNIVAL ASSORTED,1.06,2.23,12.72
1045,22128,PARTY CONES CANDY ASSORTED,1.06,1.39,12.46
1046,22129,PARTY CONES CANDY DECORATION,0.72,1.99,8.29
1047,22130,PARTY CONE CHRISTMAS DECORATION,0.72,1.75,8.47
1048,22131,FOOD CONTAINER SET 3 LOVE HEART,1.65,2.81,4.21
1049,22132,RED LOVE HEART SHAPE CUP,0.72,1.2,1.66
1050,22133,PINK LOVE HEART SHAPE CUP,0.72,1.29,1.66
1051,22134,MINI LADLE LOVE HEART RED,0.36,0.65,0.85
1052,22135,MINI LADLE LOVE HEART PINK,0.42,0.68,0.85
1053,22136,LOVE HEART SOCK HANGER,1.45,2.3,3.36
1054,22137,BATHROOM SET LOVE HEART DESIGN,2.55,3.12,5.79
1055,22138,BAKING SET 9 PIECE RETROSPOT,0.7,5.34,10.79
1056,22139,RETROSPOT TEA SET CERAMIC 11 PC,4.25,5.72,11.02
1057,22141,CHRISTMAS CRAFT TREE TOP ANGEL,1.85,2.6,4.95
1058,22142,CHRISTMAS CRAFT WHITE FAIRY,1.25,1.75,3.95
1059,22144,CHRISTMAS CRAFT LITTLE FRIENDS,1.85,2.58,4.95
1060,22145,CHRISTMAS CRAFT HEART STOCKING,2.1,2.1,2.1
1061,22146,EASTER CRAFT IVY WREATH WITH CHICK,1.95,1.95,1.95
1062,22147,FELTCRAFT BUTTERFLY HEARTS,1.25,1.64,4.21
1063,22148,EASTER CRAFT 4 CHICKS,1.65,2.25,4.95
1064,22149,FELTCRAFT 6 FLOWER FRIENDS,1.85,2.45,5.06
1065,22150,3 STRIPEY MICE FELTCRAFT,1.65,2.27,5.06
1066,22151,PLACE SETTING WHITE HEART,0.36,0.58,2.51
1067,22152,PLACE SETTING WHITE STAR,0.36,0.55,1.66
1068,22153,ANGEL DECORATION STARS ON DRESS,0.36,0.54,0.85
1069,22154,ANGEL DECORATION 3 BUTTONS,0.36,0.54,0.85
1070,22155,STAR DECORATION RUSTIC,0.42,0.58,0.85
1071,22156,HEART DECORATION WITH PEARLS,0.72,1.15,1.66
1072,22157,ANGEL DECORATION WITH LACE PADDED,0.85,0.85,0.85
1073,22158,3 HEARTS HANGING DECORATION RUSTIC,2.55,3.34,6.95
1074,22161,HEART DECORATION RUSTIC HANGING,0.19,0.6,1.63
1075,22162,HEART GARLAND RUSTIC PADDED,2.95,3.23,5.91
1076,22163,HEART STRING MEMO HOLDER HANGING,0.79,1.77,3.36
1077,22164,STRING OF STARS CARD HOLDER,2.95,3.53,5.91
1078,22165,"DIAMANTE HEART SHAPED WALL MIRROR,",3.95,11.88,25.49
1079,22166,WALL MIRROR RECTANGLE DIAMANTE PINK,2.95,11.96,16.13
1080,22167,OVAL WALL MIRROR DIAMANTE,3.95,10.75,20.38
1081,22168,ORGANISER WOOD ANTIQUE WHITE,7.65,8.49,8.5
1082,22169,FAMILY ALBUM WHITE PICTURE FRAME,5.64,10.07,16.98
1083,22170,PICTURE FRAME WOOD TRIPLE PORTRAIT,4.62,7.72,13.57
1084,22171,3 HOOK PHOTO SHELF ANTIQUE WHITE,5.88,9.95,16.98
1085,22173,METAL 4 HOOK HANGER FRENCH CHATEAU,2.55,3.83,5.91
1086,22174,PHOTO CUBE,1.25,2.6,4.21
1087,22175,PINK OWL SOFT TOY,2.55,3.46,5.91
1088,22176,BLUE OWL SOFT TOY,2.55,3.31,5.91
1089,22178,VICTORIAN GLASS HANGING T-LIGHT,0.9,1.65,14.75
1090,22179,SET 10 NIGHT OWL LIGHTS,5.79,8.94,13.57
1091,22180,RETROSPOT LAMP,8.5,11.39,21.23
1092,22181,SNOWSTORM PHOTO FRAME FRIDGE MAGNET,0.72,0.99,1.66
1093,22182,CAKE STAND VICTORIAN FILIGREE SMALL,1.25,4.33,9.96
1094,22183,CAKE STAND VICTORIAN FILIGREE MED,3.0,5.93,13.29
1095,22184,CAKE STAND VICTORIAN FILIGREE LARGE,8.29,8.43,8.5
1096,22185,SLATE TILE NATURAL HANGING,0.79,1.95,3.95
1097,22186,RED STAR CARD HOLDER,1.95,3.02,5.91
1098,22187,GREEN CHRISTMAS TREE CARD HOLDER,1.95,3.93,8.47
1099,22188,BLACK HEART CARD HOLDER,2.31,4.35,8.47
1100,22189,CREAM HEART CARD HOLDER,2.31,4.45,8.47
1101,22190,LOCAL CAFE MUG,0.39,2.18,2.51
1102,22191,IVORY DINER WALL CLOCK,7.65,8.84,16.98
1103,22192,BLUE DINER WALL CLOCK,7.65,9.03,16.98
1104,22193,RED DINER WALL CLOCK,7.65,9.22,16.98
1105,22194,BLACK DINER WALL CLOCK,8.29,9.76,16.98
1106,22195,LARGE HEART MEASURING SPOONS,1.45,2.35,3.36
1107,22196,SMALL HEART MEASURING SPOONS,0.72,1.22,1.66
1108,22197,POPCORN HOLDER,0.72,1.04,2.46
1109,22198,LARGE POPCORN HOLDER,1.45,2.14,3.36
1110,22199,FRYING PAN RED RETROSPOT,1.25,5.28,8.47
1111,22200,FRYING PAN PINK POLKADOT,1.25,5.89,8.47
1112,22201,FRYING PAN BLUE POLKADOT,1.25,4.3,8.47
1113,22202,MILK PAN PINK POLKADOT,3.75,5.64,7.62
1114,22203,MILK PAN RED RETROSPOT,1.25,4.47,7.62
1115,22204,MILK PAN BLUE POLKADOT,1.25,3.71,7.46
1116,22206,"MUG , DOTCOMGIFTSHOP.COM",0.83,0.83,0.85
1117,22207,FRYING PAN UNION FLAG,3.75,6.14,8.47
1118,22208,WOOD STAMP SET THANK YOU,0.5,1.28,3.36
1119,22209,WOOD STAMP SET HAPPY BIRTHDAY,0.5,1.2,3.36
1120,22210,WOOD STAMP SET BEST WISHES,0.5,1.13,3.36
1121,22211,WOOD STAMP SET FLOWERS,0.5,1.29,3.36
1122,22212,FOUR HOOK  WHITE LOVEBIRDS,1.69,2.83,4.21
1123,22214,CANDLE PLATE LACE WHITE,0.79,2.63,4.96
1124,22215,CAKE STAND WHITE TWO TIER LACE,2.95,8.51,16.98
1125,22216,T-LIGHT HOLDER WHITE LACE,0.29,1.12,1.66
1126,22217,T-LIGHT HOLDER HANGING LACE,0.39,1.32,2.51
1127,22218,CAKE STAND LACE WHITE,4.25,4.25,4.25
1128,22219,LOVEBIRD HANGING DECORATION WHITE,0.72,1.18,1.66
1129,22220,CAKE STAND LOVEBIRD 2 TIER WHITE,2.95,9.99,20.38
1130,22221,CAKE STAND LOVEBIRD 2 TIER PINK,2.95,10.59,20.38
1131,22222,CAKE PLATE LOVEBIRD WHITE,1.95,5.44,10.17
1132,22223,CAKE PLATE LOVEBIRD PINK,1.95,5.3,10.17
1133,22224,WHITE LOVEBIRD LANTERN,2.55,3.73,5.91
1134,22227,HANGING HEART MIRROR DECORATION,0.55,0.89,1.28
1135,22228,BUNNY WOODEN PAINTED WITH BIRD,0.39,0.93,1.63
1136,22229,BUNNY WOODEN PAINTED WITH FLOWER,0.39,0.93,1.63
1137,22230,JIGSAW TREE WITH WATERING CAN,0.29,0.79,1.63
1138,22231,JIGSAW TREE WITH BIRDHOUSE,0.59,1.23,3.29
1139,22232,JIGSAW TOADSTOOLS 3 PIECE,0.59,1.07,3.29
1140,22233,JIGSAW RABBIT AND BIRDHOUSE,0.59,1.3,3.29
1141,22236,CAKE STAND 3 TIER MAGIC GARDEN,10.95,12.51,12.75
1142,22241,GARLAND WOODEN HAPPY EASTER,1.06,1.61,2.51
1143,22242,5 HOOK HANGER MAGIC TOADSTOOL,1.45,1.95,3.36
1144,22243,5 HOOK HANGER RED MAGIC TOADSTOOL,1.45,1.92,3.95
1145,22244,3 HOOK HANGER MAGIC GARDEN,1.65,2.79,4.21
1146,22245,"HOOK, 1 HANGER ,MAGIC GARDEN",0.72,1.17,1.66
1147,22246,MAGIC GARDEN FELT GARLAND,1.63,2.81,4.21
1148,22247,BUNNY DECORATION MAGIC GARDEN,0.72,1.02,1.63
1149,22248,DECORATION  PINK CHICK MAGIC GARDEN,0.72,1.04,1.66
1150,22249,DECORATION WHITE CHICK MAGIC GARDEN,0.72,1.01,1.63
1151,22250,DECORATION  BUTTERFLY  MAGIC GARDEN,0.72,1.05,1.66
1152,22251,BIRDHOUSE DECORATION MAGIC GARDEN,0.83,1.52,2.51
1153,22252,BIRDCAGE DECORATION TEALIGHT HOLDER,1.06,1.24,1.25
1154,22254,FELT TOADSTOOL LARGE,1.06,1.62,2.46
1155,22255,FELT TOADSTOOL  SMALL,0.85,1.19,1.66
1156,22256,FELT FARM ANIMAL CHICKEN,1.25,1.61,2.51
1157,22257,FELT FARM ANIMAL SHEEP,0.42,1.1,2.46
1158,22258,FELT FARM ANIMAL RABBIT,0.42,1.32,2.46
1159,22259,FELT FARM ANIMAL HEN,0.42,1.05,2.46
1160,22260,FELT EGG COSY BLUE RABBIT,0.85,1.27,1.66
1161,22261,FELT EGG COSY WHITE RABBIT,0.85,1.13,1.66
1162,22262,FELT EGG COSY CHICKEN,0.85,1.1,1.66
1163,22263,FELT EGG COSY LADYBIRD,0.19,1.04,1.66
1164,22264,FELT FARM ANIMAL WHITE BUNNY,0.19,1.04,1.66
1165,22265,EASTER DECORATION NATURAL CHICK,0.65,0.78,1.28
1166,22266,EASTER DECORATION HANGING BUNNY,0.19,0.57,1.25
1167,22267,EASTER DECORATION EGG BUNNY,0.39,1.09,2.46
1168,22268,DECORATION SITTING BUNNY,0.19,0.72,1.66
1169,22269,EGG CUP NATURAL CHICKEN,0.39,1.04,2.51
1170,22270,HAPPY EASTER HANGING DECORATION,3.39,4.38,7.46
1171,22271,FELTCRAFT DOLL ROSIE,2.55,3.38,5.91
1172,22272,FELTCRAFT DOLL MARIA,2.55,3.06,5.91
1173,22273,FELTCRAFT DOLL MOLLY,2.3,3.26,5.91
1174,22274,FELTCRAFT DOLL EMILY,2.55,3.33,5.91
1175,22275,WEEKEND BAG VINTAGE ROSE PAISLEY,7.65,7.65,7.65
1176,22276,WASH BAG VINTAGE ROSE PAISLEY,2.55,3.31,5.91
1177,22277,COSMETIC BAG VINTAGE ROSE PAISLEY,1.63,2.61,4.21
1178,22278,OVERNIGHT BAG VINTAGE ROSE PAISLEY,4.13,7.32,11.02
1179,22279,POCKET BAG BLUE PAISLEY RED SPOT,0.83,1.42,4.13
1180,22280,POCKET BAG PINK PAISELY BROWN SPOT,0.83,1.29,2.46
1181,22281,EASTER TREE YELLOW BIRDS,5.95,8.02,12.72
1182,22282,12 EGG HOUSE PAINTED WOOD,10.95,17.17,25.49
1183,22283,6 EGG HOUSE PAINTED WOOD,7.95,9.92,16.13
1184,22284,HEN HOUSE DECORATION,1.65,2.03,3.36
1185,22285,HANGING HEN ON NEST DECORATION,1.65,2.04,3.36
1186,22286,DECORATION WOBBLY RABBIT METAL,0.39,1.6,3.36
1187,22287,DECORATION WOBBLY CHICKEN,0.39,1.52,3.36
1188,22288,HANGING METAL RABBIT DECORATION,1.25,1.61,2.51
1189,22289,HANGING METAL CHICKEN DECORATION,1.25,1.49,2.51
1190,22291,HANGING CHICK CREAM DECORATION,1.25,1.63,2.92
1191,22292,HANGING CHICK  YELLOW DECORATION,1.25,1.59,2.98
1192,22293,HANGING CHICK GREEN DECORATION,1.25,1.72,2.98
1193,22294,HEART FILIGREE DOVE  SMALL,1.06,1.45,2.51
1194,22295,HEART FILIGREE DOVE LARGE,1.45,1.91,3.36
1195,22296,HEART IVORY TRELLIS LARGE,1.45,1.88,3.36
1196,22297,HEART IVORY TRELLIS SMALL,1.06,1.75,2.51
1197,22299,PIG KEYRING WITH LIGHT & SOUND,0.39,1.71,2.51
1198,22300,COFFEE MUG DOG + BALL DESIGN,1.12,3.11,5.06
1199,22301,COFFEE MUG CAT + BIRD DESIGN,1.12,3.15,5.06
1200,22302,COFFEE MUG PEARS  DESIGN,1.12,2.72,4.96
1201,22303,COFFEE MUG APPLES DESIGN,1.12,2.75,5.06
1202,22304,COFFEE MUG BLUE PAISLEY DESIGN,1.12,3.12,5.06
1203,22305,COFFEE MUG PINK PAISLEY DESIGN,2.1,3.0,5.06
1204,22306,SILVER MUG BONE CHINA TREE OF LIFE,1.06,1.83,8.47
1205,22307,GOLD MUG BONE CHINA TREE OF LIFE,1.06,2.15,8.47
1206,22308,TEA COSY BLUE STRIPE,2.1,4.21,5.06
1207,22309,TEA COSY RED  STRIPE,2.1,3.74,5.06
1208,22310,IVORY KNITTED MUG COSY,1.45,2.58,3.36
1209,22311,OFFICE MUG WARMER BLACK+SILVER,2.55,4.07,8.47
1210,22312,OFFICE MUG WARMER POLKADOT,1.25,3.61,8.29
1211,22313,OFFICE MUG WARMER PINK,1.25,3.5,8.47
1212,22314,OFFICE MUG WARMER CHOC+BLUE,1.25,3.95,8.47
1213,22315,200 RED + WHITE BENDY STRAWS,1.06,1.46,2.51
1214,22316,200 BENDY SKULL STRAWS,1.06,1.37,2.51
1215,22317,FIVE CATS HANGING DECORATION,2.46,3.66,5.91
1216,22318,FIVE HEART HANGING DECORATION,2.55,3.97,5.91
1217,22319,HAIRCLIPS FORTIES FABRIC ASSORTED,0.19,0.57,0.65
1218,22320,BIRDS MOBILE VINTAGE DESIGN,5.95,6.25,11.63
1219,22321,BIRD DECORATION RED RETROSPOT,0.85,1.28,1.66
1220,22322,BIRD DECORATION GREEN POLKADOT,0.79,1.13,1.66
1221,22323,PINK POLKADOT KIDS BAG,1.95,1.95,1.95
1222,22324,BLUE POLKADOT KIDS BAG,1.65,3.44,4.21
1223,22325,MOBILE VINTAGE HEARTS,3.29,5.08,11.87
1224,22326,ROUND SNACK BOXES SET OF4 WOODLAND,2.55,3.46,6.77
1225,22327,ROUND SNACK BOXES SET OF 4 SKULLS,2.55,4.31,6.77
1226,22328,ROUND SNACK BOXES SET OF 4 FRUITS,2.55,3.27,6.77
1227,22329,ROUND CONTAINER SET OF 5 RETROSPOT,1.45,2.06,3.36
1228,22331,WOODLAND PARTY BAG + STICKER SET,1.45,2.0,3.36
1229,22332,SKULLS PARTY BAG + STICKER SET,1.45,1.79,3.29
1230,22333,RETROSPOT PARTY BAG + STICKER SET,1.45,1.87,3.36
1231,22334,DINOSAUR PARTY BAG + STICKER SET,1.45,1.79,3.29
1232,22335,HEART DECORATION PAINTED ZINC,0.55,0.92,1.28
1233,22336,DOVE DECORATION PAINTED ZINC,0.19,0.63,1.28
1234,22337,ANGEL DECORATION PAINTED ZINC,0.55,0.71,1.28
1235,22338,STAR DECORATION PAINTED ZINC,0.19,0.45,1.28
1236,22339,CHRISTMAS TREE PAINTED ZINC,0.19,0.44,1.28
1237,22340,NOEL GARLAND PAINTED ZINC,0.39,0.77,3.36
1238,22341,LOVE GARLAND PAINTED ZINC,1.45,2.47,3.36
1239,22342,HOME GARLAND PAINTED ZINC,0.75,1.83,3.36
1240,22343,PARTY PIZZA DISH RED RETROSPOT,0.19,0.61,1.66
1241,22344,PARTY PIZZA DISH PINK POLKADOT,0.19,0.63,1.66
1242,22345,PARTY PIZZA DISH BLUE POLKADOT,0.19,0.6,1.66
1243,22346,PARTY PIZZA DISH GREEN POLKADOT,0.19,0.6,1.66
1244,22348,TEA BAG PLATE RED RETROSPOT,0.72,1.08,1.95
1245,22349,DOG BOWL CHASING BALL DESIGN,2.46,4.12,7.62
1246,22350,ILLUSTRATED CAT BOWL,2.55,3.13,5.06
1247,22351,DOTCOMGIFTSHOP TEA TOWEL,1.65,2.47,3.29
1248,22352,LUNCH BOX WITH CUTLERY RETROSPOT,2.1,3.31,5.06
1249,22353,LUNCH BOX WITH CUTLERY FAIRY CAKES,2.55,2.55,2.55
1250,22354,RETROSPOT PADDED SEAT CUSHION,3.39,4.54,7.46
1251,22355,CHARLOTTE BAG SUKI DESIGN,0.72,1.21,5.63
1252,22356,CHARLOTTE BAG PINK POLKADOT,0.72,1.24,5.63
1253,22357,KINGS CHOICE BISCUIT TIN,3.75,5.29,8.47
1254,22358,KINGS CHOICE TEA CADDY,2.46,4.31,5.91
1255,22359,GLASS JAR KINGS CHOICE,2.95,3.64,5.91
1256,22360,GLASS JAR ENGLISH CONFECTIONERY,2.55,3.86,5.91
1257,22361,GLASS JAR DAISY FRESH COTTON WOOL,2.55,4.44,5.91
1258,22362,GLASS JAR PEACOCK BATH SALTS,2.55,4.05,5.91
1259,22363,GLASS JAR MARMALADE,2.55,3.75,5.91
1260,22364,GLASS JAR DIGESTIVE BISCUITS,2.55,4.07,5.91
1261,22365,DOORMAT RESPECTABLE HOUSE,4.58,9.91,15.79
1262,22366,DOORMAT AIRMAIL,4.58,9.78,15.79
1263,22367,CHILDRENS APRON SPACEBOY DESIGN,1.65,2.42,5.06
1264,22371,AIRLINE BAG VINTAGE TOKYO 78,3.75,5.18,8.47
1265,22372,AIRLINE BAG VINTAGE WORLD CHAMPION,3.95,5.0,8.47
1266,22374,AIRLINE BAG VINTAGE JET SET RED,3.95,4.76,8.47
1267,22375,AIRLINE BAG VINTAGE JET SET BROWN,3.95,5.23,8.47
1268,22376,AIRLINE BAG VINTAGE JET SET WHITE,3.95,4.72,8.47
1269,22377,BOTTLE BAG RETROSPOT,0.85,2.42,5.06
1270,22378,WALL TIDY RETROSPOT,0.85,3.02,5.06
1271,22379,RECYCLING BAG RETROSPOT,1.85,3.18,5.06
1272,22380,TOY TIDY SPACEBOY,0.79,2.68,4.21
1273,22381,TOY TIDY PINK POLKADOT,1.85,3.01,4.96
1274,22382,LUNCH BAG SPACEBOY DESIGN,1.45,2.01,8.33
1275,22383,LUNCH BAG SUKI DESIGN,1.45,2.16,8.33
1276,22384,LUNCH BAG PINK POLKADOT,1.45,2.02,5.06
1277,22385,JUMBO BAG SPACEBOY DESIGN,1.65,2.65,5.06
1278,22386,JUMBO BAG PINK POLKADOT,1.65,2.59,5.06
1279,22389,PAPERWEIGHT SAVE THE PLANET,0.39,2.57,4.96
1280,22390,PAPERWEIGHT CHILDHOOD MEMORIES,0.39,2.79,4.96
1281,22391,PAPERWEIGHT HOME SWEET HOME,0.39,2.87,4.96
1282,22393,PAPERWEIGHT VINTAGE COLLAGE,0.39,2.9,5.06
1283,22394,PAPERWEIGHT KINGS CHOICE,0.39,2.64,5.06
1284,22395,PAPERWEIGHT VINTAGE PAISLEY,0.39,3.32,5.06
1285,22396,MAGNETS PACK OF 4 RETRO PHOTO,0.39,0.76,2.51
1286,22398,MAGNETS PACK OF 4 SWALLOWS,0.39,0.78,2.51
1287,22399,MAGNETS PACK OF 4 CHILDHOOD MEMORY,1.06,1.32,2.46
1288,22400,MAGNETS PACK OF 4 HOME SWEET HOME,0.39,0.67,2.46
1289,22402,MAGNETS PACK OF 4 VINTAGE COLLAGE,0.39,0.69,2.51
1290,22403,MAGNETS PACK OF 4 VINTAGE LABELS,0.39,0.9,2.51
1291,22405,MONEY BOX POCKET MONEY DESIGN,0.39,1.43,2.51
1292,22406,MONEY BOX KINGS CHOICE DESIGN,0.39,1.51,2.51
1293,22407,MONEY BOX FIRST ADE DESIGN,0.39,1.28,2.46
1294,22408,MONEY BOX CONFECTIONERY DESIGN,0.39,1.5,2.51
1295,22409,MONEY BOX BISCUITS DESIGN,1.25,1.5,2.51
1296,22410,MONEY BOX HOUSEKEEPING DESIGN,0.39,1.42,2.51
1297,22411,JUMBO SHOPPER VINTAGE RED PAISLEY,1.65,2.68,4.96
1298,22412,METAL SIGN NEIGHBOURHOOD WITCH,1.85,2.56,4.21
1299,22413,METAL SIGN TAKE IT OR LEAVE IT,2.55,3.35,5.91
1300,22414,DOORMAT NEIGHBOURHOOD WITCH,3.95,10.05,15.79
1301,22415,WHITE TISSUE REAM,7.95,7.95,7.95
1302,22416,SET OF 36 DOILIES SPACEBOY DESIGN,1.25,1.59,2.98
1303,22417,PACK OF 60 SPACEBOY CAKE CASES,0.42,0.77,2.13
1304,22418,10 COLOUR SPACEBOY PEN,0.72,1.05,2.51
1305,22419,LIPSTICK PEN RED,0.36,0.6,0.85
1306,22420,LIPSTICK PEN BABY PINK,0.36,0.59,0.85
1307,22421,LIPSTICK PEN FUSCHIA,0.36,0.61,0.85
1308,22422,TOOTHPASTE TUBE PEN,0.12,1.04,1.28
1309,22423,REGENCY CAKESTAND 3 TIER,4.0,13.82,32.04
1310,22424,ENAMEL BREAD BIN CREAM,8.15,15.78,25.49
1311,22425,ENAMEL COLANDER CREAM,4.25,5.71,10.17
1312,22426,ENAMEL WASH BOWL CREAM,2.95,4.88,8.47
1313,22427,ENAMEL FLOWER JUG CREAM,5.45,6.55,11.87
1314,22428,ENAMEL FIRE BUCKET CREAM,6.35,8.19,14.43
1315,22429,ENAMEL MEASURING JUG CREAM,3.75,4.82,8.47
1316,22430,ENAMEL WATERING CAN CREAM,4.25,5.74,10.17
1317,22431,WATERING CAN BLUE ELEPHANT,1.65,2.32,4.21
1318,22432,WATERING CAN PINK BUNNY,1.65,2.24,4.21
1319,22433,WATERING CAN GREEN DINOSAUR,1.65,2.27,4.21
1320,22434,BALLOON PUMP WITH 10 BALLOONS,1.95,2.12,4.21
1321,22435,SET OF 9 HEART SHAPED BALLOONS,1.06,1.46,2.51
1322,22436,12 COLOURED PARTY BALLOONS,0.63,0.7,1.28
1323,22437,SET OF 9 BLACK SKULL BALLOONS,0.72,1.02,1.66
1324,22438,BALLOON ART MAKE YOUR OWN FLOWERS,0.39,1.75,4.13
1325,22439,6 ROCKET BALLOONS,0.55,0.77,1.28
1326,22440,BALLOON WATER BOMB PACK OF 35,0.36,0.46,1.0
1327,22441,GROW YOUR OWN BASIL IN ENAMEL MUG,1.85,2.55,4.21
1328,22442,GROW YOUR OWN FLOWERS SET OF 3,1.95,6.88,16.13
1329,22443,GROW YOUR OWN HERBS SET OF 3,7.95,8.73,16.13
1330,22444,GROW YOUR OWN PLANT IN A CAN,1.06,1.76,9.96
1331,22445,PENCIL CASE LIFE IS BEAUTIFUL,2.46,3.52,5.91
1332,22446,PIN CUSHION BABUSHKA PINK,1.25,2.81,6.77
1333,22447,PIN CUSHION BABUSHKA BLUE,1.25,3.29,6.77
1334,22448,PIN CUSHION BABUSHKA RED,1.25,3.9,6.77
1335,22449,SILK PURSE BABUSHKA PINK,2.46,3.25,6.77
1336,22450,SILK PURSE BABUSHKA BLUE,2.95,3.51,6.77
1337,22451,SILK PURSE BABUSHKA RED,2.95,4.15,6.77
1338,22452,MEASURING TAPE BABUSHKA PINK,1.63,2.33,5.79
1339,22453,MEASURING TAPE BABUSHKA BLUE,1.63,2.76,5.91
1340,22454,MEASURING TAPE BABUSHKA RED,2.55,3.06,5.91
1341,22456,NATURAL SLATE CHALKBOARD LARGE,4.25,6.56,10.17
1342,22457,NATURAL SLATE HEART CHALKBOARD,2.55,3.58,6.95
1343,22458,CAST IRON HOOK GARDEN FORK,2.55,3.54,5.06
1344,22459,CAST IRON HOOK GARDEN TROWEL,2.1,3.53,5.06
1345,22460,EMBOSSED GLASS TEALIGHT HOLDER,1.06,1.54,2.51
1346,22461,SAVOY ART DECO CLOCK,3.95,10.16,25.49
1347,22464,HANGING METAL HEART LANTERN,0.79,1.93,3.36
1348,22465,HANGING METAL STAR LANTERN,0.79,1.87,3.36
1349,22466,FAIRY TALE COTTAGE NIGHT LIGHT,1.45,2.48,4.21
1350,22467,GUMBALL COAT RACK,2.1,2.86,5.06
1351,22468,BABUSHKA LIGHTS STRING OF 10,5.95,8.28,13.57
1352,22469,HEART OF WICKER SMALL,1.1,1.96,4.21
1353,22470,HEART OF WICKER LARGE,1.97,3.28,6.95
1354,22471,TV DINNER TRAY AIR HOSTESS,1.95,5.7,11.02
1355,22472,TV DINNER TRAY DOLLY GIRL,1.95,6.16,11.02
1356,22473,TV DINNER TRAY VINTAGE PAISLEY,1.95,5.06,11.02
1357,22474,SPACEBOY TV DINNER TRAY,1.95,6.85,11.02
1358,22475,SKULL DESIGN TV DINNER TRAY,1.95,5.93,11.02
1359,22476,EMPIRE UNION JACK TV DINNER TRAY,1.95,6.9,11.02
1360,22477,WATERING CAN GARDEN MARKER,1.25,1.78,2.51
1361,22478,BIRDHOUSE GARDEN MARKER,1.25,1.78,2.51
1362,22479,DAISY GARDEN MARKER,1.25,1.78,2.51
1363,22480,RED TEA TOWEL CLASSIC DESIGN,1.06,1.3,2.51
1364,22481,BLACK TEA TOWEL CLASSIC DESIGN,0.39,1.08,2.46
1365,22482,BLUE TEA TOWEL CLASSIC DESIGN,1.06,1.27,2.46
1366,22483,RED GINGHAM TEDDY BEAR,2.55,3.6,5.91
1367,22485,SET OF 2 WOODEN MARKET CRATES,10.95,14.97,25.49
1368,22486,PLASMATRONIC LAMP,3.95,8.63,12.75
1369,22487,WHITE WOOD GARDEN PLANT LADDER,8.5,10.82,20.38
1370,22488,NATURAL SLATE RECTANGLE CHALKBOARD,1.45,2.06,3.36
1371,22489,PACK OF 12 TRADITIONAL CRAYONS,0.36,0.54,1.25
1372,22491,PACK OF 12 COLOURED PENCILS,0.72,0.91,2.51
1373,22492,MINI PAINT SET VINTAGE,0.55,0.78,1.95
1374,22493,PAINT YOUR OWN CANVAS SET,1.45,1.91,3.36
1375,22494,EMERGENCY FIRST AID TIN,1.06,1.89,2.51
1376,22495,SET OF 2 ROUND TINS CAMEMBERT,0.79,3.64,5.91
1377,22496,SET OF 2 ROUND TINS DUTCH CHEESE,0.79,3.03,5.91
1378,22497,SET OF 2 TINS VINTAGE BATHROOM,4.25,5.89,8.47
1379,22498,WOODEN REGATTA BUNTING,4.96,6.84,12.72
1380,22499,WOODEN UNION JACK BUNTING,4.95,6.79,12.72
1381,22500,SET OF 2 TINS JARDIN DE PROVENCE,1.25,4.89,11.02
1382,22501,PICNIC BASKET WICKER LARGE,3.0,14.21,21.23
1383,22502,PICNIC BASKET WICKER SMALL,2.0,10.22,649.5
1384,22503,CABIN BAG VINTAGE PAISLEY,12.75,22.38,59.53
1385,22504,CABIN BAG VINTAGE RETROSPOT,12.75,22.66,58.29
1386,22505,MEMO BOARD COTTAGE DESIGN,4.25,5.65,11.02
1387,22507,MEMO BOARD RETROSPOT  DESIGN,3.85,6.28,11.02
1388,22508,DOORSTOP RETROSPOT HEART,3.39,4.55,7.62
1389,22509,SEWING BOX RETROSPOT DESIGN,3.95,13.31,34.04
1390,22510,GINGHAM BABUSHKA DOORSTOP,0.79,2.39,3.75
1391,22511,RETROSPOT BABUSHKA DOORSTOP,0.79,2.82,7.62
1392,22512,DOORSTOP RACING CAR DESIGN,0.79,3.3,7.62
1393,22513,DOORSTOP FOOTBALL DESIGN,0.79,4.67,7.62
1394,22514,CHILDS GARDEN SPADE BLUE,1.85,2.53,4.21
1395,22515,CHILDS GARDEN SPADE PINK,1.85,2.6,4.21
1396,22516,CHILDS GARDEN RAKE BLUE,1.85,2.73,4.21
1397,22517,CHILDS GARDEN RAKE PINK,1.85,2.51,4.21
1398,22518,CHILDS GARDEN BRUSH BLUE,1.85,2.67,4.21
1399,22519,CHILDS GARDEN BRUSH PINK,1.85,2.6,4.21
1400,22520,CHILDS GARDEN TROWEL BLUE,0.85,0.9,1.66
1401,22521,CHILDS GARDEN TROWEL PINK,0.85,0.92,1.66
1402,22522,CHILDS GARDEN FORK BLUE,0.72,0.9,1.66
1403,22523,CHILDS GARDEN FORK PINK,0.85,0.95,1.66
1404,22524,CHILDRENS GARDEN GLOVES BLUE,1.06,1.62,3.36
1405,22525,CHILDRENS GARDEN GLOVES PINK,1.06,1.77,3.36
1406,22526,WHEELBARROW FOR CHILDREN,10.95,14.37,25.49
1407,22528,GARDENERS KNEELING PAD,3.36,3.36,3.36
1408,22529,MAGIC DRAWING SLATE GO TO THE FAIR,0.36,0.46,0.85
1409,22530,MAGIC DRAWING SLATE DOLLY GIRL,0.36,0.5,0.85
1410,22531,MAGIC DRAWING SLATE CIRCUS PARADE,0.36,0.49,0.85
1411,22532,MAGIC DRAWING SLATE LEAP FROG,0.27,0.45,0.85
1412,22533,MAGIC DRAWING SLATE BAKE A CAKE,0.27,0.46,1.0
1413,22534,MAGIC DRAWING SLATE SPACEBOY,0.36,0.51,0.85
1414,22535,MAGIC DRAWING SLATE BUNNIES,0.27,0.48,0.85
1415,22536,MAGIC DRAWING SLATE PURDEY,0.27,0.44,0.85
1416,22537,MAGIC DRAWING SLATE DINOSAUR,0.42,0.49,0.85
1417,22538,MINI JIGSAW GO TO THE FAIR,0.19,0.56,0.85
1418,22539,MINI JIGSAW DOLLY GIRL,0.19,0.56,0.85
1419,22540,MINI JIGSAW CIRCUS PARADE,0.19,0.52,0.85
1420,22541,MINI JIGSAW LEAP FROG,0.19,0.57,0.85
1421,22543,MINI JIGSAW BAKE A CAKE,0.19,0.5,0.85
1422,22544,MINI JIGSAW SPACEBOY,0.19,0.53,0.85
1423,22545,MINI JIGSAW BUNNIES,0.19,0.56,0.85
1424,22546,MINI JIGSAW PURDEY,0.19,0.53,0.85
1425,22547,MINI JIGSAW DINOSAUR,0.19,0.63,0.85
1426,22548,HEADS AND TAILS SPORTING FUN,0.85,1.41,2.95
1427,22549,PICTURE DOMINOES,1.25,1.98,3.36
1428,22550,HOLIDAY FUN LUDO,2.62,4.44,7.62
1429,22551,PLASTERS IN TIN SPACEBOY,1.45,1.86,4.21
1430,22553,PLASTERS IN TIN SKULLS,1.45,1.97,4.21
1431,22554,PLASTERS IN TIN WOODLAND ANIMALS,1.45,1.91,4.21
1432,22555,PLASTERS IN TIN STRONGMAN,1.45,1.85,4.21
1433,22556,PLASTERS IN TIN CIRCUS PARADE,1.45,1.78,4.21
1434,22557,PLASTERS IN TIN VINTAGE PAISLEY,1.45,1.9,4.21
1435,22558,CLOTHES PEGS RETROSPOT PACK 24,1.0,1.83,3.95
1436,22559,SEASIDE FLYING DISC,0.83,1.6,2.51
1437,22560,TRADITIONAL MODELLING CLAY,1.06,1.42,3.36
1438,22561,WOODEN SCHOOL COLOURING SET,1.45,1.78,3.95
1439,22562,MONSTERS STENCIL CRAFT,1.06,1.37,2.46
1440,22563,HAPPY STENCIL CRAFT,1.06,1.35,2.51
1441,22564,ALPHABET STENCIL CRAFT,1.06,1.36,2.51
1442,22565,FELTCRAFT HAIRBANDS PINK AND WHITE,0.85,1.11,1.66
1443,22566,FELTCRAFT HAIRBAND PINK AND PURPLE,0.85,1.05,1.66
1444,22567,20 DOLLY PEGS RETROSPOT,1.06,1.56,2.92
1445,22568,FELTCRAFT CUSHION OWL,3.39,4.16,7.62
1446,22569,FELTCRAFT CUSHION BUTTERFLY,3.39,4.27,7.62
1447,22570,FELTCRAFT CUSHION RABBIT,3.39,4.29,7.62
1448,22571,ROCKING HORSE RED CHRISTMAS,0.72,1.08,1.66
1449,22572,ROCKING HORSE GREEN CHRISTMAS,0.72,1.06,1.66
1450,22573,STAR WOODEN CHRISTMAS DECORATION,0.72,1.12,1.66
1451,22574,HEART WOODEN CHRISTMAS DECORATION,0.72,1.11,1.66
1452,22575,METAL MERRY CHRISTMAS WREATH,1.65,2.21,4.21
1453,22576,SWALLOW WOODEN CHRISTMAS DECORATION,0.72,1.09,1.66
1454,22577,WOODEN HEART CHRISTMAS SCANDINAVIAN,0.29,0.5,1.66
1455,22578,WOODEN STAR CHRISTMAS SCANDINAVIAN,0.29,0.47,1.66
1456,22579,WOODEN TREE CHRISTMAS SCANDINAVIAN,0.29,0.52,1.66
1457,22580,ADVENT CALENDAR GINGHAM SACK,4.13,5.73,11.87
1458,22581,WOOD STOCKING CHRISTMAS SCANDISPOT,0.29,0.88,4.13
1459,22582,PACK OF 6 SWEETIE GIFT BOXES,2.1,3.12,5.06
1460,22583,PACK OF 6 HANDBAG GIFT BOXES,2.55,3.28,5.06
1461,22584,PACK OF 6 PANNETONE GIFT BOXES,2.1,3.1,5.06
1462,22585,PACK OF 6 BIRDY GIFT TAGS,1.06,1.47,2.51
1463,22586,FELTCRAFT HAIRBAND PINK AND BLUE,0.85,1.06,1.66
1464,22587,FELTCRAFT HAIRBAND RED AND BLUE,0.85,1.04,1.66
1465,22588,CARD HOLDER GINGHAM HEART,2.1,3.49,5.79
1466,22589,CARDHOLDER GINGHAM STAR,2.49,3.65,5.06
1467,22591,CARDHOLDER GINGHAM CHRISTMAS TREE,2.55,4.39,6.63
1468,22592,CARDHOLDER HOLLY WREATH METAL,3.39,5.07,7.62
1469,22593,CHRISTMAS GINGHAM STAR,0.72,1.12,1.66
1470,22594,CHRISTMAS GINGHAM TREE,0.72,1.17,1.66
1471,22595,GINGHAM HEART DECORATION,0.72,1.03,1.66
1472,22596,CHRISTMAS STAR WISH LIST CHALKBOARD,0.39,1.3,2.95
1473,22597,MUSICAL ZINC HEART DECORATION,0.29,0.69,1.66
1474,22598,CHRISTMAS MUSICAL ZINC TREE,0.29,0.67,1.66
1475,22599,CHRISTMAS MUSICAL ZINC STAR,0.29,0.65,1.66
1476,22600,CHRISTMAS RETROSPOT STAR WOOD,0.72,1.07,1.66
1477,22601,CHRISTMAS RETROSPOT ANGEL WOOD,0.72,1.07,1.66
1478,22602,RETROSPOT WOODEN HEART DECORATION,0.72,1.12,1.66
1479,22603,CHRISTMAS RETROSPOT TREE WOOD,0.72,1.08,1.66
1480,22604,SET OF 4 NAPKIN CHARMS CUTLERY,2.1,2.85,4.96
1481,22605,WOODEN CROQUET GARDEN SET,10.95,16.14,25.49
1482,22606,WOODEN SKITTLES GARDEN SET,3.25,16.32,34.0
1483,22607,WOODEN ROUNDERS GARDEN SET,8.29,10.72,20.79
1484,22608,PENS ASSORTED FUNKY JEWELED,0.19,0.33,1.66
1485,22609,PENS ASSORTED SPACEBALL,0.19,0.42,1.66
1486,22610,PENS ASSORTED FUNNY FACE,0.19,0.39,1.66
1487,22611,VINTAGE UNION JACK SHOPPING BAG,4.25,5.55,10.17
1488,22613,PACK OF 20 SPACEBOY NAPKINS,0.64,1.01,1.66
1489,22614,PACK OF 12 SPACEBOY TISSUES,0.29,0.45,0.85
1490,22615,PACK OF 12 CIRCUS PARADE TISSUES,0.25,0.49,0.85
1491,22616,PACK OF 12 LONDON TISSUES,0.2,0.45,1.0
1492,22617,BAKING SET SPACEBOY DESIGN,4.25,5.45,10.79
1493,22618,COOKING SET RETROSPOT,8.49,10.5,19.96
1494,22619,SET OF 6 SOLDIER SKITTLES,3.39,4.66,7.62
1495,22620,4 TRADITIONAL SPINNING TOPS,1.06,1.66,2.51
1496,22621,TRADITIONAL KNITTING NANCY,1.25,1.88,3.36
1497,22622,BOX OF VINTAGE ALPHABET BLOCKS,8.5,12.37,24.96
1498,22623,BOX OF VINTAGE JIGSAW BLOCKS,4.25,6.19,12.46
1499,22624,IVORY KITCHEN SCALES,7.65,9.45,16.98
1500,22625,RED KITCHEN SCALES,6.0,9.74,16.98
1501,22626,BLACK KITCHEN SCALES,7.65,9.16,16.98
1502,22627,MINT KITCHEN SCALES,0.76,9.47,16.98
1503,22628,PICNIC BOXES SET OF 3 RETROSPOT,4.13,5.63,10.17
1504,22629,SPACEBOY LUNCH BOX,1.65,2.19,4.95
1505,22630,DOLLY GIRL LUNCH BOX,1.65,2.33,4.95
1506,22631,CIRCUS PARADE LUNCH BOX,1.65,2.61,6.54
1507,22632,HAND WARMER RED RETROSPOT,1.79,2.21,4.21
1508,22633,HAND WARMER UNION JACK,1.79,2.2,4.95
1509,22634,CHILDS BREAKFAST SET SPACEBOY,8.5,10.24,20.38
1510,22635,CHILDS BREAKFAST SET DOLLY GIRL,8.5,10.34,20.38
1511,22636,CHILDS BREAKFAST SET CIRCUS PARADE,7.65,8.89,16.98
1512,22637,PIGGY BANK RETROSPOT,2.1,3.07,5.91
1513,22638,SET OF 4 NAPKIN CHARMS CROWNS,0.79,2.28,5.06
1514,22639,SET OF 4 NAPKIN CHARMS HEARTS,0.79,2.79,5.06
1515,22640,SET OF 4 NAPKIN CHARMS 3 KEYS,0.79,2.52,5.06
1516,22641,SET OF 4 NAPKIN CHARMS INSTRUMENT,0.79,2.59,5.06
1517,22642,SET OF 4 NAPKIN CHARMS STARS,0.79,2.65,5.06
1518,22643,SET OF 4 NAPKIN CHARMS LEAVES,0.79,2.2,5.06
1519,22644,CERAMIC CHERRY CAKE MONEY BANK,0.39,2.12,4.21
1520,22645,CERAMIC HEART FAIRY CAKE MONEY BANK,0.39,2.26,7.5
1521,22646,CERAMIC STRAWBERRY CAKE MONEY BANK,0.39,2.04,4.21
1522,22647,CERAMIC LOVE HEART MONEY BANK,0.39,1.41,3.36
1523,22649,STRAWBERRY FAIRY CAKE TEAPOT,4.25,5.94,11.02
1524,22650,CERAMIC PIRATE CHEST MONEY BANK,1.25,1.92,3.36
1525,22651,GENTLEMAN SHIRT REPAIR KIT,0.72,1.14,1.66
1526,22652,TRAVEL SEWING KIT,1.45,1.97,4.21
1527,22653,BUTTON BOX,1.63,1.95,4.21
1528,22654,DELUXE SEWING KIT,4.95,7.67,12.72
1529,22655,VINTAGE RED KITCHEN CABINET,50.0,150.66,295.0
1530,22656,VINTAGE BLUE KITCHEN CABINET,50.0,143.65,295.0
1531,22659,LUNCH BOX I LOVE LONDON,1.65,2.3,4.95
1532,22660,DOORMAT I LOVE LONDON,4.58,9.9,15.79
1533,22661,CHARLOTTE BAG DOLLY GIRL DESIGN,0.72,0.98,1.66
1534,22662,LUNCH BAG DOLLY GIRL DESIGN,1.45,1.93,4.95
1535,22663,JUMBO BAG DOLLY GIRL DESIGN,1.65,2.57,5.06
1536,22664,TOY TIDY DOLLY GIRL DESIGN,0.79,2.86,4.21
1537,22665,RECIPE BOX BLUE SKETCHBOOK DESIGN,2.55,4.02,6.63
1538,22666,RECIPE BOX PANTRY YELLOW DESIGN,1.96,3.67,6.95
1539,22667,RECIPE BOX RETROSPOT,2.55,3.03,5.79
1540,22668,PINK BABY BUNTING,2.55,4.11,5.91
1541,22669,RED BABY BUNTING,2.55,3.76,5.91
1542,22670,FRENCH WC SIGN BLUE METAL,1.06,1.63,2.95
1543,22671,FRENCH LAUNDRY SIGN BLUE METAL,1.45,2.16,3.36
1544,22672,FRENCH BATHROOM SIGN BLUE METAL,1.45,2.08,4.95
1545,22673,FRENCH GARDEN SIGN BLUE METAL,1.06,1.49,3.29
1546,22674,FRENCH TOILET SIGN BLUE METAL,1.06,1.52,2.95
1547,22675,FRENCH KITCHEN SIGN BLUE METAL,1.06,1.55,2.51
1548,22676,FRENCH BLUE METAL DOOR SIGN 1,1.19,1.63,2.95
1549,22677,FRENCH BLUE METAL DOOR SIGN 2,1.19,1.72,2.95
1550,22678,FRENCH BLUE METAL DOOR SIGN 3,1.19,1.67,2.95
1551,22679,FRENCH BLUE METAL DOOR SIGN 4,1.19,1.72,2.95
1552,22680,FRENCH BLUE METAL DOOR SIGN 5,1.19,1.65,2.95
1553,22681,FRENCH BLUE METAL DOOR SIGN 6,1.06,1.67,2.95
1554,22682,FRENCH BLUE METAL DOOR SIGN 7,1.19,1.59,2.95
1555,22683,FRENCH BLUE METAL DOOR SIGN 8,1.19,1.64,2.95
1556,22684,FRENCH BLUE METAL DOOR SIGN 9,1.19,1.69,2.95
1557,22685,FRENCH BLUE METAL DOOR SIGN 0,1.19,1.55,2.95
1558,22686,FRENCH BLUE METAL DOOR SIGN No,1.01,1.88,2.95
1559,22687,DOORMAT CHRISTMAS VILLAGE,4.58,11.32,16.63
1560,22688,DOORMAT PEACE ON EARTH BLUE,4.58,9.14,17.88
1561,22689,DOORMAT MERRY CHRISTMAS RED,4.58,10.16,16.63
1562,22690,DOORMAT HOME SWEET HOME BLUE,4.58,8.34,15.79
1563,22691,DOORMAT WELCOME SUNRISE,4.58,9.34,17.88
1564,22692,DOORMAT WELCOME TO OUR HOME,4.58,9.59,16.98
1565,22693,GROW A FLYTRAP OR SUNFLOWER IN TIN,0.86,1.48,2.95
1566,22694,WICKER STAR,1.85,2.55,5.06
1567,22695,WICKER WREATH SMALL,0.59,1.75,3.36
1568,22696,WICKER WREATH LARGE,1.65,2.35,4.21
1569,22697,GREEN REGENCY TEACUP AND SAUCER,2.55,3.8,5.91
1570,22698,PINK REGENCY TEACUP AND SAUCER,2.55,3.67,5.91
1571,22699,ROSES REGENCY TEACUP AND SAUCER,2.55,3.63,5.91
1572,22700,BLACK AND WHITE DOG BOWL,0.85,2.58,5.91
1573,22701,PINK DOG BOWL,0.79,2.6,5.91
1574,22702,BLACK AND WHITE CAT BOWL,0.65,2.04,4.13
1575,22703,PINK CAT BOWL,0.59,1.75,4.21
1576,22704,WRAP RED APPLES,0.34,0.42,0.42
1577,22705,WRAP GREEN PEARS,0.42,0.42,0.42
1578,22706,WRAP COWBOYS,0.34,0.42,0.42
1579,22707,WRAP MONSTER FUN,0.42,0.42,0.42
1580,22708,WRAP DOLLY GIRL,0.34,0.42,0.42
1581,22709,WRAP WEDDING DAY,0.34,0.42,0.42
1582,22710,WRAP I LOVE LONDON,0.34,0.42,0.42
1583,22711,WRAP CIRCUS PARADE,0.34,0.42,0.42
1584,22712,CARD DOLLY GIRL,0.36,0.55,0.85
1585,22713,CARD I LOVE LONDON,0.36,0.54,1.0
1586,22714,CARD BIRTHDAY COWBOY,0.36,0.54,0.85
1587,22715,CARD WEDDING DAY,0.36,0.52,0.85
1588,22716,CARD CIRCUS PARADE,0.36,0.52,0.85
1589,22717,CARD DOG AND BALL,0.36,0.56,0.85
1590,22718,CARD CAT AND TREE,0.36,0.57,0.85
1591,22719,GUMBALL MONOCHROME COAT RACK,1.06,2.04,2.51
1592,22720,SET OF 3 CAKE TINS PANTRY DESIGN,3.39,5.79,12.95
1593,22721,SET OF 3 CAKE TINS SKETCHBOOK,1.95,5.4,11.02
1594,22722,SET OF 6 SPICE TINS PANTRY DESIGN,3.45,4.67,9.95
1595,22723,SET OF 6 HERB TINS SKETCHBOOK,1.25,4.3,8.47
1596,22725,ALARM CLOCK BAKELIKE CHOCOLATE,3.39,4.75,12.21
1597,22726,ALARM CLOCK BAKELIKE GREEN,3.39,4.52,12.21
1598,22727,ALARM CLOCK BAKELIKE RED,2.99,4.38,8.95
1599,22728,ALARM CLOCK BAKELIKE PINK,3.39,4.56,8.47
1600,22729,ALARM CLOCK BAKELIKE ORANGE,3.39,4.48,8.47
1601,22730,ALARM CLOCK BAKELIKE IVORY,3.39,4.4,8.47
1602,22731,3D CHRISTMAS STAMPS STICKERS,1.06,1.51,2.51
1603,22732,3D VINTAGE CHRISTMAS STICKERS,1.06,1.57,3.36
1604,22733,3D TRADITIONAL CHRISTMAS STICKERS,1.25,1.52,3.36
1605,22734,SET OF 6 RIBBONS VINTAGE CHRISTMAS,2.49,3.5,6.95
1606,22735,RIBBON REEL SOCKS AND MITTENS,1.45,2.54,7.5
1607,22736,RIBBON REEL MAKING SNOWMEN,1.45,2.38,7.5
1608,22737,RIBBON REEL CHRISTMAS PRESENT,1.65,2.34,7.5
1609,22738,RIBBON REEL SNOWY VILLAGE,1.45,2.33,7.5
1610,22739,RIBBON REEL CHRISTMAS SOCK BAUBLE,1.45,2.37,4.21
1611,22740,POLKADOT PEN,0.72,1.13,1.66
1612,22741,FUNKY DIVA PEN,0.72,1.1,1.66
1613,22742,MAKE YOUR OWN PLAYTIME CARD KIT,0.79,3.04,5.91
1614,22743,MAKE YOUR OWN FLOWERPOWER CARD KIT,0.79,3.65,5.91
1615,22744,MAKE YOUR OWN MONSOON CARD KIT,0.79,3.12,5.91
1616,22745,POPPY'S PLAYHOUSE BEDROOM,1.85,2.54,4.95
1617,22746,POPPY'S PLAYHOUSE LIVINGROOM,1.85,2.51,5.06
1618,22747,POPPY'S PLAYHOUSE BATHROOM,1.85,2.5,4.95
1619,22748,POPPY'S PLAYHOUSE KITCHEN,1.85,2.48,5.06
1620,22749,FELTCRAFT PRINCESS CHARLOTTE DOLL,3.39,4.12,8.95
1621,22750,FELTCRAFT PRINCESS LOLA DOLL,3.39,4.06,7.62
1622,22751,FELTCRAFT PRINCESS OLIVIA DOLL,3.39,4.23,7.62
1623,22752,SET 7 BABUSHKA NESTING BOXES,3.95,9.77,16.98
1624,22753,SMALL YELLOW BABUSHKA NOTEBOOK,0.2,0.97,1.66
1625,22754,SMALL RED BABUSHKA NOTEBOOK,0.2,1.0,1.66
1626,22755,SMALL PURPLE BABUSHKA NOTEBOOK,0.2,0.98,1.66
1627,22756,LARGE YELLOW BABUSHKA NOTEBOOK,0.39,1.43,2.51
1628,22757,LARGE RED BABUSHKA NOTEBOOK,0.39,1.54,2.51
1629,22758,LARGE PURPLE BABUSHKA NOTEBOOK,0.39,1.49,2.51
1630,22759,SET OF 3 NOTEBOOKS IN PARCEL,1.45,2.05,3.95
1631,22760,"TRAY, BREAKFAST IN BED",10.95,14.55,25.49
1632,22761,CHEST 7 DRAWER MA CAMPAGNE,21.95,25.4,49.13
1633,22762,CUPBOARD 3 DRAWER MA CAMPAGNE,12.75,17.48,29.79
1634,22763,KEY CABINET MA CAMPAGNE,8.5,11.27,20.38
1635,22764,"RUSTIC WOODEN CABINET, GLASS DOORS",24.95,31.2,49.96
1636,22765,NEWSPAPER STAND,9.89,19.87,29.79
1637,22766,PHOTO FRAME CORNICE,2.55,3.21,5.91
1638,22767,TRIPLE PHOTO FRAME CORNICE,6.72,10.25,20.38
1639,22768,FAMILY PHOTO FRAME CORNICE,6.72,10.86,20.38
1640,22769,CHALKBOARD KITCHEN ORGANISER,21.95,34.78,51.02
1641,22770,MIRROR CORNICE,12.75,16.21,29.17
1642,22771,CLEAR DRAWER KNOB ACRYLIC EDWARDIAN,0.85,1.56,3.29
1643,22772,PINK DRAWER KNOB ACRYLIC EDWARDIAN,0.85,1.67,3.29
1644,22773,GREEN DRAWER KNOB ACRYLIC EDWARDIAN,0.85,1.52,3.29
1645,22774,RED DRAWER KNOB ACRYLIC EDWARDIAN,0.85,1.59,2.51
1646,22775,PURPLE DRAWERKNOB ACRYLIC EDWARDIAN,1.06,1.74,3.29
1647,22776,SWEETHEART CAKESTAND 3 TIER,8.5,11.33,20.38
1648,22777,GLASS CLOCHE LARGE,7.65,10.52,16.98
1649,22778,GLASS CLOCHE SMALL,3.39,4.76,8.47
1650,22779,WOODEN OWLS LIGHT GARLAND,3.37,4.19,4.25
1651,22780,LIGHT GARLAND BUTTERFILES PINK,3.37,4.19,4.25
1652,22781,GUMBALL MAGAZINE RACK,6.75,9.71,15.28
1653,22782,SET 3 WICKER STORAGE BASKETS,9.95,19.36,24.95
1654,22783,SET 3 WICKER OVAL BASKETS W LIDS,7.95,14.62,39.13
1655,22784,LANTERN CREAM GAZEBO,4.25,5.61,11.02
1656,22785,SQUARECUSHION COVER PINK UNION JACK,1.25,7.3,16.98
1657,22786,CUSHION COVER PINK UNION JACK,1.25,7.62,16.13
1658,22788,BROCANTE COAT RACK,6.78,11.91,20.38
1659,22789,T-LIGHT HOLDER SWEETHEART HANGING,1.65,2.16,4.21
1660,22791,T-LIGHT GLASS FLUTED ANTIQUE,1.06,1.5,2.51
1661,22792,FLUTED ANTIQUE CANDLE HOLDER,0.72,1.15,1.66
1662,22794,SWEETHEART WIRE MAGAZINE RACK,6.75,9.0,16.13
1663,22795,SWEETHEART RECIPE BOOK STAND,0.7,8.08,13.57
1664,22796,PHOTO FRAME 3 CLASSIC HANGING,8.5,10.41,21.23
1665,22797,CHEST OF DRAWERS GINGHAM HEART,4.0,18.72,34.0
1666,22798,ANTIQUE GLASS DRESSING TABLE POT,2.55,3.73,5.91
1667,22799,SWEETHEART WIRE FRUIT BOWL,2.95,8.72,16.63
1668,22800,ANTIQUE TALL SWIRLGLASS TRINKET POT,3.39,4.92,7.62
1669,22801,ANTIQUE GLASS PEDESTAL BOWL,3.39,4.68,7.62
1670,22802,FAUX FUR CHOCOLATE THROW,7.95,18.74,39.96
1671,22803,IVORY EMBROIDERED QUILT,33.29,38.97,82.5
1672,22804,CANDLEHOLDER PINK HANGING HEART,1.0,3.17,5.91
1673,22805,BLUE DRAWER KNOB ACRYLIC EDWARDIAN,1.06,1.67,3.29
1674,22806,SET OF 6 T-LIGHTS WEDDING CAKE,1.25,3.39,5.79
1675,22807,SET OF 6 T-LIGHTS TOADSTOOLS,1.25,3.77,5.91
1676,22808,SET OF 6 T-LIGHTS EASTER CHICKS,1.25,3.59,5.79
1677,22809,SET OF 6 T-LIGHTS SANTA,2.55,3.49,5.91
1678,22810,SET OF 6 T-LIGHTS SNOWMEN,2.55,3.59,5.91
1679,22811,SET OF 6 T-LIGHTS CACTI,1.25,3.83,5.91
1680,22812,PACK 3 BOXES CHRISTMAS PANNETONE,1.65,2.81,5.06
1681,22813,PACK 3 BOXES BIRD PANNETONE,1.65,2.65,4.21
1682,22814,CARD PARTY GAMES,0.36,0.49,0.85
1683,22815,CARD PSYCHEDELIC APPLES,0.36,0.49,0.85
1684,22816,CARD MOTORBIKE SANTA,0.36,0.46,0.85
1685,22817,CARD SUKI BIRTHDAY,0.36,0.48,0.85
1686,22818,CARD CHRISTMAS VILLAGE,0.36,0.46,0.85
1687,22819,"BIRTHDAY CARD, RETRO SPOT",0.36,0.47,0.85
1688,22820,GIFT BAG BIRTHDAY,0.42,0.61,1.25
1689,22821,GIFT BAG PSYCHEDELIC APPLES,0.42,0.7,1.28
1690,22822,CREAM WALL PLANTER HEART SHAPED,4.95,6.44,12.72
1691,22823,CHEST NATURAL WOOD 20 DRAWERS,110.0,118.08,125.0
1692,22824,3 TIER SWEETHEART GARDEN SHELF,32.95,35.68,35.95
1693,22825,DECORATIVE PLANT POT WITH FRIEZE,6.75,8.42,16.13
1694,22826,LOVE SEAT ANTIQUE WHITE METAL,42.5,115.39,195.0
1695,22827,RUSTIC  SEVENTEEN DRAWER SIDEBOARD,85.0,156.03,165.0
1696,22828,REGENCY MIRROR WITH SHUTTERS,145.0,156.43,165.0
1697,22829,SWEETHEART WIRE WALL TIDY,8.5,10.84,21.23
1698,22830,UTILTY CABINET WITH HOOKS,10.0,21.77,26.95
1699,22831,WHITE BROCANTE SOAP DISH,2.55,3.32,5.91
1700,22832,BROCANTE SHELF WITH HOOKS,9.95,11.48,21.23
1701,22833,HALL CABINET WITH 3 DRAWERS,32.69,56.51,100.0
1702,22834,HAND WARMER BABUSHKA DESIGN,0.85,2.22,8.33
1703,22835,HOT WATER BOTTLE I AM SO POORLY,4.25,5.87,12.46
1704,22837,HOT WATER BOTTLE BABUSHKA,4.25,5.55,9.32
1705,22838,3 TIER CAKE TIN RED AND CREAM,9.98,17.06,29.95
1706,22839,3 TIER CAKE TIN GREEN AND CREAM,9.98,18.43,29.79
1707,22840,ROUND CAKE TIN VINTAGE RED,5.49,8.34,16.13
1708,22841,ROUND CAKE TIN VINTAGE GREEN,5.49,8.42,16.13
1709,22842,BISCUIT TIN VINTAGE RED,5.95,7.18,13.57
1710,22843,BISCUIT TIN VINTAGE GREEN,4.67,7.24,13.29
1711,22844,VINTAGE CREAM DOG FOOD CONTAINER,6.42,10.78,16.98
1712,22845,VINTAGE CREAM CAT FOOD CONTAINER,4.27,7.8,12.72
1713,22846,BREAD BIN DINER STYLE RED,5.0,17.62,34.0
1714,22847,BREAD BIN DINER STYLE IVORY,11.63,17.33,34.0
1715,22848,BREAD BIN DINER STYLE PINK,10.0,18.11,34.0
1716,22849,BREAD BIN DINER STYLE MINT,11.63,16.86,34.0
1717,22851,SET 20 NAPKINS FAIRY CAKES DESIGN,0.72,1.0,1.66
1718,22852,DOG BOWL VINTAGE CREAM,3.75,4.63,8.29
1719,22853,CAT BOWL VINTAGE CREAM,2.75,3.63,6.77
1720,22854,CREAM SWEETHEART EGG HOLDER,4.25,5.38,11.02
1721,22855,FINE WICKER HEART,1.06,1.53,2.51
1722,22856,ASSORTED EASTER DECORATIONS  BELLS,1.06,3.76,16.13
1723,22857,ASSORTED EASTER GIFT TAGS,0.72,1.34,11.02
1724,22858,EASTER TIN KEEPSAKE,1.45,1.94,3.29
1725,22859,EASTER TIN BUNNY BOUQUET,1.45,1.91,3.36
1726,22860,EASTER TIN CHICKS PINK DAISY,1.65,1.97,3.29
1727,22861,EASTER TIN CHICKS IN GARDEN,1.65,2.01,3.29
1728,22862,LOVE HEART NAPKIN BOX,4.25,5.41,8.47
1729,22863,SOAP DISH BROCANTE,2.55,3.29,5.91
1730,22865,HAND WARMER OWL DESIGN,1.79,2.35,5.06
1731,22866,HAND WARMER SCOTTY DOG DESIGN,1.79,2.33,4.95
1732,22867,HAND WARMER BIRD DESIGN,1.85,2.4,5.06
1733,22868,NUMBER TILE COTTAGE GARDEN 0,1.95,3.04,4.13
1734,22869,NUMBER TILE COTTAGE GARDEN 1,1.95,3.16,4.21
1735,22870,NUMBER TILE COTTAGE GARDEN 2,1.95,3.26,4.21
1736,22871,NUMBER TILE COTTAGE GARDEN 3,1.95,3.26,4.13
1737,22872,NUMBER TILE COTTAGE GARDEN 4,1.95,3.19,4.13
1738,22873,NUMBER TILE COTTAGE GARDEN 5,1.95,3.05,4.21
1739,22874,NUMBER TILE COTTAGE GARDEN 6,1.95,2.94,4.21
1740,22875,NUMBER TILE COTTAGE GARDEN 7,1.95,2.91,4.21
1741,22876,NUMBER TILE COTTAGE GARDEN 8,1.95,2.94,4.21
1742,22877,NUMBER TILE COTTAGE GARDEN 9,1.95,2.6,4.13
1743,22878,NUMBER TILE COTTAGE GARDEN No,2.1,3.41,4.13
1744,22879,NUMBER TILE VINTAGE FONT 0,0.42,2.87,4.21
1745,22880,NUMBER TILE VINTAGE FONT 1,0.42,3.3,4.21
1746,22881,NUMBER TILE VINTAGE FONT 2,0.42,3.22,4.21
1747,22882,NUMBER TILE VINTAGE FONT 3,0.42,3.0,4.21
1748,22883,NUMBER TILE VINTAGE FONT 4,0.42,3.25,4.21
1749,22884,NUMBER TILE VINTAGE FONT 5,0.42,3.09,4.21
1750,22885,NUMBER TILE VINTAGE FONT 6,0.42,3.06,4.21
1751,22886,NUMBER TILE VINTAGE FONT 7,0.42,2.88,4.13
1752,22887,NUMBER TILE VINTAGE FONT 8,0.42,2.97,4.21
1753,22888,NUMBER TILE VINTAGE FONT 9,0.42,3.16,4.13
1754,22889,NUMBER TILE VINTAGE FONT No,0.75,3.63,4.21
1755,22890,NOVELTY BISCUITS CAKE STAND 3 TIER,8.5,11.18,20.38
1756,22891,TEA FOR ONE POLKADOT,3.75,5.67,8.47
1757,22892,SET OF SALT AND PEPPER TOADSTOOLS,1.0,1.24,1.25
1758,22893,MINI CAKE STAND T-LIGHT HOLDER,0.36,0.63,0.85
1759,22894,TABLECLOTH RED APPLES DESIGN,8.15,10.17,20.79
1760,22895,SET OF 2 TEA TOWELS APPLE AND PEARS,2.55,3.6,7.95
1761,22896,PEG BAG APPLES DESIGN,2.1,3.2,5.79
1762,22897,OVEN MITT APPLES DESIGN,1.25,1.81,7.5
1763,22898,CHILDRENS APRON APPLES DESIGN,1.65,2.56,4.96
1764,22899,CHILDREN'S APRON DOLLY GIRL,1.85,2.44,4.95
1765,22900,SET 2 TEA TOWELS I LOVE LONDON,2.32,3.72,7.95
1766,22902,TOTE BAG I LOVE LONDON,1.69,2.66,4.21
1767,22903,CALENDAR FAMILY FAVOURITES,1.25,3.03,5.91
1768,22904,CALENDAR PAPER CUT DESIGN,2.55,3.35,5.91
1769,22905,CALENDAR IN SEASON DESIGN,1.25,2.79,5.91
1770,22906,12 MESSAGE CARDS WITH ENVELOPES,1.45,2.05,3.36
1771,22907,PACK OF 20 NAPKINS PANTRY DESIGN,0.64,0.99,1.95
1772,22908,PACK OF 20 NAPKINS RED APPLES,0.64,0.97,1.95
1773,22909,SET OF 20 VINTAGE CHRISTMAS NAPKINS,0.64,0.99,1.95
1774,22910,PAPER CHAIN KIT VINTAGE CHRISTMAS,2.5,3.36,6.95
1775,22911,PAPER CHAIN KIT LONDON,2.55,3.24,5.91
1776,22912,YELLOW COAT RACK PARIS FASHION,3.37,5.28,11.02
1777,22913,RED COAT RACK PARIS FASHION,3.37,5.54,11.02
1778,22914,BLUE COAT RACK PARIS FASHION,3.37,5.49,11.02
1779,22915,ASSORTED BOTTLE TOP  MAGNETS,0.19,1.15,5.06
1780,22916,HERB MARKER THYME,0.55,0.85,1.95
1781,22917,HERB MARKER ROSEMARY,0.55,0.85,1.95
1782,22918,HERB MARKER PARSLEY,0.55,0.85,1.95
1783,22919,HERB MARKER MINT,0.55,0.84,1.95
1784,22920,HERB MARKER BASIL,0.55,0.86,1.95
1785,22921,HERB MARKER CHIVES,0.55,0.84,1.95
1786,22922,FRIDGE MAGNETS US DINER ASSORTED,0.72,1.72,11.02
1787,22923,FRIDGE MAGNETS LES ENFANTS ASSORTED,0.72,0.98,11.02
1788,22924,FRIDGE MAGNETS LA VIE EN ROSE,0.72,1.35,11.02
1789,22925,BLUE GIANT GARDEN THERMOMETER,4.95,6.5,12.46
1790,22926,IVORY GIANT GARDEN THERMOMETER,4.95,6.28,14.95
1791,22927,GREEN GIANT GARDEN THERMOMETER,4.95,6.65,14.95
1792,22928,YELLOW GIANT GARDEN THERMOMETER,4.95,7.72,12.46
1793,22929,SCHOOL DESK AND CHAIR,57.95,64.06,65.0
1794,22930,BAKING MOULD HEART MILK CHOCOLATE,2.1,3.07,5.95
1795,22931,BAKING MOULD HEART WHITE CHOCOLATE,2.1,2.83,5.06
1796,22932,BAKING MOULD TOFFEE CUP CHOCOLATE,2.1,2.7,5.06
1797,22933,BAKING MOULD EASTER EGG MILK CHOC,2.1,3.47,6.95
1798,22934,BAKING MOULD EASTER EGG WHITE CHOC,2.55,3.22,6.95
1799,22935,BAKING MOULD ROSE MILK CHOCOLATE,2.75,3.79,6.63
1800,22936,BAKING MOULD ROSE WHITE CHOCOLATE,2.75,4.3,6.63
1801,22937,BAKING MOULD CHOCOLATE CUPCAKES,2.1,2.92,5.95
1802,22938,CUPCAKE LACE PAPER SET 6,1.65,2.09,4.13
1803,22939,APRON APPLE DELIGHT,4.25,6.0,11.02
1804,22940,FELTCRAFT CHRISTMAS FAIRY,0.5,4.53,8.47
1805,22941,CHRISTMAS LIGHTS 10 REINDEER,6.5,9.87,16.98
1806,22942,CHRISTMAS LIGHTS 10 SANTAS,2.95,8.34,16.98
1807,22943,CHRISTMAS LIGHTS 10 VINTAGE BAUBLES,4.25,6.19,11.02
1808,22944,CHRISTMAS METAL POSTCARD WITH BELLS,0.39,1.31,16.13
1809,22945,CHRISTMAS METAL TAGS ASSORTED,0.72,2.17,11.02
1810,22946,WOODEN ADVENT CALENDAR CREAM,8.0,18.04,34.0
1811,22947,WOODEN ADVENT CALENDAR RED,7.95,13.14,34.0
1812,22948,METAL DECORATION NAUGHTY CHILDREN,0.72,1.67,6.77
1813,22949,36 DOILIES DOLLY GIRL,1.45,1.71,2.98
1814,22950,36 DOILIES VINTAGE CHRISTMAS,1.25,1.59,2.92
1815,22951,60 CAKE CASES DOLLY GIRL DESIGN,0.42,0.67,1.5
1816,22952,60 CAKE CASES VINTAGE CHRISTMAS,0.42,0.76,2.13
1817,22953,BIRTHDAY PARTY CORDON BARRIER TAPE,0.83,1.36,2.51
1818,22954,HEN PARTY CORDON BARRIER TAPE,0.83,1.39,2.51
1819,22955,36 FOIL STAR CAKE CASES,0.79,2.31,4.21
1820,22956,36 FOIL HEART CAKE CASES,0.79,2.22,4.95
1821,22957,SET 3 PAPER VINTAGE CHICK PAPER EGG,2.55,3.11,5.79
1822,22959,WRAP CHRISTMAS VILLAGE,0.34,0.42,0.42
1823,22960,JAM MAKING SET WITH JARS,2.95,5.02,9.95
1824,22961,JAM MAKING SET PRINTED,1.25,1.9,3.95
1825,22962,JAM JAR WITH PINK LID,0.72,1.05,1.66
1826,22963,JAM JAR WITH GREEN LID,0.72,1.07,1.66
1827,22964,3 PIECE SPACEBOY COOKIE CUTTER SET,1.85,2.52,4.95
1828,22965,3 TRADITIONAl BISCUIT CUTTERS  SET,1.85,2.34,4.95
1829,22966,GINGERBREAD MAN COOKIE CUTTER,1.06,1.45,2.95
1830,22967,SET 3 SONG BIRD PAPER EGGS ASSORTED,2.55,3.01,5.79
1831,22968,ROSE COTTAGE KEEPSAKE BOX,8.5,11.86,20.38
1832,22969,HOMEMADE JAM SCENTED CANDLES,1.25,1.79,3.95
1833,22970,LONDON BUS COFFEE MUG,2.1,2.72,5.95
1834,22971,QUEENS GUARD COFFEE MUG,2.1,2.77,5.06
1835,22972,CHILDREN'S SPACEBOY MUG,1.45,1.98,3.95
1836,22973,CHILDREN'S CIRCUS PARADE MUG,1.45,2.02,3.36
1837,22974,CHILDRENS DOLLY GIRL MUG,1.45,2.03,3.95
1838,22975,SPACEBOY CHILDRENS EGG CUP,1.25,1.54,2.95
1839,22976,CIRCUS PARADE CHILDRENS EGG CUP,1.25,1.51,2.51
1840,22977,DOLLY GIRL CHILDRENS EGG CUP,1.25,1.48,2.95
1841,22978,PANTRY ROLLING PIN,3.39,4.31,7.46
1842,22979,PANTRY WASHING UP BRUSH,1.25,1.81,3.95
1843,22980,PANTRY SCRUBBING BRUSH,1.45,1.92,3.95
1844,22981,PANTRY APPLE CORER,1.25,1.86,2.92
1845,22982,PANTRY PASTRY BRUSH,1.06,1.63,2.46
1846,22983,CARD BILLBOARD FONT,0.36,0.52,0.85
1847,22984,CARD GINGHAM ROSE,0.36,0.48,0.85
1848,22985,WRAP BILLBOARD FONTS DESIGN,0.34,0.42,0.42
1849,22986,WRAP GINGHAM ROSE,0.36,0.42,0.42
1850,22987,WRAP SUMMER ROSE DESIGN,0.42,0.42,0.42
1851,22988,SOLDIERS EGG CUP,1.06,1.49,2.95
1852,22989,SET 2 PANTRY DESIGN TEA TOWELS,2.55,3.68,7.95
1853,22990,COTTON APRON PANTRY DESIGN,1.95,5.29,10.79
1854,22991,GIRAFFE WOODEN RULER,1.65,2.26,4.95
1855,22992,REVOLVER WOODEN RULER,1.65,2.26,4.95
1856,22993,SET OF 4 PANTRY JELLY MOULDS,1.06,1.5,3.29
1857,22994,TRAVEL CARD WALLET RETROSPOT,0.36,0.53,0.83
1858,22995,TRAVEL CARD WALLET SUKI,0.36,0.54,0.83
1859,22996,TRAVEL CARD WALLET VINTAGE TICKET,0.36,0.53,1.0
1860,22997,TRAVEL CARD WALLET UNION JACK,0.36,0.49,0.83
1861,22998,TRAVEL CARD WALLET KEEP CALM,0.36,0.5,1.0
1862,22999,TRAVEL CARD WALLET VINTAGE LEAF,0.36,0.48,1.0
1863,23000,TRAVEL CARD WALLET TRANSPORT,0.36,0.52,0.83
1864,23002,TRAVEL CARD WALLET SKULLS,0.36,0.52,0.83
1865,23003,TRAVEL CARD WALLET VINTAGE ROSE,0.36,0.42,0.42
1866,23004,TRAVEL CARD WALLET PANTRY,0.42,0.6,0.83
1867,23005,TRAVEL CARD WALLET I LOVE LONDON,0.36,0.52,1.0
1868,23006,TRAVEL CARD WALLET FLOWER MEADOW,0.36,0.52,0.83
1869,23007,SPACEBOY BABY GIFT SET,10.79,15.93,24.96
1870,23008,DOLLY GIRL BABY GIFT SET,10.79,16.15,24.96
1871,23009,I LOVE LONDON BABY GIFT SET,10.79,15.99,29.95
1872,23010,CIRCUS PARADE BABY GIFT SET,10.79,16.31,24.96
1873,23012,GLASS APOTHECARY BOTTLE PERFUME,3.45,4.62,8.29
1874,23013,GLASS APOTHECARY BOTTLE TONIC,3.45,4.66,8.29
1875,23014,GLASS APOTHECARY BOTTLE ELIXIR,3.45,4.85,8.29
1876,23015,CORDIAL GLASS JUG,8.25,8.63,16.63
1877,23016,GLASS TWIST BON BON JAR,6.65,8.63,15.79
1878,23017,APOTHECARY MEASURING JAR,11.15,12.75,24.96
1879,23018,LARGE APOTHECARY MEASURING JAR,11.15,12.9,24.96
1880,23019,SMALL APOTHECARY MEASURING JAR,7.45,8.08,8.25
1881,23020,GLASS  SONGBIRD STORAGE JAR,11.15,12.94,24.96
1882,23021,GLASS BONNE JAM JAR,3.75,4.44,8.29
1883,23022,SMALL BONNE JAM JAR  T-LIGHT HOLDER,1.79,2.04,2.08
1884,23023,RIDGED BONNE JAM JAR T-LIGHT HOLDER,1.45,1.76,3.29
1885,23024,LARGE BONNE JAM JAR  T-LIGHT HOLDER,2.49,2.97,5.79
1886,23025,DRAWER KNOB VINTAGE GLASS BALL,2.08,2.27,4.13
1887,23026,DRAWER KNOB VINTAGE GLASS STAR,1.79,2.32,4.13
1888,23027,DRAWER KNOB VINTAGE GLASS HEXAGON,2.08,2.22,4.13
1889,23028,DRAWER KNOB CRACKLE GLAZE BLUE,1.45,1.92,4.13
1890,23029,DRAWER KNOB CRACKLE GLAZE GREEN,1.45,1.83,3.29
1891,23031,DRAWER KNOB CRACKLE GLAZE PINK,1.45,1.82,3.29
1892,23032,DRAWER KNOB CRACKLE GLAZE IVORY,1.45,1.77,3.29
1893,23033,DRAWER KNOB CERAMIC RED,1.25,1.81,3.29
1894,23034,DRAWER KNOB CERAMIC BLACK,1.25,1.63,3.29
1895,23035,DRAWER KNOB CERAMIC IVORY,1.25,1.64,3.29
1896,23036,T-LIGHT HOLDER SILVER PETIT FOUR,1.25,1.33,2.46
1897,23037,CANDLE HOLDER SILVER MADELINE,1.45,1.89,3.29
1898,23038,T-LIGHT HOLDER SILVER SAUCER,0.83,1.33,1.63
1899,23039,T-LIGHT HOLDER SILVER HEART HANDLE,1.65,2.38,4.13
1900,23040,PAPER LANTERN 9 POINT SNOW STAR,4.95,6.28,11.63
1901,23041,PAPER LANTERN 9 POINT SNOW STAR,4.15,4.6,8.29
1902,23042,PAPER LANTERN 7 POINT SNOW STAR,6.65,7.34,13.29
1903,23043,PAPER LANTERN 9 POINT HOLLY STAR L,6.25,7.33,12.46
1904,23044,PAPER LANTERN 9 POINT HOLLY STAR S,4.15,4.31,8.29
1905,23045,PAPER LANTERN 5 POINT STAR MOON,4.15,4.47,8.29
1906,23046,PAPER LANTERN 9 POINT DELUXE STAR,5.75,6.81,13.29
1907,23047,PAPER LANTERN 5 POINT SEQUIN STAR,5.75,5.75,5.75
1908,23048,SET OF 10 LANTERNS FAIRY LIGHT STAR,3.75,4.65,8.29
1909,23049,RECYCLED ACAPULCO MAT RED,7.45,8.91,16.63
1910,23050,RECYCLED ACAPULCO MAT GREEN,7.45,9.22,16.63
1911,23051,RECYCLED ACAPULCO MAT BLUE,7.45,9.62,16.63
1912,23052,RECYCLED ACAPULCO MAT TURQUOISE,7.45,9.78,16.63
1913,23053,RECYCLED ACAPULCO MAT PINK,7.45,9.81,16.63
1914,23054,RECYCLED ACAPULCO MAT LAVENDER,7.45,9.52,16.63
1915,23055,IVORY CHANDELIER T-LIGHT HOLDER,1.0,5.22,12.46
1916,23056,FLOWERS CHANDELIER T-LIGHT HOLDER,1.0,5.82,12.46
1917,23057,BEADED CHANDELIER T-LIGHT HOLDER,1.0,4.49,10.79
1918,23058,CHRISTMAS HANGING SNOWFLAKE,0.79,1.23,4.96
1919,23060,HEART BEADED TRELLIS DECORATION,2.08,2.22,4.13
1920,23061,VINTAGE EMBOSSED HEART,1.04,1.54,2.46
1921,23064,CINDERELLA CHANDELIER,10.0,43.92,99.96
1922,23065,LARGE DECO JEWELLERY STAND,11.15,12.97,24.96
1923,23066,SMALL DECO JEWELLERY STAND,7.45,8.91,16.63
1924,23067,HANGING ENGRAVED METAL HEART,4.15,4.35,8.29
1925,23068,ALUMINIUM STAMPED HEART,2.08,2.59,4.96
1926,23069,EDWARDIAN PHOTO FRAME,6.25,6.44,12.46
1927,23070,EDWARDIAN HEART PHOTO FRAME,4.15,5.09,8.29
1928,23071,MARIE ANTOINETTE TRINKET BOX GOLD,1.0,10.21,12.5
1929,23072,MARIE ANTOINETTE TRINKET BOX SILVER,1.0,13.16,24.96
1930,23073,GEORGIAN TRINKET BOX,11.15,12.41,12.5
1931,23074,EMBOSSED HEART TRINKET BOX,1.79,2.61,4.13
1932,23075,PARLOUR CERAMIC WALL HOOK,3.75,4.24,8.29
1933,23076,ICE CREAM SUNDAE LIP GLOSS,1.04,1.35,2.46
1934,23077,DOUGHNUT LIP GLOSS,1.04,1.34,2.95
1935,23078,ICE CREAM PEN LIP GLOSS,1.04,1.43,2.95
1936,23079,TOADSTOOL BEDSIDE LIGHT,8.25,8.94,8.95
1937,23080,RED METAL BOX TOP SECRET,7.5,9.31,16.63
1938,23081,GREEN METAL BOX ARMY SUPPLIES,7.5,9.38,16.63
1939,23082,SET 6 PAPER TABLE LANTERN HEARTS,3.29,4.09,7.5
1940,23083,SET 6 PAPER TABLE LANTERN STARS,3.29,4.23,7.5
1941,23084,RABBIT NIGHT LIGHT,1.67,2.38,4.96
1942,23085,ANTIQUE SILVER BAUBLE LAMP,8.25,10.76,20.79
1943,23086,ZINC  STAR T-LIGHT HOLDER,1.04,1.51,2.46
1944,23087,ZINC  HEART T-LIGHT HOLDER,1.04,1.59,2.46
1945,23088,ZINC HEART FLOWER T-LIGHT HOLDER,1.04,1.63,2.46
1946,23089,GLASS BON BON JAR,1.45,2.36,3.29
1947,23090,VINTAGE GLASS T-LIGHT HOLDER,0.72,0.98,1.63
1948,23091,ZINC HERB GARDEN CONTAINER,5.39,6.72,12.46
1949,23092,LARGE ANTIQUE WHITE PHOTO FRAME,5.49,8.08,15.79
1950,23093,SMALL PARISIENNE HEART PHOTO FRAME,1.64,2.78,4.96
1951,23094,LE GRAND TRAY CHIC SET,12.5,12.81,24.96
1952,23096,PETIT TRAY CHIC,1.45,2.03,3.29
1953,23099,FRENCH CARRIAGE LANTERN,5.75,7.01,13.29
1954,23100,SILVER BELLS TABLE DECORATION,1.04,1.43,2.46
1955,23101,SILVER STARS TABLE DECORATION,0.72,0.97,2.46
1956,23102,SILVER HEARTS TABLE DECORATION,0.72,0.97,2.46
1957,23103,JINGLE BELL HEART DECORATION,1.45,1.84,3.29
1958,23104,IVORY CAFE HANGING LAMP,10.4,12.86,24.96
1959,23106,ZINC HEARTS PLANT POT HOLDER,0.79,2.94,5.79
1960,23107,WHITE HEARTS WIRE PLANT POT HOLDER,0.79,3.2,5.79
1961,23108,SET OF 10 LED DOLLY LIGHTS,3.39,6.44,12.46
1962,23109,PACK OF SIX LED TEA LIGHTS,2.49,3.26,5.79
1963,23110,PARISIENNE KEY CABINET,4.95,6.57,12.46
1964,23111,PARISIENNE SEWING BOX,10.4,13.36,24.96
1965,23112,PARISIENNE CURIO CABINET,6.65,9.04,14.96
1966,23113,PANTRY CHOPPING BOARD,4.15,6.23,10.79
1967,23114,VINTAGE LEAF CHOPPING BOARD,4.15,5.43,10.79
1968,23115,RED APPLES CHOPPING BOARD,4.15,5.84,10.79
1969,23116,VEGETABLE GARDEN CHOPPING BOARD,4.15,6.24,10.79
1970,23117,POPPY FIELDS CHOPPING BOARD,4.95,5.58,10.79
1971,23118,PARISIENNE JEWELLERY DRAWER,5.32,8.34,14.96
1972,23119,PACK OF 6 LARGE FRUIT STRAWS,0.53,0.78,1.25
1973,23120,PACK OF 6 SMALL FRUIT STRAWS,0.36,0.47,0.79
1974,23121,PACK OF 6 COCKTAIL PARASOL STRAWS,0.36,0.55,1.25
1975,23122,PARTY CHARMS 50 PIECES,0.65,1.04,1.67
1976,23123,COCKTAIL SWORDS 50 PIECES,0.72,1.01,1.67
1977,23124,18PC WOODEN CUTLERY SET DISPOSABLE,1.04,1.75,2.46
1978,23125,6PC WOOD PLATE SET DISPOSABLE,1.04,1.91,2.46
1979,23126,FELTCRAFT GIRL AMELIE KIT,4.15,5.37,10.79
1980,23127,FELTCRAFT GIRL NICOLE KIT,4.15,5.25,12.95
1981,23128,FELTCRAFT BOY JEAN-PAUL KIT,4.15,5.26,12.95
1982,23129,HEART SHAPED HOLLY WREATH,3.75,4.57,8.29
1983,23130,MISTLETOE HEART WREATH GREEN,3.75,4.52,8.29
1984,23131,MISTLETOE HEART WREATH CREAM,3.75,4.2,8.29
1985,23132,SMALL IVORY HEART WALL ORGANISER,3.57,6.21,12.46
1986,23133,LARGE IVORY HEART WALL ORGANISER,5.66,9.16,16.63
1987,23134,LARGE ZINC HEART WALL ORGANISER,5.88,7.91,16.63
1988,23135,SMALL ZINC HEART WALL ORGANISER,3.32,5.68,12.46
1989,23136,IVORY WIRE SWEETHEART LETTER TRAY,3.29,4.03,7.46
1990,23137,ZINC WIRE SWEETHEART LETTER TRAY,1.25,3.98,7.46
1991,23138,SINGLE WIRE HOOK IVORY HEART,1.25,1.6,3.29
1992,23139,SINGLE WIRE HOOK PINK HEART,0.39,1.61,3.29
1993,23140,TRIPLE WIRE HOOK IVORY HEART,3.75,4.53,8.29
1994,23141,TRIPLE WIRE HOOK PINK HEART,0.79,4.24,8.29
1995,23142,IVORY WIRE KITCHEN ORGANISER,9.15,11.05,20.79
1996,23143,ZINC WIRE KITCHEN ORGANISER,3.95,9.93,20.79
1997,23144,ZINC T-LIGHT HOLDER STARS SMALL,0.72,0.94,1.63
1998,23145,ZINC T-LIGHT HOLDER STAR LARGE,0.79,1.08,2.08
1999,23146,TRIPLE HOOK ANTIQUE IVORY ROSE,2.89,3.49,6.63
2000,23147,SINGLE ANTIQUE ROSE HOOK IVORY,1.25,1.52,3.29
2001,23148,MINIATURE ANTIQUE ROSE HOOK IVORY,0.72,0.91,2.46
2002,23149,ANTIQUE IVORY WIRE BOWL SMALL,2.49,2.7,4.96
2003,23150,IVORY SWEETHEART SOAP DISH,2.49,2.93,4.96
2004,23151,ZINC SWEETHEART SOAP DISH,0.79,2.24,4.96
2005,23152,IVORY SWEETHEART WIRE LETTER RACK,3.39,3.95,7.46
2006,23153,ZINC SWEETHEART WIRE LETTER RACK,3.39,4.23,7.46
2007,23154,SET OF 4 JAM JAR MAGNETS,1.85,2.21,4.95
2008,23155,KNICKERBOCKERGLORY MAGNET ASSORTED,0.72,1.41,8.29
2009,23156,SET OF 5 MINI GROCERY MAGNETS,1.85,2.26,4.13
2010,23157,SET OF 6 NATIVITY MAGNETS,1.85,2.36,4.13
2011,23158,SET OF 5 LUCKY CAT MAGNETS,1.85,2.67,4.13
2012,23159,SET OF 5 PANCAKE DAY MAGNETS,1.85,2.32,4.13
2013,23160,REGENCY TEA SPOON,1.04,1.48,2.46
2014,23161,REGENCY CAKE FORK,1.04,1.59,2.46
2015,23162,REGENCY TEA STRAINER,3.29,4.42,7.46
2016,23163,REGENCY SUGAR TONGS,2.08,3.32,4.96
2017,23164,REGENCY CAKE SLICE,4.15,5.57,9.96
2018,23165,LARGE CERAMIC TOP STORAGE JAR,1.45,1.96,3.29
2019,23166,MEDIUM CERAMIC TOP STORAGE JAR,1.04,1.46,2.46
2020,23167,SMALL CERAMIC TOP STORAGE JAR,0.69,0.99,1.63
2021,23168,CLASSIC CAFE SUGAR DISPENSER,1.04,1.75,6.54
2022,23169,CLASSIC GLASS COOKIE JAR,3.75,4.66,8.29
2023,23170,REGENCY TEA PLATE ROSES,1.45,2.06,3.29
2024,23171,REGENCY TEA PLATE GREEN,1.45,2.12,3.29
2025,23172,REGENCY TEA PLATE PINK,1.45,2.05,3.29
2026,23173,REGENCY TEAPOT ROSES,8.0,11.06,19.96
2027,23174,REGENCY SUGAR BOWL GREEN,3.75,4.76,8.29
2028,23175,REGENCY MILK JUG PINK,2.75,3.85,7.46
2029,23176,ABC TREASURE BOOK BOX,1.95,2.65,4.95
2030,23177,TREASURE ISLAND BOOK BOX,1.95,2.69,4.95
2031,23178,JAM CLOCK MAGNET,1.25,3.34,5.79
2032,23179,CLOCK MAGNET MUM'S KITCHEN,1.25,3.52,5.79
2033,23180,MUM'S KITCHEN CLOCK,1.65,5.92,10.79
2034,23181,BULL DOG BOTTLE TOP WALL CLOCK,7.5,9.37,16.63
2035,23182,TOILET SIGN OCCUPIED OR VACANT,0.72,1.52,2.5
2036,23183,MOTHER'S KITCHEN SPOON REST,3.29,4.84,7.46
2037,23184,BULL DOG BOTTLE OPENER,4.15,6.43,10.79
2038,23185,FRENCH STYLE STORAGE JAR JAM,0.28,0.35,1.25
2039,23186,FRENCH STYLE STORAGE JAR CAFE,0.28,0.35,1.25
2040,23187,FRENCH STYLE STORAGE JAR BONBONS,0.28,0.33,1.25
2041,23188,VINTAGE  2 METER FOLDING RULER,1.45,1.93,3.95
2042,23189,SET OF 12 FORK CANDLES,2.49,3.39,5.79
2043,23190,BUNDLE OF 3 SCHOOL EXERCISE BOOKS,1.45,1.8,3.29
2044,23191,BUNDLE OF 3 RETRO NOTE BOOKS,1.45,1.87,3.29
2045,23192,BUNDLE OF 3 ALPHABET EXERCISE BOOKS,1.45,1.77,3.95
2046,23193,BUFFALO BILL TREASURE BOOK BOX,1.95,2.71,4.95
2047,23194,GYMKHANA TREASURE BOOK BOX,1.95,2.7,4.95
2048,23196,VINTAGE LEAF MAGNETIC NOTEPAD,1.25,1.79,3.29
2049,23197,SKETCHBOOK MAGNETIC SHOPPING LIST,1.25,1.94,3.29
2050,23198,PANTRY MAGNETIC  SHOPPING LIST,1.04,1.79,3.29
2051,23199,JUMBO BAG APPLES,1.65,2.56,4.13
2052,23200,JUMBO BAG PEARS,1.65,2.43,4.13
2053,23201,JUMBO BAG ALPHABET,1.65,2.38,4.95
2054,23202,JUMBO BAG VINTAGE LEAF,1.65,2.29,4.13
2055,23203,JUMBO BAG VINTAGE DOILY,1.65,2.27,4.95
2056,23204,CHARLOTTE BAG APPLES DESIGN,0.72,1.12,2.46
2057,23205,CHARLOTTE BAG VINTAGE ALPHABET,0.72,1.14,2.46
2058,23206,LUNCH BAG APPLE DESIGN,1.45,2.05,8.33
2059,23207,LUNCH BAG ALPHABET DESIGN,1.45,1.98,8.33
2060,23208,LUNCH BAG VINTAGE LEAF DESIGN,1.45,1.93,8.33
2061,23209,LUNCH BAG VINTAGE DOILY,1.45,1.82,4.13
2062,23210,WHITE ROCKING HORSE HAND PAINTED,1.04,1.46,2.5
2063,23211,RED ROCKING HORSE HAND PAINTED,1.04,1.56,2.5
2064,23212,HEART WREATH DECORATION WITH BELL,1.04,1.49,2.5
2065,23213,STAR WREATH DECORATION WITH BELL,1.04,1.49,2.46
2066,23214,JINGLE BELL HEART ANTIQUE GOLD,1.79,2.39,4.13
2067,23215,JINGLE BELL HEART ANTIQUE SILVER,1.79,2.26,4.13
2068,23216,LAUREL HEART ANTIQUE GOLD,1.04,1.45,2.46
2069,23217,LAUREL HEART ANTIQUE SILVER,1.04,1.54,2.5
2070,23218,LAUREL STAR ANTIQUE GOLD,1.04,1.57,2.46
2071,23219,LAUREL STAR ANTIQUE SILVER,1.04,1.53,2.5
2072,23220,REINDEER HEART DECORATION GOLD,0.72,1.08,1.63
2073,23221,REINDEER HEART DECORATION SILVER,0.72,1.07,1.63
2074,23222,CHRISTMAS TREE HANGING GOLD,0.72,1.04,1.63
2075,23223,CHRISTMAS TREE HANGING SILVER,0.72,1.09,1.63
2076,23224,CHERUB HEART DECORATION GOLD,0.72,1.03,1.63
2077,23225,CHERUB HEART DECORATION SILVER,0.72,1.08,1.63
2078,23226,FILIGREE HEART DAISY WHITE,1.04,1.57,2.46
2079,23227,FILIGREE HEART BUTTERFLY WHITE,1.04,1.57,2.46
2080,23228,FILIGREE HEART BIRD WHITE,1.04,1.78,2.46
2081,23229,VINTAGE DONKEY TAIL GAME,2.62,4.23,7.46
2082,23230,WRAP ALPHABET DESIGN,0.34,0.42,0.42
2083,23231,WRAP DOILEY DESIGN,0.34,0.42,0.42
2084,23232,WRAP VINTAGE LEAF DESIGN,0.34,0.42,0.42
2085,23233,WRAP POPPIES  DESIGN,0.34,0.42,0.42
2086,23234,BISCUIT TIN VINTAGE CHRISTMAS,2.49,3.37,5.79
2087,23235,STORAGE TIN VINTAGE LEAF,1.25,2.98,5.79
2088,23236,STORAGE TIN VINTAGE DOILY,2.49,3.26,5.79
2089,23237,SET OF 4 KNICK KNACK TINS LEAF,3.75,4.24,8.29
2090,23238,SET OF 4 KNICK KNACK TINS LONDON,3.75,4.73,9.95
2091,23239,SET OF 4 KNICK KNACK TINS POPPIES,1.65,4.38,8.29
2092,23240,SET OF 4 KNICK KNACK TINS DOILY,3.75,4.44,8.29
2093,23241,TREASURE TIN GYMKHANA DESIGN,1.85,2.48,4.13
2094,23242,TREASURE TIN BUFFALO BILL,1.85,2.28,4.13
2095,23243,SET OF TEA COFFEE SUGAR TINS PANTRY,1.71,5.8,10.79
2096,23244,ROUND STORAGE TIN VINTAGE LEAF,1.65,2.08,4.13
2097,23245,SET OF 3 REGENCY CAKE TINS,4.15,5.84,10.79
2098,23247,BISCUIT TIN 50'S CHRISTMAS,2.49,3.28,6.95
2099,23249,VINTAGE RED ENAMEL TRIM PLATE,1.45,1.86,3.29
2100,23250,VINTAGE RED TRIM ENAMEL BOWL,1.04,1.45,2.46
2101,23251,VINTAGE RED ENAMEL TRIM MUG,1.04,1.41,2.46
2102,23252,VINTAGE RED ENAMEL TRIM JUG,3.29,4.03,7.46
2103,23253,16 PIECE CUTLERY SET PANTRY DESIGN,12.5,17.12,33.29
2104,23254,CHILDRENS CUTLERY DOLLY GIRL,3.75,4.26,8.29
2105,23255,CHILDRENS CUTLERY CIRCUS PARADE,3.75,4.34,8.29
2106,23256,CHILDRENS CUTLERY SPACEBOY,3.75,4.46,8.29
2107,23263,SET OF 3 WOODEN HEART DECORATIONS,1.04,1.45,2.5
2108,23264,SET OF 3 WOODEN SLEIGH DECORATIONS,1.04,1.5,2.5
2109,23265,SET OF 3 WOODEN TREE DECORATIONS,1.04,1.48,2.5
2110,23266,SET OF 3 WOODEN STOCKING DECORATION,1.04,1.45,2.5
2111,23267,SET OF 4 SANTA PLACE SETTINGS,1.04,1.41,2.46
2112,23268,SET OF 2 CERAMIC CHRISTMAS REINDEER,1.25,1.69,2.92
2113,23269,SET OF 2 CERAMIC CHRISTMAS TREES,1.25,1.71,2.92
2114,23270,SET OF 2 CERAMIC PAINTED HEARTS,1.25,1.5,2.92
2115,23271,CHRISTMAS TABLE SILVER CANDLE SPIKE,0.69,1.05,1.63
2116,23272,TREE T-LIGHT HOLDER WILLIE WINKIE,0.39,1.92,3.29
2117,23273,HEART T-LIGHT HOLDER WILLIE WINKIE,1.45,1.87,3.29
2118,23274,STAR T-LIGHT HOLDER WILLIE WINKIE,1.45,2.01,3.29
2119,23275,SET OF 3 HANGING OWLS OLLIE BEAK,1.04,1.47,2.46
2120,23280,FOLDING BUTTERFLY MIRROR HOT PINK,0.72,1.06,2.46
2121,23281,FOLDING BUTTERFLY MIRROR RED,0.72,0.98,2.46
2122,23282,FOLDING BUTTERFLY MIRROR IVORY,0.72,1.26,2.46
2123,23283,DOORMAT VINTAGE LEAF,4.58,8.65,15.79
2124,23284,DOORMAT KEEP CALM AND COME IN,4.58,8.77,16.63
2125,23285,PINK VINTAGE SPOT BEAKER,0.72,1.07,1.63
2126,23286,BLUE VINTAGE SPOT BEAKER,0.72,1.03,1.63
2127,23287,RED VINTAGE SPOT BEAKER,0.72,1.03,1.63
2128,23288,GREEN VINTAGE SPOT BEAKER,0.72,1.04,1.63
2129,23289,DOLLY GIRL CHILDRENS BOWL,1.05,1.53,2.46
2130,23290,SPACEBOY CHILDRENS BOWL,1.05,1.43,2.46
2131,23291,DOLLY GIRL CHILDRENS CUP,1.05,1.52,2.46
2132,23292,SPACEBOY CHILDRENS CUP,1.05,1.52,2.46
2133,23293,SET OF 12 FAIRY CAKE BAKING CASES,0.72,1.06,2.46
2134,23294,SET OF 6 SNACK LOAF BAKING CASES,0.72,1.09,2.46
2135,23295,SET OF 12 MINI LOAF BAKING CASES,0.72,1.11,2.46
2136,23296,SET OF 6 TEA TIME BAKING CASES,1.04,1.52,3.29
2137,23297,SET 40 HEART SHAPE PETIT FOUR CASES,1.45,1.83,3.29
2138,23298,SPOTTY BUNTING,3.74,5.51,10.79
2139,23299,FOOD COVER WITH BEADS SET 2,3.39,4.36,7.46
2140,23300,GARDENERS KNEELING PAD CUP OF TEA,1.18,1.91,3.95
2141,23301,GARDENERS KNEELING PAD KEEP CALM,1.18,1.94,4.13
2142,23302,KNEELING MAT HOUSEWORK  DESIGN,0.79,1.88,3.29
2143,23303,SET 4 PICNIC CUTLERY FONDANT,1.95,1.95,1.95
2144,23304,SET 4 PICNIC CUTLERY CHERRY,1.95,1.95,1.95
2145,23305,SET 4 PICNIC CUTLERY BLUEBERRY,1.95,1.95,1.95
2146,23306,SET OF 36 DOILIES PANTRY DESIGN,1.25,1.8,2.92
2147,23307,SET OF 60 PANTRY DESIGN CAKE CASES,0.42,0.68,1.25
2148,23308,SET OF 60 VINTAGE LEAF CAKE CASES,0.42,0.69,1.25
2149,23309,SET OF 60 I LOVE LONDON CAKE CASES,0.42,0.74,1.5
2150,23310,BUBBLEGUM RING ASSORTED,0.36,0.48,0.83
2151,23311,VINTAGE CHRISTMAS STOCKING,2.1,2.96,5.95
2152,23312,VINTAGE CHRISTMAS GIFT SACK,3.75,4.45,9.95
2153,23313,VINTAGE CHRISTMAS BUNTING,4.15,5.55,12.95
2154,23314,VINTAGE CHRISTMAS TABLECLOTH,10.39,13.59,24.96
2155,23315,IVORY REFECTORY CLOCK,8.15,10.75,19.96
2156,23316,RED REFECTORY CLOCK,8.15,11.1,19.96
2157,23317,BLUE REFECTORY CLOCK,8.15,11.23,19.96
2158,23318,BOX OF 6 MINI VINTAGE CRACKERS,2.08,2.73,5.95
2159,23319,BOX OF 6 MINI 50'S CRACKERS,2.08,2.64,5.95
2160,23320,GIANT 50'S CHRISTMAS CRACKER,1.25,2.81,5.79
2161,23321,SMALL WHITE HEART OF WICKER,1.11,1.75,3.95
2162,23322,LARGE WHITE HEART OF WICKER,1.97,3.13,5.83
2163,23323,WHITE WICKER STAR,1.85,2.25,4.13
2164,23324,RUSTIC STRAWBERRY JAM POT LARGE,1.85,2.2,4.13
2165,23325,RUSTIC STRAWBERRY JAM POT SMALL,1.45,1.8,3.29
2166,23326,HANGING MINI COLOURED BOTTLES,0.52,2.64,8.29
2167,23327,HANGING CLEAR MINI BOTTLE,0.55,0.78,1.63
2168,23328,SET 6 SCHOOL MILK BOTTLES IN CRATE,3.39,4.83,7.46
2169,23329,DECORATIVE WICKER HEART LARGE,1.45,1.77,3.95
2170,23330,DECORATIVE WICKER HEART MEDIUM,1.04,1.36,2.46
2171,23331,DECORATIVE WICKER HEART SMALL,0.55,0.78,1.25
2172,23332,IVORY WICKER HEART LARGE,1.45,1.76,3.95
2173,23333,IVORY WICKER HEART MEDIUM,1.04,1.33,2.46
2174,23334,IVORY WICKER HEART SMALL,0.55,0.79,1.25
2175,23335,EGG FRYING PAN IVORY,1.85,2.32,4.13
2176,23336,EGG FRYING PAN PINK,2.08,2.6,4.13
2177,23337,EGG FRYING PAN MINT,2.08,2.29,4.13
2178,23338,EGG FRYING PAN RED,1.85,2.34,4.13
2179,23339,EGG FRYING PAN BLUE,2.08,2.51,4.13
2180,23340,VINTAGE CHRISTMAS CAKE FRILL,1.45,1.96,3.29
2181,23341,PINK DINER WALL CLOCK,7.65,9.94,16.63
2182,23342,MINT DINER WALL CLOCK,7.65,8.83,16.63
2183,23343,JUMBO BAG VINTAGE CHRISTMAS,1.75,2.41,4.95
2184,23344,JUMBO BAG 50'S CHRISTMAS,1.75,2.41,4.95
2185,23345,DOLLY GIRL BEAKER,1.08,1.5,2.46
2186,23346,SPACEBOY BEAKER,1.08,1.52,2.46
2187,23347,I LOVE LONDON BEAKER,1.08,1.55,2.46
2188,23348,CHILDRENS TOY COOKING UTENSIL SET,1.79,2.56,4.13
2189,23349,ROLL WRAP VINTAGE CHRISTMAS,1.04,1.54,2.46
2190,23350,ROLL WRAP VINTAGE SPOT,1.04,1.46,2.46
2191,23351,ROLL WRAP 50'S CHRISTMAS,1.04,1.51,2.95
2192,23352,ROLL WRAP 50'S RED CHRISTMAS,1.04,1.51,2.95
2193,23353,6 GIFT TAGS VINTAGE CHRISTMAS,0.72,1.0,1.63
2194,23354,6 GIFT TAGS 50'S CHRISTMAS,0.72,0.97,1.95
2195,23355,HOT WATER BOTTLE KEEP CALM,4.15,5.27,12.96
2196,23356,LOVE HOT WATER BOTTLE,4.95,6.2,12.46
2197,23357,HOT WATER BOTTLE SEX BOMB,1.65,5.01,12.46
2198,23358,HOT STUFF HOT WATER BOTTLE,1.25,4.18,8.29
2199,23359,SET OF 12 T-LIGHTS VINTAGE DOILY,1.65,1.99,4.13
2200,23360,SET 8 CANDLES VINTAGE DOILY,1.65,2.06,4.95
2201,23365,SET 12 COLOUR PENCILS LOVE LONDON,0.55,0.79,1.5
2202,23366,SET 12 COLOURING PENCILS DOILY,0.55,0.82,1.5
2203,23367,SET 12 COLOUR PENCILS SPACEBOY,0.55,0.76,1.5
2204,23368,SET 12 COLOUR PENCILS DOLLY GIRL,0.55,0.78,1.25
2205,23369,SET 36 COLOUR PENCILS LOVE LONDON,1.06,1.5,2.95
2206,23370,SET 36 COLOURING PENCILS DOILY,1.06,1.54,2.95
2207,23371,SET 36 COLOUR PENCILS SPACEBOY,1.06,1.52,2.95
2208,23372,SET 36 COLOUR PENCILS DOLLY GIRL,1.06,1.61,2.46
2209,23373,VINTAGE CHRISTMAS PAPER GIFT BAG,0.72,0.91,1.63
2210,23374,RED SPOT PAPER GIFT BAG,0.72,0.87,1.63
2211,23375,50'S CHRISTMAS PAPER GIFT BAG,0.72,0.94,1.63
2212,23376,PACK OF 12 VINTAGE CHRISTMAS TISSUE,0.32,0.51,1.0
2213,23377,PACK OF 12 DOLLY GIRL TISSUES,0.39,0.56,0.83
2214,23378,PACK OF 12 50'S CHRISTMAS TISSUES,0.32,0.46,1.0
2215,23379,PACK OF 12 RED APPLE TISSUES,0.32,0.54,0.83
2216,23380,PACK OF 12 VINTAGE DOILY TISSUES,0.32,0.48,1.0
2217,23381,PACK OF 12 VINTAGE LEAF TISSUES,0.32,0.48,0.83
2218,23382,BOX OF 6 CHRISTMAS CAKE DECORATIONS,3.29,4.65,7.46
2219,23388,WOODLAND MINI BACKPACK,3.75,4.63,9.95
2220,23389,SPACEBOY MINI BACKPACK,3.75,4.53,9.95
2221,23390,DOLLY GIRL MINI BACKPACK,3.75,4.39,8.29
2222,23391,I LOVE LONDON MINI BACKPACK,3.75,4.61,8.29
2223,23392,SPACEBOY ROCKET LOLLY MAKERS,1.79,2.7,4.13
2224,23393,HOME SWEET HOME CUSHION COVER,3.75,4.46,10.79
2225,23394,POSTE FRANCE CUSHION COVER,3.75,4.95,10.79
2226,23395,BELLE JARDINIERE CUSHION COVER,3.29,4.89,10.79
2227,23396,LE JARDIN BOTANIQUE CUSHION COVER,3.29,4.8,10.79
2228,23397,FOOT STOOL HOME SWEET HOME,8.15,11.54,19.96
2229,23398,HANGING HEART BONHEUR,0.72,1.04,2.08
2230,23399,HOME SWEET HOME HANGING HEART,0.72,1.11,2.08
2231,23400,SHELF WITH 4 HOOKS HOME SWEET HOME,4.14,6.85,12.46
2232,23401,RUSTIC MIRROR WITH LACE HEART,4.15,7.06,12.46
2233,23402,HOME SWEET HOME 3 PEG HANGER,3.29,4.45,7.46
2234,23403,LETTER HOLDER HOME SWEET HOME,2.48,4.36,7.46
2235,23404,HOME SWEET HOME BLACKBOARD,3.26,5.94,10.79
2236,23405,HOME SWEET HOME 2 DRAWER CABINET,4.15,5.97,10.79
2237,23406,HOME SWEET HOME KEY HOLDER,4.15,7.09,12.46
2238,23407,SET OF 2 TRAYS HOME SWEET HOME,8.49,10.66,16.63
2239,23408,PHOTO FRAME LINEN AND LACE SMALL,2.08,2.08,2.08
2240,23409,PHOTO FRAME LINEN AND LACE LARGE,3.29,3.81,7.46
2241,23410,CURIO CABINET LINEN AND LACE,7.05,8.03,8.15
2242,23411,TRELLIS COAT RACK,4.15,5.83,10.79
2243,23412,HEART MIRROR ANTIQUE WHITE,4.98,7.72,15.79
2244,23413,VINTAGE COFFEE GRINDER BOX,4.15,6.28,10.79
2245,23414,ZINC BOX SIGN HOME,8.49,10.07,20.79
2246,23415,HOME SWEET HOME HOOK,0.39,1.46,3.29
2247,23416,CHAMBRE HOOK,0.39,1.76,3.29
2248,23417,BATHROOM HOOK,0.39,1.6,3.29
2249,23418,LAVENDER TOILETTE BOTTLE,1.79,2.56,4.13
2250,23419,HOME SWEET HOME BOTTLE,1.79,2.67,4.13
2251,23420,PANTRY HOOK TEA STRAINER,2.08,2.34,4.13
2252,23421,PANTRY HOOK SPATULA,2.08,2.51,4.13
2253,23422,PANTRY HOOK BALLOON WHISK,2.08,2.78,4.13
2254,23423,PANTRY 3 HOOK ROLLING PIN HANGER,3.75,4.5,7.46
2255,23424,GINGHAM RECIPE BOOK BOX,4.15,6.18,10.79
2256,23425,STORAGE TIN HOME SWEET HOME,0.79,3.07,4.96
2257,23426,METAL SIGN DROP YOUR PANTS,1.6,3.33,5.79
2258,23427,STOOL HOME SWEET HOME,10.4,12.94,24.96
2259,23428,IVORY RETRO KITCHEN WALL CLOCK,7.05,9.86,16.63
2260,23429,RED RETRO KITCHEN WALL CLOCK,8.15,8.89,16.63
2261,23430,BLUE RETRO KITCHEN WALL CLOCK,8.15,8.62,16.63
2262,23431,NATURAL HANGING QUILTED HEARTS,0.72,1.34,10.79
2263,23432,PRETTY HANGING QUILTED HEARTS,0.72,1.37,10.79
2264,23433,HANGING QUILTED PATCHWORK APPLES,0.72,1.48,10.79
2265,23434,3 RAFFIA RIBBONS 50'S CHRISTMAS,0.79,0.88,2.08
2266,23435,3 RAFFIA RIBBONS VINTAGE CHRISTMAS,0.79,0.9,4.13
2267,23436,VINTAGE CHRISTMAS GIFT BAG LARGE,1.04,1.44,2.46
2268,23437,50'S CHRISTMAS GIFT BAG LARGE,1.04,1.42,2.46
2269,23438,RED SPOT GIFT BAG LARGE,1.04,1.37,2.46
2270,23439,HAND WARMER RED LOVE HEART,1.85,2.23,4.95
2271,23440,PAINT YOUR OWN EGGS IN CRATE,1.79,2.02,2.08
2272,23441,HAND PAINTED HANGING EASTER EGG,0.42,0.42,0.42
2273,23442,12 HANGING EGGS HAND PAINTED,2.08,2.08,2.08
2274,23444,Next Day Carriage,15.0,15.19,30.0
2275,23445,ICE CREAM BUBBLES,0.72,0.87,1.63
2276,23446,BLUE BUNNY EASTER EGG BASKET,1.45,1.58,1.65
2277,23447,PINK BUNNY EASTER EGG BASKET,1.45,1.6,1.65
2278,23448,CREAM BUNNY EASTER EGG BASKET,1.65,1.65,1.65
2279,23449,SET OF 6 EASTER RAINBOW CHICKS,1.25,1.25,1.25
2280,23451,SQUARE MINI PORTRAIT FRAME,1.65,2.27,4.13
2281,23452,HEART MINI PORTRAIT FRAME,1.65,2.07,4.13
2282,23453,OVAL  MINI PORTRAIT FRAME,1.65,1.99,4.13
2283,23454,THREE MINI HANGING FRAMES,3.75,4.51,8.29
2284,23455,SMALL PARLOUR PICTURE FRAME,2.49,2.87,2.89
2285,23456,MEDIUM PARLOUR PICTURE FRAME,3.75,4.12,4.15
2286,23457,LARGE PARLOUR PICTURE FRAME,4.5,5.11,10.79
2287,23458,DOLLY CABINET 3 DRAWERS,14.95,14.95,14.95
2288,23459,DOLLY CABINET 2 DRAWERS,12.5,12.5,12.5
2289,23460,SWEETHEART WALL TIDY,7.84,9.91,9.95
2290,23461,SWEETHEART BIRD HOUSE,3.3,4.55,8.29
2291,23462,ROCOCO WALL MIRROR WHITE,16.95,20.49,41.63
2292,23463,VINTAGE ZINC WATERING CAN,9.95,11.21,20.0
2293,23464,VINTAGE ZINC WATERING CAN SMALL,4.95,6.21,10.0
2294,23465,TUSCAN VILLA BIRD FEEDER,8.25,8.77,16.63
2295,23466,TUSCAN VILLA DOVECOTE BIRD FEEDER,7.5,10.02,16.63
2296,23467,VINTAGE ZINC PLANTER,3.29,4.37,6.25
2297,23468,TUSCAN VILLA BIRD TABLE,8.25,8.25,8.25
2298,23469,CARD HOLDER LOVE BIRD SMALL,3.29,4.63,8.29
2299,23470,CARD HOLDER LOVE BIRD LARGE,5.39,6.74,12.46
2300,23471,SIX DRAWER OFFICE TIDY,8.25,10.16,20.79
2301,23472,NINE DRAWER OFFICE TIDY,12.5,16.09,29.13
2302,23473,WOODLAND SMALL RED FELT HEART,0.72,0.95,1.63
2303,23474,WOODLAND SMALL BLUE FELT HEART,0.83,1.04,1.63
2304,23475,WOODLAND SMALL PINK FELT HEART,0.83,0.96,1.63
2305,23476,WOODLAND LARGE RED FELT HEART,1.25,1.47,2.46
2306,23477,WOODLAND LARGE BLUE FELT HEART,1.25,1.72,2.46
2307,23478,WOODLAND LARGE PINK FELT HEART,1.04,1.51,2.46
2308,23479,WIRE EGG BASKET,6.65,8.27,14.96
2309,23480,MINI LIGHTS WOODLAND MUSHROOMS,3.29,4.42,7.46
2310,23481,PEARLISED IVORY HEART SMALL,1.04,1.28,2.46
2311,23482,PEARLISED IVORY HEART LARGE,1.45,1.77,3.29
2312,23483,HANGING  BUTTERFLY T-LIGHT HOLDER,1.04,2.35,15.79
2313,23484,HEART TRELLIS TRIPLE T-LIGHT HOLDER,2.49,3.67,5.79
2314,23485,BOTANICAL GARDENS WALL CLOCK,20.5,24.55,49.96
2315,23486,ANTIQUE HEART SHELF UNIT,13.35,17.67,33.29
2316,23487,SWEET HEART CAKE CARRIER,8.25,10.32,20.79
2317,23489,VINTAGE BELLS GARLAND,2.49,3.22,5.79
2318,23490,T-LIGHT HOLDER HANGING LOVE BIRD,3.29,3.96,7.46
2319,23491,VINTAGE JINGLE BELLS HEART,8.25,8.46,16.63
2320,23492,VINTAGE JINGLE BELLS WREATH,8.25,8.55,16.63
2321,23493,VINTAGE DOILY TRAVEL SEWING KIT,1.65,2.15,4.95
2322,23494,VINTAGE DOILY DELUXE SEWING KIT,4.95,6.77,14.95
2323,23495,SET OF 3 PANTRY WOODEN SPOONS,1.25,1.72,2.46
2324,23496,PANTRY KITCHEN THERMOMETER,1.25,1.56,2.46
2325,23497,CLASSIC CHROME BICYCLE BELL,1.25,1.62,3.29
2326,23498,CLASSIC BICYCLE CLIPS,1.25,1.66,3.29
2327,23499,SET 12 VINTAGE DOILY CHALK,0.42,0.48,1.0
2328,23500,KEY RING BASEBALL BOOT ASSORTED,1.04,1.39,2.46
2329,23501,KEY RING BASEBALL BOOT UNION JACK,1.04,1.5,2.46
2330,23502,PLAYING CARDS VINTAGE DOILY,1.04,1.3,2.95
2331,23503,PLAYING CARDS KEEP CALM & CARRY ON,1.04,1.28,2.95
2332,23504,PLAYING CARDS JUBILEE UNION JACK,1.04,1.35,2.95
2333,23505,PLAYING CARDS I LOVE LONDON,1.04,1.35,2.95
2334,23506,MINI PLAYING CARDS SPACEBOY,0.36,0.46,0.83
2335,23507,MINI PLAYING CARDS BUFFALO BILL,0.36,0.47,0.83
2336,23508,MINI PLAYING CARDS DOLLY GIRL,0.36,0.47,1.0
2337,23509,MINI PLAYING CARDS FUN FAIR,0.36,0.49,0.83
2338,23510,MINI PLAYING CARDS GYMKHANA,0.36,0.5,1.0
2339,23511,EMBROIDERED RIBBON REEL EMILY,1.79,2.33,4.95
2340,23512,EMBROIDERED RIBBON REEL ROSIE,1.79,2.32,4.13
2341,23513,EMBROIDERED RIBBON REEL SUSIE,1.79,2.3,4.13
2342,23514,EMBROIDERED RIBBON REEL SALLY,1.79,2.35,4.13
2343,23515,EMBROIDERED RIBBON REEL DAISY,1.79,2.39,4.95
2344,23516,EMBROIDERED RIBBON REEL SOPHIE,3.29,3.85,6.95
2345,23517,EMBROIDERED RIBBON REEL REBECCA,2.49,3.45,6.95
2346,23518,EMBROIDERED RIBBON REEL RACHEL,2.49,3.09,6.95
2347,23519,EMBROIDERED RIBBON REEL CLAIRE,3.29,4.48,7.46
2348,23520,EMBROIDERED RIBBON REEL RUBY,3.29,3.97,7.46
2349,23521,WALL ART CAT AND BIRD,1.12,4.2,5.79
2350,23522,WALL ART DOG AND BALL,1.25,3.68,5.79
2351,23523,WALL ART TREASURE AHOY,2.66,3.93,7.46
2352,23524,WALL ART HORSE & PONY,2.66,4.32,7.46
2353,23525,WALL ART BUFFALO BILL,2.65,4.16,7.46
2354,23526,WALL ART DOG LICENCE,3.88,8.22,14.95
2355,23527,WALL ART ANIMALS AND NATURE,2.66,3.99,7.46
2356,23528,WALL ART SPACEBOY,2.66,4.78,7.46
2357,23529,WALL ART DOLLY GIRL,2.66,4.34,7.46
2358,23530,WALL ART ONLY ONE PERSON,3.57,5.58,10.79
2359,23531,WALL ART BIG LOVE,4.76,7.66,14.13
2360,23532,WALL ART WORK REST AND PLAY,1.95,5.3,10.79
2361,23533,WALL ART GARDEN HAVEN,1.95,6.17,12.46
2362,23534,WALL ART STOP FOR TEA,3.88,7.53,14.95
2363,23535,WALL ART BICYCLE SAFETY,3.88,7.44,14.95
2364,23536,WALL ART VILLAGE SHOW,3.88,6.78,16.09
2365,23537,WALL ART I LOVE LONDON,4.15,6.94,10.79
2366,23538,WALL ART VINTAGE HEART,3.58,5.78,12.46
2367,23539,WALL ART LOVES' SECRET,3.88,6.59,12.46
2368,23540,WALL ART THE MAGIC FOREST,2.55,8.42,14.13
2369,23541,WALL ART CLASSIC PUDDINGS,6.67,9.7,16.63
2370,23542,WALL ART 70'S ALPHABET,6.67,9.73,16.63
2371,23543,WALL ART KEEP CALM,4.15,8.53,16.63
2372,23544,WALL ART MID CENTURY MODERN,3.95,7.56,8.25
2373,23545,WRAP RED VINTAGE DOILY,0.34,0.42,0.42
2374,23546,WRAP PAISLEY PARK,0.42,0.42,0.42
2375,23547,WRAP FLOWER SHOP,0.42,0.42,0.42
2376,23548,WRAP MAGIC FOREST,0.42,0.42,0.42
2377,23549,WRAP BIRD GARDEN,0.42,0.42,0.42
2378,23550,WRAP ALPHABET POSTER,0.34,0.42,0.42
2379,23551,PACK OF 12 PAISLEY PARK TISSUES,0.39,0.52,1.0
2380,23552,BICYCLE PUNCTURE REPAIR KIT,1.79,2.26,4.13
2381,23553,LANDMARK FRAME CAMDEN TOWN,10.95,13.3,24.96
2382,23554,LANDMARK FRAME OXFORD STREET,10.95,13.05,24.96
2383,23555,LANDMARK FRAME NOTTING HILL,10.95,12.9,24.96
2384,23556,LANDMARK FRAME COVENT GARDEN,10.95,12.62,24.96
2385,23557,LANDMARK FRAME BAKER STREET,10.95,13.18,24.96
2386,23558,LANDMARK FRAME LONDON BRIDGE,10.95,13.13,24.96
2387,23559,WOODLAND BUNNIES LOLLY MAKERS,1.79,2.87,4.13
2388,23560,SET OF 6 RIBBONS COUNTRY STYLE,2.49,3.54,5.79
2389,23561,SET OF 6 RIBBONS PARTY,2.49,3.41,5.79
2390,23562,SET OF 6 RIBBONS PERFECTLY PRETTY,2.49,3.29,5.79
2391,23564,EGG CUP MILKMAID INGRID,1.04,1.76,2.46
2392,23565,EGG CUP MILKMAID HELGA,1.25,1.83,2.46
2393,23566,EGG CUP MILKMAID HEIDI,1.04,1.76,2.46
2394,23567,EGG CUP HENRIETTA HEN PINK,1.25,1.81,2.46
2395,23568,EGG CUP HENRIETTA HEN CREAM,1.04,1.74,2.46
2396,23569,TRADTIONAL ALPHABET STAMP SET,4.15,5.3,10.79
2397,23570,TRADITIONAL PICK UP STICKS GAME,1.25,1.43,2.95
2398,23571,TRADITIONAL NAUGHTS & CROSSES,1.45,1.89,3.95
2399,23574,PACKING CHARGE,7.5,7.5,7.5
2400,23575,SNACK TRAY PAISLEY PARK,1.65,2.58,4.13
2401,23576,SNACK TRAY RED VINTAGE DOILY,1.65,2.4,4.13
2402,23578,SNACK TRAY RED GINGHAM,1.95,2.42,4.13
2403,23579,SNACK TRAY I LOVE LONDON,1.65,2.63,4.13
2404,23580,SNACK TRAY HAPPY FOREST,1.95,2.21,4.13
2405,23581,JUMBO BAG PAISLEY PARK,1.75,2.25,4.95
2406,23582,VINTAGE DOILY JUMBO BAG RED,1.75,2.21,4.95
2407,23583,LUNCH BAG PAISLEY PARK,1.45,1.8,4.13
2408,23597,PAPER BUNTING PAISLEY PARK,2.55,3.18,5.79
2409,23598,PAPER BUNTING VINTAGE PARTY,2.55,3.24,5.79
2410,23601,SET 10 CARDS SNOWY SNOWDROPS  17100,2.49,2.49,2.49
2411,23602,SET 10 CARDS 3 WISE MEN 17107,2.91,2.91,2.91
2412,23603,SET 10 CARD KRAFT REINDEER 17084,2.49,2.49,2.49
2413,23604,SET 10 MINI SANTA & SNOWMAN  17087,1.66,1.66,1.66
2414,23605,SET 10 CARDS 12 DAYS OF XMAS 17059,2.91,2.91,2.91
2415,23607,SET 10 CARDS HATS & STOCKINGS 17081,1.66,1.66,1.66
2416,23608,SET 10 CARDS RUDOLPHS NOSE 17097,2.91,2.91,2.91
2417,23609,SET 10 CARDS SNOWY ROBIN 17099,2.91,2.91,2.91
2418,23610,SET 10 CARDS CHRISTMAS ROBIN 17095,2.08,2.08,2.08
2419,23611,SET 10 CARDS RED RIDING HOOD 17214,2.49,2.49,2.49
2420,23612,SET 10 MINICARDS CUTE SNOWMAN 17071,1.66,1.66,1.66
2421,23613,SET 10 XMAS CARDS & BADGES 17070,2.49,2.49,2.49
2422,23614,SET 10 CARDS 12 DAYS WRAP  17058,3.33,3.33,3.33
2423,23615,SET 10 CARDS PRINTED GRAPHIC 17219,2.49,2.49,2.49
2424,23616,SET 10 CARDS JINGLE BELLS 17217,2.49,2.49,2.49
2425,23617,SET 10 CARDS SWIRLY XMAS TREE 17104,2.91,2.91,2.91
2426,23619,SET 10 CARDS POINSETTIA 17093,2.49,2.49,2.49
2427,23620,SET 10 CARDS PERFECT POST 17090,2.49,2.49,2.49
2428,23621,SET 10 CARDS DAVID'S MADONNA 17074,2.49,2.49,2.49
2429,23623,SET 10 CARD CHRISTMAS WELCOME 17112,2.91,2.91,2.91
2430,23624,SET 10 CARD PERFECT NATIVITY 17089,2.49,2.49,2.49
2431,23625,SET 6 CARDS SPARKLY REINDEER 17262,4.99,4.99,4.99
2432,23626,SET 10 CARDS DINKY TREE 17076,2.49,2.49,2.49
2433,23627,SET 10 CARDS XMAS GRAPHIC  17218,2.49,2.49,2.49
2434,23628,SET 10 CARDS TRIANGLE ICONS  17220,2.91,2.91,2.91
2435,23629,SET 10 CARDS DRESSING UP 17077,2.49,2.49,2.49
2436,23630,SET 10 CARDS HANGING BAUBLES 17080,2.49,2.82,2.99
2437,23632,SET 10 CARDS CHEERFUL ROBIN 17065,2.08,2.08,2.08
2438,23633,SET 10 CARDS WORLD CHILDREN 17067,2.49,2.49,2.49
2439,23634,SET 10 CARDS XMAS CHOIR 17068,2.91,2.91,2.91
2440,23635,SET 10 CARDS CHRISTMAS HOLLY  17259,4.16,4.16,4.16
2441,23636,SET 10 CARDS WISHING TREE 17116,2.91,2.91,2.91
2442,23637,SET 10 CARDS OUT OF ORDER 17216,2.49,2.49,2.49
2443,23638,SET 10 CARDS ROBIN WATERPUMP  17096,2.91,2.91,2.91
2444,23639,SET 10 CARDS MAGICAL TREE 17086,3.33,3.33,3.33
2445,23640,SET 10 CARDS SCOTTIE DOG 17211,2.49,2.49,2.49
2446,23643,SET 10 CARDS CHRISTMAS BAUBLE 16954,3.33,3.33,3.33
2447,23644,SET 10 CARDS CHRISTMAS TREE 16955,3.33,3.33,3.33
2448,23645,SET 10 CHRISTMAS CARDS HOHOHO 16956,2.49,2.49,2.49
2449,23646,SET 10 CARDS JINGLE BELLS 16957,2.49,2.49,2.49
2450,23649,SET 10 CARDS DECK THE HALLS 16960,2.49,2.49,2.49
2451,23650,SET 10 CARDS FILIGREE BAUBLE 16961,2.49,2.49,2.49
2452,23652,SET 10 CARD CHRISTMAS STAMPS 16963,2.91,2.91,2.91
2453,23654,SET 10 CARD SNOWMAN 16965,2.49,2.49,2.49
2454,23660,HENRIETTA HEN MUG,1.65,2.19,4.13
2455,23661,MILK MAIDS MUG,1.65,2.17,4.13
2456,23664,FLOWER SHOP DESIGN MUG,1.65,1.65,1.65
2457,23681,LUNCH BAG RED VINTAGE DOILY,1.45,1.87,4.13
2458,23691,WRAP KEEP CALM BIRTHDAY,0.36,0.42,0.42
2459,23692,WRAP A PRETTY THANK YOU,0.42,0.42,0.42
2460,23694,PAISLEY PARK CARD,0.36,0.59,0.83
2461,23695,DOILY THANK YOU CARD,0.36,0.5,0.83
2462,23697,A PRETTY THANK YOU CARD,0.36,0.52,0.83
2463,23702,High Resolution Image,1.5,8.5,21.0
2464,23843,"PAPER CRAFT , LITTLE BIRDIE",2.08,2.08,2.08
2465,35001G,HAND OPEN SHAPE GOLD,1.25,3.7,4.25
2466,35001W,HAND OPEN SHAPE DECO.WHITE,2.0,3.15,3.49
2467,35004B,SET OF 3 BLACK FLYING DUCKS,1.95,6.13,12.72
2468,35004C,SET OF 3 COLOURED  FLYING DUCKS,4.65,5.18,5.45
2469,35004G,SET OF 3 GOLD FLYING DUCKS,1.95,5.2,6.35
2470,35004P,SET OF 3 PINK FLYING DUCKS,5.45,5.45,5.45
2471,35095A,BLUE VICTORIAN FABRIC OVAL BOX,0.29,0.69,0.84
2472,35095B,RED VICTORIAN FABRIC OVAL BOX,0.29,0.66,0.84
2473,35241,ENAMEL BLUE RIM BISCUIT BIN,4.13,5.91,10.17
2474,35265,COLOURFUL FLOWER FRUIT BOWL,1.0,2.29,6.95
2475,35271S,GOLD PRINT PAPER BAG,0.19,0.19,0.19
2476,35400,WOODEN BOX ADVENT CALENDAR,7.95,8.8,8.95
2477,35443,RASTA IN BATH W SPLIFF ASHTRAY,0.85,0.85,0.85
2478,35471D,SET OF 3 BIRD LIGHT PINK FEATHER,0.39,0.92,2.51
2479,35591T,TURQUOISE CHRISTMAS TREE,1.25,1.25,1.25
2480,35597A,DUSTY PINK CHRISTMAS TREE 30CM,1.25,1.25,1.25
2481,35597B,BLACKCHRISTMAS TREE 30CM,1.25,1.25,1.25
2482,35597D,PINK/WHITE CHRISTMAS TREE 30CM,0.38,0.38,0.38
2483,35598A,DUSTY PINK CHRISTMAS TREE 60CM,2.95,2.95,2.95
2484,35598B,BLACK CHRISTMAS TREE 60CM,0.65,1.93,6.77
2485,35598C,WHITE CHRISTMAS TREE 60CM,2.95,2.95,2.95
2486,35598D,PINK/WHITE CHRISTMAS TREE 60CM,0.65,1.48,2.51
2487,35599B,BLACK CHRISTMAS TREE 120CM,1.95,3.46,8.49
2488,35599D,PINK AND WHITE CHRISTMAS TREE 120CM,1.95,4.02,5.91
2489,35607A,PINK FLUFFY CHRISTMAS DECORATION,0.19,0.91,1.63
2490,35607B,BLACK FEATHER CHRISTMAS DECORATION,0.19,0.19,0.19
2491,35609A,PINK FEATHER CHRISTMAS DECORATION,2.51,2.51,2.51
2492,35610A,PINK CHRISTMAS FLOCK DROPLET,1.25,2.09,2.51
2493,35610B,BLACK CHRISTMAS FLOCK DROPLET,1.25,1.25,1.25
2494,35610C,WHITE CHRISTMAS FLOCK DROPLET,1.25,1.88,2.51
2495,35637A,IVORY STRING CURTAIN WITH POLE,1.95,4.99,19.53
2496,35637C,PINK STRING CURTAIN WITH POLE,1.95,6.21,19.13
2497,35638A,PINK AND BLACK STRING CURTAIN,1.95,3.55,5.95
2498,35638B,PINK/BLUE STRING CURTAIN,1.95,5.39,19.13
2499,35645,VINTAGE BEAD PINK JEWEL BOX,4.25,4.25,4.25
2500,35646,VINTAGE BEAD PINK EVENING BAG,1.25,2.04,8.47
2501,35647,VINTAGE BEAD PINK SHADE,1.25,1.25,1.25
2502,35648,VINTAGE BEAD PINK PURSE,0.83,1.46,5.91
2503,35649,VINTAGE BEAD COSMETIC BAG,2.46,2.7,6.63
2504,35650,VINTAGE BEAD PINK JEWEL STAND,4.95,4.95,4.95
2505,35651,VINTAGE BEAD PINK SCARF,1.65,2.88,16.13
2506,35653,VINTAGE BEAD NOTEBOOK,2.46,3.35,5.91
2507,35809A,ENAMEL PINK TEA CONTAINER,0.83,2.21,4.21
2508,35809B,ENAMEL BLUE RIM TEA CONTAINER,0.83,1.68,2.1
2509,35810A,ENAMEL PINK COFFEE CONTAINER,0.83,1.66,4.21
2510,35810B,ENAMEL BLUE RIM COFFEE CONTAINER,0.83,1.63,4.21
2511,35815P,"ACRYLIC JEWEL SNOWFLAKE, PINK",0.38,0.72,2.1
2512,35816P,"ACRYLIC JEWEL ANGEL,PINK",0.38,0.38,0.38
2513,35817P,PINK ACRYLIC JEWEL SNOWFLAKE,0.38,1.46,2.55
2514,35818B,"ACRYLIC JEWEL ICICLE, BLUE",0.38,0.38,0.38
2515,35818P,"ACRYLIC JEWEL ICICLE, PINK",0.38,0.69,3.36
2516,35819B,"ACRYLIC HANGING JEWEL,BLUE",0.38,0.54,2.51
2517,35819P,"ACRYLIC HANGING JEWEL,PINK",0.38,0.5,1.25
2518,35832,WOOLLY HAT SOCK GLOVE ADVENT STRING,2.95,2.95,2.95
2519,35833G,4 GOLD FLOCK CHRISTMAS BALLS,3.36,3.36,3.36
2520,35833P,4 PINK FLOCK CHRISTMAS BALLS,1.25,2.3,3.36
2521,35909A,RABBIT EASTER DECORATION,2.95,2.95,2.95
2522,35909B,PINK FLOWERS RABBIT EASTER,2.95,2.95,2.95
2523,35910A,MULTICOLOUR EASTER RABBIT,1.95,1.95,1.95
2524,35910B,PINK FLOWERS RABBIT EASTER,1.95,1.95,1.95
2525,35911A,MULTICOLOUR RABBIT EGG WARMER,0.83,0.97,4.13
2526,35911B,PINK/FLOWER RABBIT EGG WARMER,0.43,1.14,2.1
2527,35912B,WHITE/PINK CHICK DECORATION,1.06,1.68,5.79
2528,35913B,WHITE/PINK CHICK EASTER DECORATION,0.85,1.09,3.29
2529,35914,PINK CHICK EGG WARMER + EGG CUP,0.83,1.11,4.21
2530,35915B,BLUE KNITTED HEN,0.83,1.06,1.65
2531,35915C,PEACH KNITTED HEN,0.83,1.05,3.36
2532,35916A,YELLOW FELT HANGING HEART W FLOWER,0.63,0.79,1.66
2533,35916B,BLUE FELT HANGING HEART WITH FLOWER,0.63,0.76,1.66
2534,35916C,PINK FELT HANGING HEART W FLOWER,0.63,0.89,1.66
2535,35920,FOUR RABBIT EASTER DECORATIONS,1.25,1.99,4.96
2536,35921,EASTER BUNNY HANGING GARLAND,1.25,2.95,4.96
2537,35922,EASTER BUNNY WREATH,4.95,4.95,4.95
2538,35923,CANDY HEART HANGING DECORATION,0.39,0.77,2.51
2539,35924,HANGING FAIRY CAKE DECORATION,1.63,2.49,4.21
2540,35933,PINK STOCKING CHRISTMAS DECORATION,0.38,0.65,4.21
2541,35953,FOLKART STAR CHRISTMAS DECORATIONS,0.39,0.59,8.47
2542,35954,SMALL FOLKART STAR CHRISTMAS DEC,0.19,0.86,3.36
2543,35957,SMALLFOLKART BAUBLE CHRISTMAS DEC,0.19,1.4,1.66
2544,35958,FOLKART ZINC STAR CHRISTMAS DEC,0.85,0.85,0.85
2545,35961,FOLKART ZINC HEART CHRISTMAS DEC,0.72,1.13,1.66
2546,35964,FOLKART CLIP ON STARS,0.39,0.85,2.1
2547,35965,FOLKART HEART NAPKIN RINGS,0.55,2.37,3.36
2548,35966,FOLKART CHRISTMAS TREE T-LIGHT HOLD,0.38,0.38,0.38
2549,35967,FOLK ART METAL STAR T-LIGHT HOLDER,0.38,0.73,1.66
2550,35968,FOLK ART METAL HEART T-LIGHT HOLDER,0.2,0.44,1.63
2551,35970,ZINC FOLKART SLEIGH BELLS,1.49,2.41,8.33
2552,35971,ROSE FOLKART HEART DECORATIONS,0.42,1.8,2.51
2553,35972,DAISY FOLKART HEART DECORATION,1.25,1.25,1.25
2554,37327,ASSTD MULTICOLOUR CIRCLES MUG,0.39,1.64,16.13
2555,37330,BIG POLKADOT MUG,0.39,0.39,0.39
2556,37333,"RETRO ""TEA FOR ONE""",1.95,5.61,10.79
2557,37340,MULTICOLOUR SPRING FLOWER MUG,0.39,2.63,8.47
2558,37342,POLKADOT COFFEE CUP & SAUCER PINK,0.79,1.54,5.79
2559,37343,POLKADOT MUG PINK,0.39,2.21,3.36
2560,37351,ORANGE FLOWER MUG,0.39,0.82,1.25
2561,37370,RETRO COFFEE MUGS ASSORTED,1.06,5.3,16.13
2562,37379A,PINK CHERRY BLOSSOM CUP & SAUCER,1.25,1.25,1.25
2563,37413,ICON MUG REVOLUTIONARY,0.39,0.41,1.25
2564,37423,WHITE WITH BLACK CATS PLATE,0.39,0.54,0.85
2565,37444A,YELLOW BREAKFAST CUP AND SAUCER,0.39,2.04,5.91
2566,37444B,BLUE BREAKFAST CUP AND SAUCER,2.95,2.95,2.95
2567,37444C,PINK BREAKFAST CUP AND SAUCER,0.39,2.47,5.91
2568,37446,MINI CAKE STAND WITH HANGING CAKES,1.25,1.75,3.36
2569,37447,CERAMIC CAKE DESIGN SPOTTED PLATE,1.25,2.07,3.36
2570,37448,CERAMIC CAKE DESIGN SPOTTED MUG,1.25,1.78,3.29
2571,37449,CERAMIC CAKE STAND + HANGING CAKES,6.75,9.84,21.23
2572,37450,CERAMIC CAKE BOWL + HANGING CAKES,2.55,3.6,5.91
2573,37461,FUNKY MONKEY MUG,1.25,1.25,1.25
2574,37462E,"PET MUG, GOLDFISH",0.19,0.64,0.84
2575,37464,ROBOT MUG IN DISPLAY BOX,1.25,1.25,1.25
2576,37467,PIG MUG IN TWO COLOUR DESIGNS,0.39,1.44,4.21
2577,37468,HARDMAN MUG 3 ASSORTED,0.39,0.93,7.46
2578,37471,MULTICOLOUR POLKADOT PLATE,0.85,2.78,6.63
2579,37474,SET/4 2 TONE EGG SHAPE MIXING BOWLS,9.95,9.95,9.95
2580,37475,SET/4 COLOURFUL MIXING BOWLS,8.29,9.83,20.38
2581,37476,CONDIMENT TRAY 4 BOWLS AND 4 SPOONS,8.29,11.49,18.68
2582,37479B,CUBIC MUG FLOCK BLUE ON BROWN,0.39,1.57,5.79
2583,37479P,CUBIC MUG FLOCK PINK ON BROWN,0.39,2.23,16.98
2584,37482P,CUBIC MUG PINK POLKADOT,0.39,2.75,16.98
2585,37487B,YELLOW/ORANGE FLOWER DESIGN PLATE,0.29,0.29,0.29
2586,37488A,YELLOW PINK FLOWER DESIGN BIG BOWL,0.39,0.39,0.39
2587,37489A,YELLOW/PINK FLOWER DESIGN BIG MUG,0.39,0.49,1.95
2588,37489B,BLUE/YELLOW FLOWER DESIGN BIG MUG,0.39,0.65,1.95
2589,37489C,GREEN/BLUE FLOWER DESIGN BIG MUG,0.39,0.78,1.95
2590,37489D,PINK/GREEN FLOWER DESIGN BIG MUG,0.39,0.48,1.95
2591,37491A,YELLOW/PINK CERAMIC CANDLE HOLDER,3.29,3.31,3.36
2592,37491B,BLUE/YELLOW CERAMIC CANDLE HOLDER,1.65,1.65,1.65
2593,37491C,GREEN/BLUE CERAMIC CANDLE HOLDER,1.65,1.65,1.65
2594,37491D,PURPLE/BLUE CERAMIC CANDLE HOLDER,1.65,2.47,3.29
2595,37495,FAIRY CAKE BIRTHDAY CANDLE SET,2.95,3.99,7.62
2596,37500,TEA TIME TEAPOT IN GIFT BOX,4.95,7.24,21.23
2597,37501,TEA TIME TEA SET IN GIFT BOX,5.79,6.68,14.43
2598,37503,TEA TIME CAKE STAND IN GIFT BOX,10.75,10.75,10.75
2599,37509,NEW ENGLAND MUG W GIFT BOX,2.55,2.55,2.55
2600,40001,WHITE BAMBOO RIBS LAMPSHADE,0.64,1.04,1.66
2601,40003,WHITE BAMBOO RIBS LAMPSHADE,0.95,1.64,3.29
2602,40005B,BLUE ORGANDY ROUND LAMPSHADE W BEA,0.85,0.85,0.85
2603,40016,CHINESE DRAGON PAPER LANTERNS,0.25,2.28,8.47
2604,40046A,RED DAISY PAPER LAMPSHADE,1.25,1.25,1.25
2605,44089A,PINK GAUZE BUTTERFLY LAMPSHADE,0.42,0.42,0.42
2606,44089C,LILAC GAUZE BUTTERFLY LAMPSHADE,0.42,0.42,0.42
2607,44091A,BLUE CRUSOE CHECK LAMPSHADE,0.42,0.42,0.42
2608,44092B,BLUE WHITE PLASTIC RINGS LAMPSHADE,0.85,0.85,0.85
2609,44092C,PURPLE/COPPER HANGING LAMPSHADE,0.85,0.85,0.85
2610,44228,CANNABIS LEAF BEAD CURTAIN,0.85,0.85,0.85
2611,44234,ASSORTED CIRCULAR MOBILE,0.18,0.42,1.66
2612,44235,ASSORTED COLOURED CIRCLE MOBILE,0.36,0.42,0.42
2613,44236,PINK/PURPLE CIRCLE CURTAIN,0.79,1.34,4.65
2614,44242A,LILAC FEATHERS CURTAIN,0.79,0.79,0.79
2615,44242B,PINK FEATHERS CURTAIN,0.79,0.94,1.25
2616,44265,M/COLOUR POM-POM CURTAIN,4.25,4.25,4.25
2617,45013,FOLDING SHOE TIDY,2.95,2.95,2.95
2618,46000M,POLYESTER FILLER PAD 45x45cm,1.55,1.55,1.55
2619,46000P,POLYESTER FILLER PAD 65CMx65CM,4.25,4.25,4.25
2620,46000R,POLYESTER FILLER PAD 45x30cm,1.45,1.45,1.45
2621,46000S,POLYESTER FILLER PAD 40x40cm,1.45,1.45,1.45
2622,46000U,POLYESTER FILLER PAD 30CMx30CM,1.25,1.25,1.25
2623,46115B,GREEN POP ART MAO CUSHION COVER,0.19,0.19,0.19
2624,46118,FUNKY MONKEY CUSHION COVER,0.85,2.81,8.47
2625,46126A,ELVIS WALLHANGING / CURTAIN,1.25,1.55,2.46
2626,46138B,BLUE CHENILLE SHAGGY CUSHION COVER,0.85,1.01,1.95
2627,46775D,SUNSET COLOUR CHUNKY KNITTED THROW,8.29,11.51,16.95
2628,46776A,WOVEN BUBBLE GUM CUSHION COVER,4.13,4.2,4.95
2629,46776B,WOVEN BERRIES CUSHION COVER,4.13,4.21,4.95
2630,46776C,WOVEN FROST CUSHION COVER,4.13,4.22,4.95
2631,46776D,WOVEN SUNSET CUSHION COVER,4.13,4.2,4.95
2632,46776E,WOVEN CANDY CUSHION COVER,4.13,4.24,4.95
2633,46776F,WOVEN ROSE GARDEN CUSHION COVER,4.13,4.21,4.95
2634,47013A,WINE BOTTLE DRESSING LT.BLUE,0.12,0.2,0.29
2635,47013C,WINE BOTTLE DRESSING DARK BLUE,0.12,0.41,0.83
2636,47016,LIGHT DECORATION BATTERY OPERATED,2.1,2.1,2.1
2637,47021G,SET/6 BEAD COASTERS GAUZE BAG GOLD,0.39,1.9,5.06
2638,47310M,SMALL POP BOX FUNKY MONKEY,1.05,1.57,3.36
2639,47341A,FUSCHIA TABLE RUN FLOWER,1.25,1.75,3.75
2640,47341B,BLUE TABLE RUN FLOWER,1.25,1.25,1.25
2641,47343A,FUSCHIA FLOWER PURSE WITH BEADS,0.83,0.97,1.49
2642,47344B,BLUE FLOWER DES PURSE,0.83,0.97,1.25
2643,47348A,FUSCHIA VOILE POINTY SHOE DEC,0.39,0.7,1.95
2644,47351B,BLUE  VOILE LAMPSHADE,2.55,2.87,2.95
2645,47367B,PAIR PADDED HANGERS PINK CHECK,2.95,3.4,3.75
2646,47369A,PINK GREEN EMBROIDERY COSMETIC BAG,1.63,2.93,5.91
2647,47369B,BLUE GREEN EMBROIDERY COSMETIC BAG,1.63,3.26,5.79
2648,47420,ASSORTED COLOUR SUCTION CUP HOOK,0.19,0.19,0.19
2649,47421,ASSORTED COLOUR LIZARD SUCTION HOOK,0.36,0.42,0.42
2650,47422,ASSORTED MONKEY SUCTION CUP HOOK,0.36,0.42,0.42
2651,47469,ASSORTED SHAPES PHOTO CLIP SILVER,0.42,0.64,0.65
2652,47471,RAINBOW PEGS PHOTO CLIP STRING,0.53,1.0,1.49
2653,47480,HANGING PHOTO CLIP ROPE LADDER,1.45,2.42,3.36
2654,47481,50CM METAL STRING WITH  7 CLIPS,0.68,1.06,2.13
2655,47503A,ASS FLORAL PRINT MULTI SCREWDRIVER,0.42,0.51,1.25
2656,47503H,ASS FLORAL PRINT SPIRIT LEVEL,0.79,1.5,4.21
2657,47503J,SET/3 FLORAL GARDEN TOOLS IN BAG,7.95,7.95,7.95
2658,47504H,ENGLISH ROSE SPIRIT LEVEL,0.79,1.72,7.46
2659,47504K,ENGLISH ROSE GARDEN SECATEURS,0.79,1.55,8.47
2660,47518F,ICON PLACEMAT POP ART ELVIS,0.12,0.75,4.21
2661,47556B,TEA TIME TEA TOWELS,2.1,2.33,2.55
2662,47559B,TEA TIME OVEN GLOVE,1.06,1.62,3.36
2663,47563A,RETRO LONGBOARD IRONING BOARD COVER,1.25,2.57,7.46
2664,47566,PARTY BUNTING,3.74,5.79,15.79
2665,47566B,TEA TIME PARTY BUNTING,0.7,6.12,10.79
2666,47567B,TEA TIME KITCHEN APRON,4.65,6.32,12.72
2667,47570B,TEA TIME TABLE CLOTH,8.49,12.03,21.23
2668,47574A,ENGLISH ROSE SCENTED HANGING FLOWER,0.75,1.89,4.25
2669,47574B,ENGLISH ROSE SCENTED HANGING HEART,4.25,4.25,4.25
2670,47578A,ENGLISH ROSE SMALL SCENTED FLOWER,0.85,1.16,1.63
2671,47579,TEA TIME BREAKFAST BASKET,2.1,2.1,2.1
2672,47580,TEA TIME DES TEA COSY,2.1,3.29,5.91
2673,47585A,PINK FAIRY CAKE CUSHION COVER,3.75,4.85,10.17
2674,47586A,PINK FAIRY CAKE CUSHION COVER,2.55,2.55,2.55
2675,47589,CONGRATULATIONS BUNTING,5.45,5.45,5.45
2676,47590A,BLUE HAPPY BIRTHDAY BUNTING,4.65,5.86,11.02
2677,47590B,PINK HAPPY BIRTHDAY BUNTING,4.65,5.92,11.02
2678,47591B,SCOTTIES CHILDRENS APRON,1.63,1.69,4.13
2679,47591D,PINK FAIRY CAKE CHILDRENS APRON,1.65,2.47,5.06
2680,47593A,CAROUSEL PONIES BABY BIB,0.29,0.59,1.25
2681,47593B,SCOTTIE DOGS BABY BIB,0.39,0.7,1.25
2682,47594A,CAROUSEL DESIGN WASHBAG,1.63,1.92,4.21
2683,47594B,SCOTTIES DESIGN WASHBAG,1.63,1.91,4.13
2684,47599A,PINK PARTY BAGS,1.69,2.28,4.21
2685,47599B,BLUE PARTY BAGS,1.69,2.18,4.13
2686,48111,DOORMAT 3 SMILEY CATS,4.58,9.61,15.79
2687,48116,DOORMAT MULTICOLOUR STRIPE,4.58,9.65,15.79
2688,48129,DOORMAT TOPIARY,4.58,8.75,15.79
2689,48138,DOORMAT UNION FLAG,4.58,8.88,16.98
2690,48173C,DOORMAT BLACK FLOCK,4.58,8.5,16.98
2691,48184,DOORMAT ENGLISH ROSE,4.58,8.64,15.79
2692,48185,DOORMAT FAIRY CAKE,4.58,10.1,16.63
2693,48187,DOORMAT NEW ENGLAND,4.58,8.46,16.98
2694,48188,DOORMAT WELCOME PUPPIES,4.58,8.81,16.98
2695,48189,DOORMAT FRIENDSHIP,16.63,16.71,16.98
2696,48194,DOORMAT HEARTS,4.58,9.24,15.79
2697,51008,AFGHAN SLIPPER SOCK PAIR,2.95,3.43,3.45
2698,51014A,"FEATHER PEN,HOT PINK",0.2,0.66,1.66
2699,51014C,"FEATHER PEN,COAL BLACK",0.39,0.71,1.66
2700,51014L,"FEATHER PEN,LIGHT PINK",0.2,0.65,1.66
2701,51020A,SUMMER FUN DESIGN SHOWER CAP,0.29,0.54,1.25
2702,51020B,STRIPY DESIGN SHOWER CAP,0.29,0.65,1.25
2703,62018,SOMBRERO,1.25,1.81,1.95
2704,62043B,BLUE CHECK BAG W HANDLE 34X20CM,0.83,0.83,0.83
2705,62074B,ELEPHANT CLIP W SUCTION CUP,0.42,0.42,0.42
2706,62086A,PINK RETRO BIG FLOWER BAG,1.95,1.95,1.95
2707,62094B,TURQ ICE CREAM BUM BAG,2.55,4.08,5.06
2708,62096A,PINK/YELLOW FLOWERS HANDBAG,1.25,1.25,1.25
2709,62096B,PURPLE/TURQ FLOWERS HANDBAG,1.25,1.25,1.25
2710,62097B,BLUE STRIPES SHOULDER BAG,0.83,0.83,0.83
2711,70006,LOVE HEART POCKET WARMER,0.42,1.72,3.36
2712,70007,HI TEC ALPINE HAND WARMER,0.42,2.12,3.36
2713,71038,WHITE HANGING BEADS CANDLE HOLDER,4.65,5.4,5.45
2714,71050,SMALL SINGLE FLAME CANDLE HOLDER,0.35,0.35,0.35
2715,71053,WHITE METAL LANTERN,3.39,4.8,8.47
2716,71101E,STANDING FAIRY POLE SUPPORT,0.72,0.83,0.85
2717,71143,SILVER BOOK MARK WITH BEADS,0.83,1.64,2.51
2718,71215,METAL BASE FOR CANDLES,0.42,0.42,0.42
2719,71270,PHOTO CLIP LINE,1.25,1.71,2.51
2720,71279,PINK GLASS CANDLEHOLDER,2.55,3.61,5.91
2721,71403,"PINK/WHITE ""KEEP CLEAN"" BULLET BIN",2.95,4.5,5.91
2722,71406C,BLACK ORANGE SQUEEZER,0.42,0.42,0.42
2723,71459,HANGING JAM JAR T-LIGHT HOLDER,0.72,0.94,1.69
2724,71477,COLOUR GLASS. STAR T-LIGHT HOLDER,2.75,3.96,6.77
2725,71495A,CD WALL TIDY BLUE OFFICE,0.36,0.71,0.84
2726,71495B,CD WALL TIDY RED FLOWERS,0.36,0.55,0.83
2727,71496A,A4 WALL TIDY BLUE OFFICE,0.53,1.09,1.49
2728,71496B,A4 WALL TIDY RED FLOWERS,0.53,0.56,0.65
2729,71510,SQUARE METAL CANDLEHOLDER BASE,0.53,0.81,0.85
2730,72024U,LILAC VOTIVE CANDLE,0.21,0.21,0.21
2731,72051S,BAG OF SILVER STONES,0.42,0.67,0.84
2732,72122,COFFEE SCENT PILLAR CANDLE,0.95,1.19,1.91
2733,72127,COLUMBIAN CANDLE ROUND,1.06,1.28,2.51
2734,72128,COLUMBIAN CANDLE ROUND,0.64,0.9,1.63
2735,72130,COLUMBIAN CANDLE ROUND,0.53,0.74,1.66
2736,72131,COLUMBIAN CANDLE RECTANGLE,1.65,1.9,1.95
2737,72132,COLUMBIAN CUBE CANDLE,1.95,1.95,1.95
2738,72133,COLUMBIAN CANDLE RECTANGLE,1.25,1.46,2.46
2739,72134,COLUMBIAN  CUBE CANDLE,0.42,0.99,1.66
2740,72140E,BEST DAD CANDLE LETTERS,0.85,0.85,0.85
2741,72225C,LAVENDER SCENT CAKE CANDLE,0.21,0.28,0.29
2742,72232,FENG SHUI PILLAR CANDLE,0.19,0.19,0.19
2743,72349B,SET/6 PURPLE BUTTERFLY T-LIGHTS,1.69,3.17,4.21
2744,72351A,SET/6 TURQUOISE BUTTERFLY T-LIGHTS,1.69,2.43,4.21
2745,72351B,SET/6 PINK  BUTTERFLY T-LIGHTS,1.69,2.38,4.21
2746,72369A,PINK CLEAR GLASS CANDLE PLATE,1.25,1.65,2.46
2747,72586,SET OF 6 HALLOWEEN GHOST T-LIGHTS,0.42,0.65,0.85
2748,72598,SET/12 TAPER CANDLES,0.64,1.27,1.66
2749,72709,IVORY SCULPTED RND CANDLE,0.85,0.85,0.85
2750,72741,GRAND CHOCOLATECANDLE,1.25,1.6,2.82
2751,72760B,VINTAGE CREAM 3 BASKET CAKE STAND,4.65,11.05,21.23
2752,72780,BLACK SILOUETTE CANDLE PLATE,0.85,0.85,0.85
2753,72783,BLACK SIL'T SQU CANDLE PLATE,2.1,2.1,2.1
2754,72798C,SET/4 GARDEN ROSE DINNER CANDLE,1.65,1.65,1.65
2755,72799C,PINK PILLAR CANDLE SILVER FLOCK,0.79,2.42,5.79
2756,72799E,IVORY PILLAR CANDLE SILVER FLOCK,0.79,2.83,3.36
2757,72799F,IVORY PILLAR CANDLE GOLD FLOCK,2.55,3.04,3.36
2758,72800B,4 PURPLE FLOCK DINNER CANDLES,0.79,2.45,5.06
2759,72800C,4 PINK DINNER CANDLE SILVER FLOCK,0.79,2.64,4.96
2760,72800D,4 BLUE DINNER CANDLES SILVER FLOCK,2.55,2.71,4.96
2761,72800E,4 IVORY DINNER CANDLES SILVER FLOCK,0.79,2.6,3.36
2762,72801C,4 ROSE PINK DINNER CANDLES,1.06,2.07,2.51
2763,72801D,4 SKY BLUE DINNER CANDLES,1.25,2.21,2.51
2764,72801G,4 BURGUNDY WINE DINNER CANDLES,1.25,1.34,2.46
2765,72802A,ROSE SCENT CANDLE IN JEWELLED BOX,3.81,4.81,8.29
2766,72802B,OCEAN SCENT CANDLE IN JEWELLED BOX,0.5,4.07,8.47
2767,72802C,VANILLA SCENT CANDLE JEWELLED BOX,0.5,4.47,8.47
2768,72803A,ROSE SCENT CANDLE JEWELLED DRAWER,0.5,4.26,8.47
2769,72803B,OCEAN SCENT CANDLE JEWELLED DRAWER,8.47,8.47,8.47
2770,72807A,SET/3 ROSE CANDLE IN JEWELLED BOX,3.81,5.77,8.47
2771,72807B,SET/3 OCEAN SCENT CANDLE JEWEL BOX,3.81,5.46,8.47
2772,72807C,SET/3 VANILLA SCENTED CANDLE IN BOX,3.81,5.32,8.47
2773,72811,SMALL ZINC/GLASS CANDLEHOLDER,1.25,1.82,2.92
2774,72812,LARGE ZINC GLASS CANDLEHOLDER,2.1,3.76,4.13
2775,72815,3 WICK CHRISTMAS BRIAR CANDLE,3.75,5.32,8.47
2776,72816,SET/3 CHRISTMAS DECOUPAGE CANDLES,0.95,1.92,2.51
2777,72817,SET OF 2 CHRISTMAS DECOUPAGE CANDLE,0.79,1.24,4.21
2778,72818,CHRISTMAS DECOUPAGE CANDLE,0.39,0.77,1.66
2779,72819,CUPID DESIGN SCENTED CANDLES,1.25,2.92,5.06
2780,72821,CUPID SCENTED CANDLE IN GLASS,1.65,1.65,1.65
2781,75011,BLUE DAISY MOBILE,0.79,0.8,0.85
2782,75013B,"STRING OF 8 BUTTERFLIES,PINK",1.65,1.65,1.65
2783,75049L,LARGE CIRCULAR MIRROR MOBILE,0.85,1.61,2.51
2784,75131,METAL TUBE CHIME ON BAMBOO,1.0,1.8,3.36
2785,75172,PAINTED SEA SHELL METAL WINDCHIME,0.79,1.53,3.75
2786,75178,ASSTD COL BUTTERFLY/CRYSTAL W/CHIME,0.42,1.34,2.51
2787,77079,DOLPHIN WINDMILL,2.12,2.12,2.12
2788,77101A,UNION FLAG WINDSOCK,1.06,1.34,2.51
2789,78033,FLAG OF ST GEORGE CHAIR,4.25,5.61,5.95
2790,78034B,BLUE NETTING STORAGE HANGER,1.95,1.95,1.95
2791,78124,MAGAZINE RACK GEBRA ASSORTED,1.25,1.33,2.75
2792,79000,MOROCCAN TEA GLASS,0.65,1.01,1.69
2793,79026B,"S/4 ICON COASTER,ELVIS LIVES",0.39,0.49,1.25
2794,79030D,TUMBLER BAROQUE,0.39,1.45,12.72
2795,79030G,TUMBLER NEW ENGLAND,0.39,1.88,12.72
2796,79051A,SMOKEY GREY COLOUR D.O.F. GLASS,0.29,0.38,0.97
2797,79062D,"RETRO TIN ASHTRAY,REVOLUTIONARY",0.29,0.38,0.65
2798,79063C,"RETRO PILL BOX KEY CHAIN,THE KING",0.18,0.19,0.19
2799,79063D,"RETRO PILL BOX , REVOLUTIONARY",0.18,0.21,0.42
2800,79066K,RETRO MOD TRAY,0.64,1.11,1.66
2801,79067,CORONA MEXICAN TRAY,2.95,5.87,8.47
2802,79071B,ENGLISH ROSE METAL WASTE BIN,2.95,2.95,2.95
2803,79144B,PAINTED LIGHTBULB STAR+ MOON,0.37,0.71,0.84
2804,79144C,PAINTED LIGHTBULB RAINBOW DESIGN,0.37,0.78,0.84
2805,79149B,SILICON STAR BULB  BLUE,0.42,0.42,0.42
2806,79151B,"SILICON CUBE 25W, BLUE",0.42,0.42,0.42
2807,79157B,UBO-LIGHT TRIOBASE BLUE,0.85,0.85,0.85
2808,79157V,UBO-LIGHT TRIOBASE PURPLE,0.85,0.85,0.85
2809,79160,HEART SHAPE WIRELESS DOORBELL,1.69,2.08,3.29
2810,79161A,ST GEORGE SET OF 10 PARTY LIGHTS,2.95,2.95,2.95
2811,79163,BLACK CHAMPAGNE GLASS,0.39,0.52,1.65
2812,79164,BLACK WINE GLASS,0.39,0.69,1.65
2813,79190A,RETRO PLASTIC 70'S TRAY,0.42,0.61,0.85
2814,79190B,RETRO PLASTIC POLKA TRAY,0.32,0.57,0.85
2815,79190D,RETRO PLASTIC DAISY TRAY,0.42,0.61,0.85
2816,79191B,RETRO PLASTIC POLKA TRAY,0.85,0.93,1.66
2817,79191C,RETRO PLASTIC ELEPHANT TRAY,0.63,0.84,0.85
2818,79191D,RETRO PLASTIC DAISY TRAY,0.85,1.27,1.66
2819,79192A,RETRO PLASTIC 70'S TRAY,1.25,1.25,1.25
2820,79302M,"ART LIGHTS,FUNK MONKEY",2.55,3.55,5.91
2821,79320,FLAMINGO LIGHTS,4.95,4.95,4.95
2822,79321,CHILLI LIGHTS,3.82,6.78,17.88
2823,79323B,BLACK CHERRY LIGHTS,6.75,6.75,6.75
2824,79323P,PINK CHERRY LIGHTS,6.75,6.75,6.75
2825,79323W,WHITE CHERRY LIGHTS,6.75,6.75,6.75
2826,79329,PINK FLOCK GLASS CANDLEHOLDER,0.38,1.01,1.65
2827,79331,PINK FLOCK GLASS CANDLEHOLDER,0.38,0.8,1.65
2828,79336,LIGHT PINK FLOCK GLASS CANDLEHOLDER,0.38,0.38,0.38
2829,79337,BLUE FLOCK GLASS CANDLEHOLDER,0.38,0.61,1.65
2830,79403,FROSTED WHITE BASE,0.85,1.06,1.66
2831,79406,FROSTED WHITE BASE,0.22,0.37,0.83
2832,81950B,FLOWER BLUE CLOCK WITH SUCKER,0.29,0.29,0.29
2833,81950V,FLOWER PURPLE CLOCK W/SUCKER,0.29,0.57,0.85
2834,81952B,ROUND BLUE CLOCK WITH SUCKER,0.19,0.19,0.19
2835,81952V,ROUND PURPLE CLOCK WITH SUCKER,0.19,0.19,0.19
2836,81953B,ROUND BLUE CLOCK WITH SUCKER,0.19,0.19,0.19
2837,81953P,ROUND ARTICULATED PINK CLOCK W/SUCK,0.19,0.19,0.19
2838,82001S,VINYL RECORD FRAME SILVER,3.39,4.92,7.62
2839,82011A,"BATHROOM SCALES, TROPICAL BEACH",3.75,3.75,3.75
2840,82011B,BATHROOM SCALES RUBBER DUCKS,2.95,3.67,3.75
2841,82011C,BATHROOM SCALES FOOTPRINTS IN SAND,2.95,3.67,3.75
2842,82095,HEART BUTTONS JEWELLERY BOX,4.96,5.32,7.65
2843,82482,WOODEN PICTURE FRAME WHITE FINISH,1.89,3.09,5.79
2844,82483,WOOD 2 DRAWER CABINET WHITE FINISH,4.95,6.91,14.13
2845,82484,WOOD BLACK BOARD ANT WHITE FINISH,4.77,8.43,16.63
2846,82486,WOOD S/3 CABINET ANT WHITE FINISH,6.95,9.11,16.63
2847,82494L,WOODEN FRAME ANTIQUE WHITE,2.55,3.56,8.47
2848,82551,LAUNDRY 15C METAL SIGN,1.25,1.76,2.51
2849,82552,WASHROOM METAL SIGN,1.25,1.66,2.51
2850,82567,"AIRLINE LOUNGE,METAL SIGN",1.63,2.01,4.21
2851,82578,KITCHEN METAL SIGN,0.42,0.75,1.28
2852,82580,BATHROOM METAL SIGN,0.42,0.83,1.28
2853,82581,TOILET METAL SIGN,0.42,0.73,1.28
2854,82582,AREA PATROLLED METAL SIGN,1.69,2.39,4.21
2855,82583,HOT BATHS METAL SIGN,1.49,2.94,8.33
2856,82599,FANNY'S REST STOPMETAL SIGN,1.69,2.89,4.21
2857,82600,NO SINGING METAL SIGN,1.69,2.55,4.21
2858,82605,OLD DOC RUSSEL METAL SIGN,2.1,2.1,2.1
2859,82613A,"METAL SIGN,CUPCAKE SINGLE HOOK",1.25,1.5,2.46
2860,82613B,"METAL SIGN,CUPCAKE SINGLE HOOK",0.42,1.52,2.51
2861,82613C,"METAL SIGN,CUPCAKE SINGLE HOOK",0.42,1.48,2.51
2862,82613D,METAL SIGN CUPCAKE SINGLE HOOK,0.42,1.36,2.51
2863,82615,PINK MARSHMALLOW SCARF KNITTING KIT,2.55,2.55,2.55
2864,82616B,FRAPPUCINO SCARF KNITTING KIT,1.25,1.93,2.95
2865,82616C,MIDNIGHT GLAMOUR SCARF KNITTING KIT,1.25,1.91,2.95
2866,84006,MAGIC TREE -PAPER FLOWERS,0.85,1.05,1.66
2867,84012,MAGIC SHEEP WOOL GROWING FROM PAPER,0.85,1.24,5.06
2868,84016,FLAG OF ST GEORGE CAR FLAG,0.42,0.62,0.83
2869,84029E,RED WOOLLY HOTTIE WHITE HEART.,2.95,5.11,13.13
2870,84029G,KNITTED UNION FLAG HOT WATER BOTTLE,3.39,5.19,8.47
2871,84030E,ENGLISH ROSE HOT WATER BOTTLE,3.75,5.35,13.13
2872,84031A,CHARLIE+LOLA RED HOT WATER BOTTLE,1.25,4.58,16.63
2873,84031B,CHARLIE LOLA BLUE HOT WATER BOTTLE,1.25,4.67,16.63
2874,84032A,CHARLIE+LOLA PINK HOT WATER BOTTLE,0.79,3.49,5.91
2875,84032B,CHARLIE + LOLA RED HOT WATER BOTTLE,0.79,3.11,5.91
2876,84033,FLAG OF ST GEORGE,1.65,1.65,1.65
2877,84050,PINK HEART SHAPE EGG FRYING PAN,1.25,2.16,4.21
2878,84051,ASS COLOUR GLOWING TIARAS,0.64,0.87,1.63
2879,84077,WORLD WAR 2 GLIDERS ASSTD DESIGNS,0.11,0.32,0.63
2880,84078A,SET/4 WHITE RETRO STORAGE CUBES,34.95,44.85,76.55
2881,84086B,YELLOW/BLUE RETRO RADIO,2.95,2.95,2.95
2882,84086C,PINK/PURPLE RETRO RADIO,2.46,2.97,4.21
2883,84192,ASSORTED COLOUR METAL CAT,1.25,1.25,1.25
2884,84199,GLOW IN DARK DOLPHINS,0.21,0.21,0.21
2885,84201B,HAPPY BIRTHDAY CARD STRIPEY TEDDY,0.19,0.19,0.19
2886,84201C,HAPPY BIRTHDAY CARD TEDDY/CAKE,0.19,0.19,0.19
2887,84206A,3 BLACK CATS W HEARTS BLANK CARD,0.19,0.19,0.19
2888,84206B,CAT WITH SUNGLASSES BLANK CARD,0.19,0.19,0.19
2889,84206C,CHAMPAGNE TRAY BLANK CARD,0.19,0.19,0.19
2890,84212,"ASSORTED FLOWER COLOUR ""LEIS""",0.42,0.89,4.96
2891,84218,BOX/12 CHICK & EGG IN BASKET,0.81,1.92,1.95
2892,84226,HEN HOUSE W FAMILY IN BARN & NEST,0.64,0.83,0.85
2893,84227,HEN HOUSE W CHICK IN NEST,0.42,0.42,0.42
2894,84228,HEN HOUSE W CHICK STANDING,0.37,0.54,0.84
2895,84231,EASTER BUNNY WITH BASKET ON BACK,0.65,0.73,1.46
2896,84247E,PACK OF 12 CHRISTMAS FUN CARDS,2.46,2.71,2.95
2897,84247G,"DECOUPAGE,GREETING CARD,",0.42,0.54,0.85
2898,84247K,"FOLK ART GREETING CARD,pack/12",2.95,2.95,2.95
2899,84247L,FAWN AND MUSHROOM GREETING CARD,0.42,0.66,0.85
2900,84247N,PACK/12 BLUE FOLKART CARDS,2.95,2.95,2.95
2901,84249A,"GREETING CARD,SQUARE, DOUGHNUTS",0.42,0.66,0.83
2902,84251B,"GREETING CARD, STICKY GORDON",0.19,0.43,0.85
2903,84251C,"GREETING CARD, TWO SISTERS.",0.19,0.52,0.83
2904,84251G,"GREETING CARD, OVERCROWDED POOL.",0.19,0.4,0.85
2905,84270,ASSTD DESIGN BUBBLE GUM RING,0.21,0.21,0.21
2906,84279B,CHERRY BLOSSOM DECORATIVE FLASK,3.39,4.5,8.29
2907,84279P,CHERRY BLOSSOM  DECORATIVE FLASK,3.39,4.8,8.47
2908,84306,S/3 PINK SQUARE PLANTERS ROSES,8.29,8.88,10.95
2909,84313B,BLUE TV TRAY TABLE,1.95,6.11,16.98
2910,84313C,ORANGE TV TRAY TABLE,1.95,4.0,16.98
2911,84341B,SMALL PINK MAGIC CHRISTMAS TREE,0.38,0.68,1.66
2912,84347,ROTATING SILVER ANGELS T-LIGHT HLDR,0.03,3.4,5.95
2913,84352,SILVER CHRISTMAS TREE BAUBLE STAND,14.95,17.45,34.0
2914,84356,POMPOM CURTAIN,1.95,6.08,19.96
2915,84358,FLOOR LAMP SHADE WOOD BASE,8.49,10.54,24.96
2916,84360,TABLE LAMP WHITE SHADE WOOD BASE,4.65,6.55,13.29
2917,84375,SET OF 20 KIDS COOKIE CUTTERS,1.85,2.52,4.95
2918,84378,SET OF 3 HEART COOKIE CUTTERS,1.06,1.63,3.29
2919,84380,SET OF 3 BUTTERFLY COOKIE CUTTERS,1.06,1.71,3.36
2920,84387A,BIRD ON BRANCH CANVAS SCREEN,1.95,1.95,1.95
2921,84388,WISE MAN STAR SHAPE EGG PAN,0.39,1.02,1.65
2922,84402B,PURPLE DRESS JEWELLERY STAND,0.79,0.79,0.79
2923,84406B,CREAM CUPID HEARTS COAT HANGER,2.75,4.3,8.29
2924,84415A,PINK FLOCK SUEDE CUSHION COVER,1.25,1.25,1.25
2925,84415B,BLUE FLOCK CUSHION COVER,1.25,2.92,3.75
2926,84422,PINK/BLUE DISC/MIRROR STRING,0.39,0.92,1.66
2927,84429A,MEDIUM PINK BUDDHA HEAD,2.95,3.91,5.91
2928,84452,METAL RABBIT LADDER EASTER,0.85,0.85,0.85
2929,84457,SET/3 RABBITS FLOWER SKIPPPING ROPE,0.85,0.99,1.63
2930,84459A,PINK METAL CHICKEN HEART,1.25,2.19,3.36
2931,84459B,YELLOW METAL CHICKEN HEART,1.25,2.08,3.36
2932,84461,12 PINK HEN+CHICKS IN BASKET,2.55,2.55,2.55
2933,84462,3 PINK HEN+CHICKS IN BASKET,1.25,1.25,1.25
2934,84465,15 PINK FLUFFY CHICKS IN BOX,2.95,2.95,2.95
2935,84466,TOP SECRET PEN SET,1.25,1.25,1.25
2936,84497,BUTTONS AND STRIPES NOTEBOOK,3.75,3.75,3.75
2937,84499,BLACK FLOWER CANDLE PLATE,0.85,0.85,0.85
2938,84507B,STRIPES DESIGN MONKEY DOLL,2.55,3.43,4.96
2939,84507C,BLUE CIRCLES DESIGN MONKEY DOLL,2.55,2.79,5.06
2940,84508A,CAMOUFLAGE DESIGN TEDDY,2.1,2.42,2.55
2941,84508B,STRIPES DESIGN TEDDY,2.55,2.55,2.55
2942,84508C,BLUE CIRCLES DESIGN TEDDY,2.55,3.04,5.06
2943,84509A,SET OF 4 ENGLISH ROSE PLACEMATS,2.95,5.16,7.62
2944,84509B,SET OF 4 FAIRY CAKE PLACEMATS,3.29,3.98,7.62
2945,84509C,SET OF 4 POLKADOT PLACEMATS,2.95,5.31,7.62
2946,84509E,SET OF 4 CAROUSEL PLACEMATS,0.79,3.54,7.62
2947,84509G,SET OF 4 FAIRY CAKE PLACEMATS,1.25,3.15,7.46
2948,84510A,SET OF 4 ENGLISH ROSE COASTERS,1.06,1.84,2.51
2949,84510C,SET OF 4 POLKADOT COASTERS,1.25,1.99,2.51
2950,84510E,SET OF 4 GREEN CAROUSEL COASTERS,0.21,1.7,2.51
2951,84519A,TOMATO CHARLIE+LOLA COASTER SET,1.25,2.51,5.91
2952,84519B,CARROT CHARLIE+LOLA COASTER SET,1.25,2.37,5.91
2953,84520B,PACK 20 ENGLISH ROSE PAPER NAPKINS,0.64,1.1,1.66
2954,84522,PINK PARTY SUNGLASSES,1.63,1.82,1.95
2955,84527,FLAMES SUNGLASSES PINK LENSES,1.63,2.14,4.13
2956,84531A,PINK KNITTED EGG COSY,0.39,0.69,1.95
2957,84531B,BLUE KNITTED EGG COSY,0.39,0.7,1.95
2958,84534B,FAIRY CAKE NOTEBOOK A5 SIZE,0.85,1.32,1.66
2959,84535A,ENGLISH ROSE NOTEBOOK A6 SIZE,0.42,0.68,1.46
2960,84535B,FAIRY CAKES NOTEBOOK A6 SIZE,0.42,0.9,1.49
2961,84536A,ENGLISH ROSE NOTEBOOK A7 SIZE,0.42,0.54,0.85
2962,84536B,FAIRY CAKES NOTEBOOK A7 SIZE,0.32,0.56,0.85
2963,84539,KNITTED RABBIT DOLL,1.65,1.65,1.65
2964,84548,CROCHET BEAR RED/BLUE  KEYRING,1.65,1.65,1.65
2965,84549,CROCHET WHITE RABBIT KEYRING,1.45,2.56,3.29
2966,84550,CROCHET LILAC/RED BEAR KEYRING,1.65,1.65,1.65
2967,84551,CROCHET DOG KEYRING,1.65,1.65,1.65
2968,84558A,3D DOG PICTURE PLAYING CARDS,2.29,3.27,5.91
2969,84559A,3D SHEET OF DOG STICKERS,0.79,1.25,1.69
2970,84559B,3D SHEET OF CAT STICKERS,0.85,1.18,1.69
2971,84562A,PINK/WHITE RIBBED MELAMINE JUG,7.95,7.95,7.95
2972,84563A,PINK & WHITE BREAKFAST TRAY,2.95,4.72,11.63
2973,84563B,BLUE & WHITE BREAKFAST TRAY,2.95,4.02,11.63
2974,84568,GIRLS ALPHABET IRON ON PATCHES,0.17,0.39,0.43
2975,84569A,PACK 3 IRON ON DOG PATCHES,0.83,1.26,2.51
2976,84569B,PACK 3 FIRE ENGINE/CAR PATCHES,1.25,1.76,2.51
2977,84569C,PACK 4 FLOWER/BUTTERFLY PATCHES,1.25,1.25,1.25
2978,84569D,PACK 6 HEART/ICE-CREAM PATCHES,0.83,1.37,2.51
2979,84575A,PINK DOG CANNISTER,1.95,4.35,5.95
2980,84576,BLUE CAT BISCUIT BARREL PINK HEART,1.95,2.98,4.13
2981,84580,MOUSE TOY WITH PINK T-SHIRT,3.75,3.86,4.21
2982,84581,DOG TOY WITH PINK CROCHET SKIRT,3.75,3.84,4.21
2983,84584,PINK GINGHAM CAT WITH SCARF,1.63,2.3,5.06
2984,84592,CROCHET ROSE PURSE WITH SUEDE BACK,2.95,3.6,5.79
2985,84593,CROCHET ROSE DES CLOTHES HANGER,2.95,2.95,2.95
2986,84595E,LARGE TORTILLA DESIGN RED BOWL,1.65,2.78,3.75
2987,84596B,SMALL DOLLY MIX DESIGN ORANGE BOWL,0.42,0.63,2.51
2988,84596E,SMALL LICORICE DES PINK BOWL,0.42,1.09,2.51
2989,84596F,SMALL MARSHMALLOWS PINK BOWL,0.42,0.68,2.51
2990,84596G,SMALL CHOCOLATES PINK BOWL,0.42,0.63,2.46
2991,84596J,MIXED NUTS LIGHT GREEN BOWL,0.42,0.83,2.51
2992,84596L,BISCUITS SMALL BOWL LIGHT BLUE,0.42,0.72,2.51
2993,84597B,RETRO BROWN BALL ASHTRAY,1.25,1.25,1.25
2994,84597C,RETRO PINK BALL ASHTRAY,1.25,1.25,1.25
2995,84598,BOYS ALPHABET IRON ON PATCHES,0.21,0.38,0.43
2996,84600,NEW BAROQUE JEWELLERY BOX,6.95,9.39,16.13
2997,84609,TALL ROCOCO CANDLE HOLDER,7.25,9.58,16.98
2998,84613A,PINK NEW BAROQUE FLOCK CANDLESTICK,4.65,4.65,4.65
2999,84613C,BLUE NEW BAROQUE FLOCK CANDLESTICK,4.65,4.65,4.65
3000,84614A,PINK BAROQUE FLOCK CANDLE HOLDER,5.95,5.95,5.95
3001,84616,SILVER ROCCOCO CHANDELIER,29.95,37.68,58.29
3002,84617,NEW BAROQUE BLACK BOXES,12.75,12.75,12.75
3003,84620,BLUE GINGHAM ROSE CUSHION COVER,5.95,5.95,5.95
3004,84625A,PINK NEW BAROQUECANDLESTICK CANDLE,0.85,2.58,5.91
3005,84625C,BLUE NEW BAROQUE CANDLESTICK CANDLE,0.85,2.19,5.91
3006,84629,WHITE 3 FRAME BIRDS AND TREE,4.95,9.59,21.95
3007,84631,FRUIT TREE AND BIRDS WALL PLAQUE,7.46,8.65,16.13
3008,84632,DECORATIVE HANGING SHELVING UNIT,59.95,59.95,59.95
3009,84637,KITCHEN FLOWER POTS WALL PLAQUE,4.96,5.3,12.72
3010,84638,SMALL KITCHEN FLOWER POTS PLAQUE,5.79,6.67,14.13
3011,84658,WHITE STITCHED CUSHION COVER,6.95,7.3,8.29
3012,84659A,WHITE TRAVEL ALARM CLOCK,1.23,2.48,2.55
3013,84660A,WHITE STITCHED WALL CLOCK,0.79,1.96,7.46
3014,84660B,BLACK STITCHED WALL CLOCK,0.79,2.36,7.62
3015,84660C,PINK STITCHED WALL CLOCK,0.79,3.81,7.62
3016,84661A,WHITE SQUARE TABLE CLOCK,0.79,2.89,4.96
3017,84661B,BLACK SQUARE TABLE CLOCK,0.79,3.43,5.06
3018,84661C,PINK SQUARE TABLE CLOCK,0.79,3.02,4.96
3019,84663A,GRASS HOPPER WOODEN WALL CLOCK,0.79,2.93,5.95
3020,84665,SQUARE CHERRY BLOSSOM CABINET,5.95,5.95,5.95
3021,84666,SQUARE CHERRY BLOSSOM CABINET,3.95,3.95,3.95
3022,84673A,PINK FLY SWAT,0.65,0.7,0.79
3023,84673B,BLUE FLY SWAT,0.65,0.93,1.63
3024,84674,FLYING PIG WATERING CAN,1.25,3.25,5.91
3025,84675,FROG KING WATERING CAN,2.95,2.95,2.95
3026,84678,CLASSICAL ROSE SMALL VASE,1.25,2.69,5.06
3027,84679,CLASSICAL ROSE TABLE LAMP,3.95,11.95,19.95
3028,84683,CLASSICAL ROSE CANDLESTAND,0.65,1.51,2.51
3029,84685,BEACH HUT KEY CABINET,3.75,5.84,7.62
3030,84686,BEACH HUT MIRROR,0.79,2.95,4.25
3031,84687,BEACH HUT SHELF W 3 DRAWERS,4.95,7.64,11.63
3032,84688,BEACH HUT DESIGN BLACKBOARD,4.25,5.95,8.47
3033,84689,S/2 BEACH HUT TREASURE CHESTS,2.0,3.98,5.95
3034,84691,PACK 20 DOLLY PEGS,0.72,0.75,0.85
3035,84692,BOX OF 24 COCKTAIL PARASOLS,0.32,0.68,4.17
3036,84705C,PINK FLOCK PHOTO FRAME,1.25,1.25,1.25
3037,84706D,CHERRY BLOSSOM TABLE CLOCK,1.95,3.7,8.95
3038,84706F,RED PEONY TABLE CLOCK,2.95,2.95,2.95
3039,84707A,SILVER JEWELLED MIRROR TRINKET TRAY,1.95,9.79,19.96
3040,84707B,PINK JEWELLED MIRROR TRINKET TRAY,1.95,8.19,19.96
3041,84708B,PINK JEWELLED PHOTO FRAME,4.25,5.93,9.96
3042,84709B,PINK OVAL JEWELLED MIRROR,5.95,5.95,5.95
3043,84711A,SILVER OVAL SHAPE TRINKET BOX,5.79,8.61,19.96
3044,84711B,PINK OVAL SHAPE TRINKET BOX,5.79,9.0,9.95
3045,84712B,PINK JEWELLED PHOTO FRAME,6.36,7.68,7.95
3046,84715,SET OF 6 ICE CREAM SKITTLES,2.95,2.95,2.95
3047,84723,CHERRY BLOSSOM CANVAS ART PICTURE,1.95,3.95,7.95
3048,84725,FREESTYLE CANVAS ART PICTURE,0.75,1.24,4.25
3049,84731,3 BIRDS CANVAS SCREEN,0.39,1.02,1.65
3050,84732B,CUTE BIRD CEATURE SCREEN,0.39,0.39,0.39
3051,84732D,CUTE RABBIT CEATURE SCREEN,0.39,0.39,0.39
3052,84741C,CITRUS GARLAND FELT FLOWERS,1.95,1.95,1.95
3053,84743C,ORANGE FELT VASE + FLOWERS,1.25,1.25,1.25
3054,84744,S/6 SEW ON CROCHET FLOWERS,1.25,1.38,2.51
3055,84745A,PINK HANGING GINGHAM EASTER HEN,0.42,0.42,0.42
3056,84745B,BLUE HANGING GINGHAM EASTER HEN,0.42,0.42,0.42
3057,84746,PINK EASTER HENS+FLOWER,2.46,2.6,3.75
3058,84748,FOLK FELT HANGING MULTICOL GARLAND,2.46,3.22,7.62
3059,84750A,PINK SMALL GLASS CAKE STAND,1.95,1.95,1.95
3060,84750B,BLACK SMALL GLASS CAKE STAND,0.39,1.11,1.95
3061,84751B,BLACK MEDIUM GLASS CAKE STAND,0.79,1.78,3.75
3062,84754,S/15 SILVER GLASS BAUBLES IN BAG,1.06,1.74,2.51
3063,84755,COLOUR GLASS T-LIGHT HOLDER HANGING,0.55,0.73,1.27
3064,84760S,SMALL HANGING GLASS+ZINC LANTERN,1.45,1.45,1.45
3065,84763,ZINC FINISH 15CM PLANTER POTS,1.06,1.42,2.51
3066,84766,SILVER ROCOCO CANDLE STICK,1.95,3.36,5.95
3067,84773,RED ROSE AND LACE C/COVER,2.95,2.95,2.95
3068,84789,ENCHANTED BIRD PLANT CAGE,2.95,4.04,7.62
3069,84792,ENCHANTED BIRD COATHANGER 5 HOOK,3.81,5.52,9.32
3070,84795B,SUNSET CHECK HAMMOCK,6.95,10.8,16.98
3071,84795C,OCEAN STRIPE HAMMOCK,7.95,7.95,7.95
3072,84796A,PINK HAWAIIAN PICNIC HAMPER FOR 2,8.29,9.1,12.75
3073,84796B,BLUE SAVANNAH PICNIC HAMPER FOR 2,8.29,9.26,24.96
3074,84798A,PINK FOXGLOVE ARTIIFCIAL FLOWER,2.55,2.55,2.55
3075,84798B,PURPLE FOXGLOVE ARTIIFCIAL FLOWER,2.55,2.55,2.55
3076,84799,SPRIG LAVENDER ARTIFICIAL FLOWER,0.42,0.97,1.25
3077,84800L,LARGE WHITE/PINK ROSE ART FLOWER,1.69,1.91,2.12
3078,84800M,MEDIUM WHITE/PINK ROSE ART FLOWER,1.27,1.55,1.69
3079,84800S,SMALL WHITE/PINK ROSE ART FLOWER,1.06,1.21,1.25
3080,84801A,PINK HYDRANGEA ART FLOWER,2.1,2.1,2.1
3081,84801B,WHITE HYDRANGEA ART FLOWER,2.1,2.1,2.1
3082,84802A,WHITE ANEMONE ARTIFICIAL FLOWER,1.69,1.69,1.69
3083,84802B,PURPLE ANEMONE ARTIFICIAL FLOWER,1.69,1.69,1.69
3084,84803A,PINK ALLIUM  ARTIFICIAL FLOWER,1.69,1.69,1.69
3085,84803B,WHITE ALLIUM  ARTIFICIAL FLOWER,1.69,1.69,1.69
3086,84804A,CREAM DELPHINIUM ARTIFICIAL FLOWER,0.79,2.68,2.95
3087,84804B,BLUE DELPHINIUM ARTIFICIAL FLOWER,0.79,2.23,2.95
3088,84805A,CREAM CLIMBING HYDRANGA ART FLOWER,1.25,2.5,3.75
3089,84805B,BLUE CLIMBING HYDRANGA ART FLOWER,1.25,2.08,3.75
3090,84806A,PINK CANDYSTUFT ARTIFICIAL FLOWER,0.39,1.06,1.45
3091,84806B,WHITE CANDYSTUFT ARTIFICIAL FLOWER,0.39,1.39,1.45
3092,84809A,WHITE CHRYSANTHEMUMS ART FLOWER,2.1,2.1,2.1
3093,84809B,PINK CHRYSANTHEMUMS ART FLOWER,2.1,2.1,2.1
3094,84813,SET OF 4 DIAMOND NAPKIN RINGS,2.95,10.36,25.49
3095,84816,DANISH ROSE BEDSIDE CABINET,39.95,39.95,39.95
3096,84817,DANISH ROSE DECORATIVE PLATE,0.39,1.5,2.1
3097,84818,DANISH ROSE PHOTO FRAME,0.79,1.36,2.55
3098,84819,DANISH ROSE ROUND SEWING BOX,0.79,2.28,4.25
3099,84820,DANISH ROSE TRINKET TRAYS,0.79,3.94,5.95
3100,84821,DANISH ROSE DELUXE COASTER,0.19,0.62,0.85
3101,84823,DANISH ROSE FOLDING CHAIR,7.95,7.95,7.95
3102,84824,DANISH ROSE UMBRELLA STAND,15.95,15.95,15.95
3103,84826,ASSTD DESIGN 3D PAPER STICKERS,0.19,0.57,0.85
3104,84827,ASS DES PHONE SPONGE CRAFT STICKER,0.09,0.46,0.65
3105,84828,JUNGLE POPSICLES ICE LOLLY MOULDS,1.06,1.64,2.95
3106,84832,ZINC WILLIE WINKIE  CANDLE STICK,0.72,1.09,1.95
3107,84836,ZINC METAL HEART DECORATION,1.06,1.36,2.51
3108,84839,SWEETHEART KEY CABINET,5.55,5.55,5.55
3109,84840,SWEETHEART CARRY-ALL BASKET,8.5,12.13,16.98
3110,84842,HELLO SAILOR BATHROOM SET,3.75,3.75,3.75
3111,84843,WHITE SOAP RACK WITH 2 BOTTLES,4.65,6.56,11.87
3112,84846A,SCENTED CANDLE IN DIGITALIS TIN,2.1,2.59,4.21
3113,84847,FLORAL BATHROOM SET,3.75,3.75,3.75
3114,84849A,HELLO SAILOR BLUE SOAP HOLDER,1.69,2.34,3.36
3115,84849B,FAIRY SOAP SOAP HOLDER,1.69,2.05,3.36
3116,84849D,HOT BATHS SOAP HOLDER,1.69,1.86,3.36
3117,84854,GIRLY PINK TOOL SET,4.95,4.95,4.95
3118,84856L,LARGE TAHITI BEACH BAG,5.95,8.91,11.87
3119,84856S,SMALL TAHITI BEACH BAG,3.81,4.23,4.65
3120,84857B,BLUE MONTE CARLO HANDBAG,1.95,1.95,1.95
3121,84857C,PINK MONTE CARLO HANDBAG,1.95,4.51,16.98
3122,84858C,PINK RIVIERA HANDBAG,1.25,5.33,11.63
3123,84859A,SILVER DISCO HANDBAG,1.95,2.48,5.95
3124,84859B,BLUE DISCO HANDBAG,1.95,2.35,4.13
3125,84859C,PINK DISCO HANDBAG,1.95,2.43,5.95
3126,84865,NEW BAROQUE BLACK PHOTO ALBUM,2.95,7.31,16.98
3127,84870B,BLUE GEISHA GIRL,2.46,3.45,7.46
3128,84870C,GREEN GEISHA GIRL,2.46,3.16,7.46
3129,84872A,TEATIME FUNKY FLOWER BACKPACK FOR 2,10.79,11.16,16.95
3130,84873A,FUNKY FLOWER PICNIC BAG FOR 4,16.95,16.95,16.95
3131,84874B,BLUE TRAVEL FIRST AID KIT,1.63,1.64,1.65
3132,84875B,GREEN SQUARE COMPACT MIRROR,1.25,2.55,7.46
3133,84875D,BLUE SQUARE COMPACT MIRROR,1.25,1.25,1.25
3134,84876B,GREEN HEART COMPACT MIRROR,1.25,2.42,7.62
3135,84876D,BLUE HEART COMPACT MIRROR,1.25,3.59,7.62
3136,84877A,PINK ROUND COMPACT MIRROR,1.25,2.27,3.29
3137,84877B,GREEN ROUND COMPACT MIRROR,1.25,2.32,7.46
3138,84877D,BLUE ROUND COMPACT MIRROR,1.25,2.33,3.75
3139,84879,ASSORTED COLOUR BIRD ORNAMENT,1.35,1.72,3.19
3140,84880,WHITE WIRE EGG HOLDER,4.95,7.72,15.79
3141,84881,BLUE WIRE SPIRAL CANDLE HOLDER,6.35,7.26,12.72
3142,84882,GREEN WIRE STANDING CANDLE HOLDER,3.75,4.37,7.46
3143,84884A,ANT WHITE WIRE HEART SPIRAL,1.95,5.67,8.47
3144,84898F,YELLOW FLOWERS FELT HANDBAG KIT,2.1,2.21,4.13
3145,84905,PINK BUTTERFLY CUSHION COVER,4.95,4.96,4.96
3146,84906,PINK B'FLY C/COVER W BOBBLES,1.95,4.62,12.72
3147,84907,PINK YELLOW PATCH CUSHION COVER,5.79,6.11,7.65
3148,84910A,PINK PAISLEY CUSHION COVER,5.95,7.46,8.29
3149,84912A,PINK ROSE WASHBAG,3.29,3.53,3.75
3150,84912B,GREEN ROSE WASHBAG,3.29,3.43,3.75
3151,84913A,SOFT PINK ROSE TOWEL,3.29,3.41,4.65
3152,84913B,MINT GREEN ROSE TOWEL,3.29,3.64,4.65
3153,84915,HAND TOWEL PINK FLOWER AND DAISY,1.25,3.89,11.87
3154,84916,HAND TOWEL PALE BLUE W FLOWERS,1.25,3.95,5.95
3155,84917,WHITE HAND TOWEL WITH BUTTERFLY,1.25,3.98,11.63
3156,84919,BLUE CUSHION COVER WITH FLOWER,5.79,6.53,15.79
3157,84920,PINK FLOWER FABRIC PONY,3.29,4.16,7.62
3158,84921,CREAM AND PINK FLOWERS PONY,3.75,3.75,3.75
3159,84922,PINK BUTTERFLY WASHBAG,4.25,4.92,8.29
3160,84923,PINK BUTTERFLY HANDBAG W BOBBLES,4.13,4.15,4.21
3161,84924A,WAKE UP COCKEREL CALENDAR SIGN,3.75,5.0,7.62
3162,84924F,PSYCHEDELIC METAL SIGN CALENDAR,0.79,0.79,0.79
3163,84925D,LA PALMIERA WALL THERMOMETER,2.55,2.55,2.55
3164,84925F,PSYCHEDELIC WALL THERMOMETER,0.79,1.92,2.55
3165,84926A,WAKE UP COCKEREL TILE COASTER,0.29,0.67,2.51
3166,84926D,LA PALMIERA TILE COASTER,0.29,0.81,2.51
3167,84926E,FLOWERS TILE COASTER,0.29,0.54,2.46
3168,84926F,PSYCHEDELIC TILE COASTER,0.29,1.16,2.46
3169,84927A,WAKE UP COCKEREL TILE HOOK,0.39,1.99,4.21
3170,84927D,LA PALMIERA TILE HOOK,0.39,1.6,4.21
3171,84927E,FLOWERS TILE HOOK,0.39,1.92,4.21
3172,84927F,PSYCHEDELIC TILE HOOK,0.39,1.07,4.21
3173,84929,ASSTD FRUIT+FLOWERS FRIDGE MAGNETS,0.19,0.3,0.55
3174,84931A,PINK SCOTTIE DOG W FLOWER PATTERN,1.63,2.51,5.06
3175,84931B,BLUE SCOTTIE DOG W FLOWER PATTERN,1.63,2.4,4.96
3176,84944,SET OF 6 KASHMIR FOLKART BAUBLES,0.55,2.05,4.25
3177,84945,MULTI COLOUR SILVER T-LIGHT HOLDER,0.72,0.97,10.76
3178,84946,ANTIQUE SILVER T-LIGHT GLASS,1.06,1.52,2.95
3179,84947,ANTIQUE SILVER TEA GLASS ENGRAVED,1.06,1.46,2.51
3180,84949,SILVER HANGING T-LIGHT HOLDER,1.45,1.83,3.36
3181,84950,ASSORTED COLOUR T-LIGHT HOLDER,0.55,0.81,1.38
3182,84951A,SET OF 4 PISTACHIO LOVEBIRD COASTER,0.79,1.81,5.06
3183,84951B,SET OF 4 BLACK LOVEBIRD COASTERS,0.79,1.82,5.06
3184,84952A,CLEAR LOVE BIRD T-LIGHT HOLDER,1.63,3.18,7.62
3185,84952B,BLACK LOVE BIRD T-LIGHT HOLDER,1.25,3.0,7.46
3186,84952C,MIRROR LOVE BIRD T-LIGHT HOLDER,1.25,4.04,7.62
3187,84963A,PINK PAINTED KASHMIRI CHAIR,42.95,42.95,42.95
3188,84963B,BLUE PAINTED KASHMIRI CHAIR,49.95,49.95,49.95
3189,84968A,SET OF 16 VINTAGE ROSE CUTLERY,8.29,14.13,25.49
3190,84968B,SET OF 16 VINTAGE IVORY CUTLERY,12.75,12.75,12.75
3191,84968C,SET OF 16 VINTAGE PISTACHIO CUTLERY,8.29,14.89,25.49
3192,84968D,SET OF 16 VINTAGE RED CUTLERY,8.29,12.85,25.49
3193,84968E,SET OF 16 VINTAGE BLACK CUTLERY,8.29,14.08,25.49
3194,84968F,SET OF 16 VINTAGE SKY BLUE CUTLERY,8.29,12.52,25.49
3195,84969,BOX OF 6 ASSORTED COLOUR TEASPOONS,3.29,4.66,8.47
3196,84970L,SINGLE HEART ZINC T-LIGHT HOLDER,0.79,1.38,2.13
3197,84970S,HANGING HEART ZINC T-LIGHT HOLDER,0.64,1.24,2.13
3198,84971L,LARGE HEART FLOWERS HOOK,2.46,2.46,2.46
3199,84971S,SMALL HEART FLOWERS HOOK,0.39,1.12,1.66
3200,84974,S/2 ZINC HEART DESIGN PLANTERS,9.95,9.95,9.95
3201,84975,HEART SHAPED MIRROR,1.69,1.69,1.69
3202,84976,RECTANGULAR SHAPED MIRROR,0.79,1.4,3.36
3203,84977,WIRE FLOWER T-LIGHT HOLDER,1.25,1.25,1.25
3204,84978,HANGING HEART JAR T-LIGHT HOLDER,1.06,1.47,2.95
3205,84984A,GREEN PEONY CUSHION COVER,4.65,4.65,4.65
3206,84984B,RED PEONY CUSHION COVER,4.65,4.65,4.65
3207,84984D,ORIENTAL RED CUSHION COVER,4.65,4.65,4.65
3208,84985A,SET OF 72 GREEN PAPER DOILIES,1.45,1.45,1.45
3209,84987,SET OF 36 TEATIME PAPER DOILIES,1.25,1.98,3.83
3210,84988,SET OF 72 PINK HEART PAPER DOILIES,1.25,2.14,3.83
3211,84989A,75 GREEN FAIRY CAKE CASES,0.55,1.46,2.13
3212,84990,60 GOLD AND SILVER FAIRY CAKE CASES,0.55,0.55,0.55
3213,84991,60 TEATIME FAIRY CAKE CASES,0.4,0.69,2.13
3214,84992,72 SWEETHEART FAIRY CAKE CASES,0.4,0.68,2.08
3215,84993A,75 GREEN PETIT FOUR CASES,0.42,0.65,0.84
3216,84993B,75 BLACK PETIT FOUR CASES,0.42,0.42,0.42
3217,84997A,CHILDRENS CUTLERY POLKADOT GREEN,3.39,5.21,8.29
3218,84997B,CHILDRENS CUTLERY RETROSPOT RED,3.39,5.03,13.13
3219,84997C,CHILDRENS CUTLERY POLKADOT BLUE,3.39,4.97,13.13
3220,84997D,CHILDRENS CUTLERY POLKADOT PINK,3.39,4.95,13.13
3221,85006,SET 4 NURSERY DES ROUND BOXES,0.85,1.55,2.95
3222,85008,SET OF 3 CONEY ISLAND OVAL BOXES,1.5,5.17,10.17
3223,85014A,BLACK/BLUE POLKADOT UMBRELLA,4.95,6.77,12.72
3224,85014B,RED RETROSPOT UMBRELLA,4.95,7.17,12.72
3225,85015,SET OF 12  VINTAGE POSTCARD SET,0.65,1.32,2.55
3226,85016,SET OF 6 VINTAGE NOTELETS KIT,0.65,2.02,2.55
3227,85017A,ENVELOPE 50 ROMANTIC IMAGES,0.83,0.85,0.85
3228,85017B,ENVELOPE 50 BLOSSOM IMAGES,0.42,0.68,1.25
3229,85017C,ENVELOPE 50 CURIOUS IMAGES,0.42,0.62,0.85
3230,85018D,YULETIDE IMAGES S/6 PAPER BOXES,2.55,2.55,2.55
3231,85019A,ROMANTIC IMAGES NOTEBOOK SET,1.25,2.03,8.47
3232,85019B,BLOSSOM  IMAGES NOTEBOOK SET,1.25,1.96,8.29
3233,85019C,CURIOUS  IMAGES NOTEBOOK SET,1.25,3.1,8.47
3234,85020,ROUND PINK HEART MIRROR,2.1,2.57,4.21
3235,85023B,EAU DE NILE JEWELLED PHOTOFRAME,2.1,2.49,2.55
3236,85023C,PINK LARGE JEWELED PHOTOFRAME,2.55,2.55,2.55
3237,85024B,EAU DE NILE JEWELLED PHOTOFRAME,1.45,1.63,1.65
3238,85024C,PINK SMALL JEWELLED PHOTOFRAME,1.65,1.65,1.65
3239,85025B,EAU DE NILE HEART SHAPE PHOTO FRAME,1.45,2.32,3.36
3240,85025C,PINK HEART SHAPE PHOTO FRAME,1.45,2.05,3.36
3241,85026B,EAU DE NILE JEWELLED T-LIGHT HOLDER,0.85,0.99,1.63
3242,85027L,FRENCH CHATEAU LARGE PLATTER,1.95,2.9,7.95
3243,85028L,FRENCH CHATEAU LARGE FRUIT BOWL,1.95,1.95,1.95
3244,85028S,FRENCH CHATEAU SMALL FRUITBOWL,1.95,2.02,2.55
3245,85030,FRENCH CHATEAU OVAL PLATTER,1.95,1.95,1.95
3246,85031A,ROMANTIC IMAGES SCRAP BOOK SET,1.25,3.89,4.95
3247,85031B,BLOSSOM IMAGES SCRAP BOOK SET,4.95,4.95,4.95
3248,85031C,CURIOUS IMAGES SCRAP BOOK SET,4.95,4.95,4.95
3249,85032A,ROMANTIC IMAGES GIFT WRAP SET,0.65,1.09,4.21
3250,85032B,BLOSSOM IMAGES GIFT WRAP SET,0.65,1.08,4.21
3251,85032C,CURIOUS IMAGES GIFT WRAP SET,0.65,1.19,4.13
3252,85032D,YULETIDE IMAGES GIFT WRAP SET,0.65,1.15,2.1
3253,85034A,3 GARDENIA MORRIS BOXED CANDLES,1.25,2.98,8.47
3254,85034B,3 WHITE CHOC MORRIS BOXED CANDLES,1.25,2.77,8.47
3255,85034C,3 ROSE MORRIS BOXED CANDLES,1.25,2.3,8.47
3256,85035A,GARDENIA 3 WICK MORRIS BOXED CANDLE,1.25,3.91,8.47
3257,85035B,CHOCOLATE 3 WICK MORRIS BOX CANDLE,1.25,3.38,8.47
3258,85035C,ROSE 3 WICK MORRIS BOX CANDLE,1.25,2.56,8.47
3259,85036A,GARDENIA 1 WICK MORRIS BOXED CANDLE,1.25,3.94,8.29
3260,85036B,CHOCOLATE 1 WICK MORRIS BOX CANDLE,0.5,2.38,8.47
3261,85036C,ROSE 1 WICK MORRIS BOXED CANDLE,0.5,2.42,8.29
3262,85038,6 CHOCOLATE LOVE HEART T-LIGHTS,1.69,2.54,4.21
3263,85039A,SET/4 RED MINI ROSE CANDLE IN BOWL,0.42,1.88,3.36
3264,85039B,S/4 IVORY MINI ROSE CANDLE IN BOWL,0.42,1.62,1.66
3265,85039C,S/4 BLACK MINI ROSE CANDLE IN BOWL,0.42,1.59,1.66
3266,85040A,S/4 PINK FLOWER CANDLES IN BOWL,1.45,2.16,3.36
3267,85040B,SET/4 BLUE FLOWER CANDLES IN BOWL,1.65,1.69,3.36
3268,85042,ANTIQUE LILY FAIRY LIGHTS,4.95,4.95,4.95
3269,85045,GREEN CHRISTMAS TREE STRING 20LIGHT,4.25,4.89,4.95
3270,85047,WHITE BEADED GARLAND STRING 20LIGHT,5.55,6.15,6.35
3271,85048,15CM CHRISTMAS GLASS BALL 20 LIGHTS,6.95,9.18,16.98
3272,85049A,TRADITIONAL CHRISTMAS RIBBONS,1.06,1.67,3.36
3273,85049B,LUSH GREENS RIBBONS,1.25,1.41,2.46
3274,85049C,ROMANTIC PINKS RIBBONS,1.06,1.36,2.51
3275,85049D,BRIGHT BLUES RIBBONS,1.25,1.32,2.51
3276,85049E,SCANDINAVIAN REDS RIBBONS,1.06,1.66,3.36
3277,85049F,BABY BOOM RIBBONS,1.25,1.29,2.46
3278,85049G,CHOCOLATE BOX RIBBONS,1.06,1.57,2.51
3279,85049H,URBAN BLACK RIBBONS,0.83,1.06,2.51
3280,85053,FRENCH ENAMEL CANDLEHOLDER,1.69,2.6,4.21
3281,85054,FRENCH ENAMEL POT W LID,1.25,3.46,5.91
3282,85055,FRENCH ENAMEL UTENSIL HOLDER,2.95,5.15,7.62
3283,85059,FRENCH ENAMEL WATER BASIN,1.25,4.09,7.62
3284,85061W,WHITE JEWELLED HEART DECORATION,0.64,1.1,1.66
3285,85062,PEARL CRYSTAL PUMPKIN T-LIGHT HLDR,1.45,1.79,2.51
3286,85063,CREAM SWEETHEART MAGAZINE RACK,14.95,15.95,16.95
3287,85064,CREAM SWEETHEART LETTER RACK,3.88,6.57,11.02
3288,85065,CREAM SWEETHEART TRAYS,12.75,12.75,12.75
3289,85066,CREAM SWEETHEART MINI CHEST,1.8,14.21,25.49
3290,85067,CREAM SWEETHEART WALL CABINET,16.95,18.55,18.95
3291,85068,CREAM SWEETHEART SHELF + HOOKS,7.95,7.95,7.95
3292,85071A,BLUE CHARLIE+LOLA PERSONAL DOORSIGN,0.38,0.92,5.79
3293,85071B,RED CHARLIE+LOLA PERSONAL DOORSIGN,0.38,0.91,5.79
3294,85071C,"CHARLIE+LOLA""EXTREMELY BUSY"" SIGN",0.38,1.25,5.06
3295,85071D,CHARLIE+LOLA MY ROOM DOOR SIGN,0.39,0.83,4.96
3296,85078,SCANDINAVIAN 3 HEARTS NAPKIN RING,0.19,1.0,5.91
3297,85084,HOLLY TOP CHRISTMAS STOCKING,0.85,0.85,0.85
3298,85086A,CANDY SPOT HEART DECORATION,0.83,0.83,0.85
3299,85087,CANDY SPOT CUSHION COVER,2.95,3.48,8.47
3300,85088,CANDY SPOT HAND BAG,1.63,2.38,4.21
3301,85089,CANDY SPOT BUNNY,2.95,2.95,2.95
3302,85092,CANDY SPOT TEA COSY,1.25,2.3,3.35
3303,85093,CANDY SPOT EGG WARMER HARE,0.39,0.89,2.51
3304,85094,CANDY SPOT EGG WARMER RABBIT,0.19,0.69,2.51
3305,85095,THREE CANVAS LUGGAGE TAGS,0.83,1.82,4.13
3306,85096,HILDA CANDY SPOT RABBIT,3.75,4.66,7.62
3307,85098B,BLUE FLYING SINGING CANARY,3.75,3.75,3.75
3308,85099B,JUMBO BAG RED RETROSPOT,1.65,2.47,4.95
3309,85099C,JUMBO  BAG BAROQUE BLACK WHITE,1.65,2.6,4.21
3310,85099F,JUMBO BAG STRAWBERRY,1.65,2.41,5.06
3311,85103,SILVER T-LIGHT SETTING,5.79,7.25,13.29
3312,85104,SILVER GLASS T-LIGHT SET,1.25,3.21,5.79
3313,85106,CUT GLASS HEXAGON T-LIGHT HOLDER,1.63,2.26,4.21
3314,85107,CUT GLASS T-LIGHT HOLDER OCTAGON,1.69,2.51,4.96
3315,85109,PINK BOUDOIR T-LIGHT HOLDER,0.85,0.85,0.85
3316,85111,SILVER GLITTER FLOWER VOTIVE HOLDER,0.29,0.49,2.51
3317,85114A,BLACK ENCHANTED FOREST PLACEMAT,1.45,2.31,3.36
3318,85114B,IVORY ENCHANTED FOREST PLACEMAT,1.45,2.36,3.36
3319,85114C,RED ENCHANTED FOREST PLACEMAT,1.45,2.36,3.36
3320,85115B,S/4 BLACK DISCO PARTITION PANEL,8.29,8.29,8.29
3321,85116,BLACK CANDELABRA T-LIGHT HOLDER,0.65,1.48,2.1
3322,85118,HEART T-LIGHT HOLDER,0.38,1.49,2.51
3323,85119,WATERING CAN SINGLE HOOK PISTACHIO,3.36,3.36,3.36
3324,85123A,WHITE HANGING HEART T-LIGHT HOLDER,2.4,3.21,6.77
3325,85124B,BLUE JUICY FRUIT PHOTO FRAME,2.55,3.16,5.06
3326,85124C,GREEN JUICY FRUIT PHOTO FRAME,2.55,2.99,5.06
3327,85125,SMALL ROUND CUT GLASS CANDLESTICK,3.29,5.2,10.17
3328,85126,LARGE ROUND CUTGLASS CANDLESTICK,6.75,10.16,13.57
3329,85127,SMALL SQUARE CUT GLASS CANDLESTICK,3.29,6.89,10.17
3330,85129B,BEADED CRYSTAL HEART GREEN SMALL,1.06,1.91,2.51
3331,85129C,BEADED CRYSTAL HEART BLUE SMALL,1.25,1.74,2.51
3332,85129D,BEADED CRYSTAL HEART PINK SMALL,1.25,1.94,2.51
3333,85130A,BEADED PEARL HEART WHITE LARGE,1.65,1.65,1.65
3334,85130B,BEADED CRYSTAL HEART GREEN LARGE,0.79,1.38,3.36
3335,85130C,BEADED CRYSTAL HEART BLUE  LARGE,0.79,1.08,3.29
3336,85130D,BEADED CRYSTAL HEART PINK LARGE,0.79,1.5,3.36
3337,85131A,BEADED PEARL HEART WHITE ON STICK,0.42,0.92,1.25
3338,85131B,BEADED CRYSTAL HEART GREEN ON STICK,0.83,0.84,1.25
3339,85131C,BEADED CRYSTAL HEART BLUE ON STICK,0.83,0.87,1.25
3340,85131D,BEADED CRYSTAL HEART PINK ON STICK,0.83,0.84,1.25
3341,85132A,CHARLIE + LOLA BISCUITS TINS,1.95,5.49,21.23
3342,85132B,CHARLIE AND LOLA TABLE TINS,1.95,4.04,9.95
3343,85132C,CHARLIE AND LOLA FIGURES TINS,1.95,4.01,9.95
3344,85135A,YELLOW DRAGONFLY HELICOPTER,7.95,7.95,7.95
3345,85135B,BLUE DRAGONFLY HELICOPTER,7.95,8.05,8.47
3346,85135C,RED DRAGONFLY HELICOPTER,7.95,8.07,8.47
3347,85136A,YELLOW SHARK HELICOPTER,7.95,8.05,8.47
3348,85136B,BLUE SHARK HELICOPTER,7.95,7.95,7.95
3349,85136C,RED SHARK HELICOPTER,7.95,8.08,8.47
3350,85141,JARDIN ETCHED GLASS FRUITBOWL,3.95,5.75,10.75
3351,85144,JARDIN ETCHED GLASS CHEESE DISH,1.95,3.97,7.25
3352,85145,JARDIN ETCHED GLASS LARGE BELL JAR,3.95,5.3,12.75
3353,85146,JARDIN ETCHED GLASS SMALL BELL JAR,1.95,4.42,11.63
3354,85150,LADIES & GENTLEMEN METAL SIGN,1.69,3.07,5.06
3355,85152,HAND OVER THE CHOCOLATE   SIGN,1.49,2.36,5.0
3356,85159A,"BLACK TEA,COFFEE,SUGAR JARS",1.25,2.05,6.35
3357,85159B,"WHITE TEA,COFFEE,SUGAR JARS",1.25,2.15,6.35
3358,85160A,WHITE BIRD GARDEN DESIGN MUG,1.25,8.69,16.13
3359,85160B,BLACK BIRD GARDEN DESIGN MUG,0.39,1.31,16.13
3360,85161,ACRYLIC GEOMETRIC LAMP,12.46,17.95,38.26
3361,85163A,WHITE BAROQUE WALL CLOCK,3.95,11.21,24.96
3362,85163B,BLACK BAROQUE WALL CLOCK,3.95,12.72,25.49
3363,85167B,BLACK GRAND BAROQUE PHOTO FRAME,1.25,4.03,8.47
3364,85168B,BLACK BAROQUE CARRIAGE CLOCK,8.29,8.48,9.95
3365,85169A,IVORY LOVE BIRD CANDLE,0.42,1.32,2.51
3366,85169B,BLACK LOVE BIRD CANDLE,0.42,1.44,2.51
3367,85169C,EAU DE NIL LOVE BIRD CANDLE,0.42,1.22,2.51
3368,85169D,PINK LOVE BIRD CANDLE,0.42,1.31,2.51
3369,85170A,SET/6 IVORY BIRD T-LIGHT CANDLES,2.1,2.1,2.1
3370,85170B,SET/6 BLACK BIRD T-LIGHT CANDLES,0.85,2.39,4.21
3371,85170C,SET/6 EAU DE NIL BIRD T-LIGHTS,0.85,2.69,4.21
3372,85170D,SET/6 PINK BIRD T-LIGHT CANDLES,0.85,2.71,4.21
3373,85172,HYACINTH BULB T-LIGHT CANDLES,0.42,0.68,12.46
3374,85173,SET/6 FROG PRINCE T-LIGHT CANDLES,0.79,2.9,5.06
3375,85174,S/4 CACTI CANDLES,1.95,6.98,11.02
3376,85175,CACTI T-LIGHT CANDLES,0.36,0.97,13.57
3377,85176,SEWING SUSAN 21 NEEDLE SET,0.79,1.2,1.66
3378,85177,BASKET OF FLOWERS SEWING KIT,0.64,1.04,1.66
3379,85178,VICTORIAN SEWING KIT,0.79,1.39,2.51
3380,85179A,GREEN BITTY LIGHT CHAIN,1.25,2.82,9.32
3381,85179C,PINK BITTY LIGHT CHAIN,1.25,2.89,9.32
3382,85180A,RED HEARTS LIGHT CHAIN,1.25,3.16,9.13
3383,85180B,PINK HEARTS LIGHT CHAIN,1.25,3.28,9.32
3384,85183A,CHARLIE & LOLA WASTEPAPER BIN BLUE,0.75,1.56,7.62
3385,85183B,CHARLIE & LOLA WASTEPAPER BIN FLORA,0.75,1.88,7.62
3386,85184C,S/4 VALENTINE DECOUPAGE HEART BOX,1.25,3.2,5.91
3387,85185B,PINK HORSE SOCK PUPPET,2.55,3.4,5.91
3388,85185D,FROG SOCK PUPPET,2.95,2.95,2.95
3389,85186A,EASTER BUNNY GARLAND OF FLOWERS,0.42,0.63,0.85
3390,85186C,BUNNY EGG GARLAND,0.42,0.65,0.85
3391,85187,S/12 MINI RABBIT EASTER,1.45,1.88,3.29
3392,85188A,GREEN METAL SWINGING BUNNY,0.85,0.98,1.63
3393,85188B,PINK METAL SWINGING BUNNY,0.85,1.01,1.66
3394,85189,HANGING BUTTERFLY  EGG,0.85,0.85,0.85
3395,85194L,HANGING SPRING FLOWER EGG LARGE,0.72,1.02,1.63
3396,85194S,HANGING SPRING FLOWER EGG SMALL,0.19,0.64,1.63
3397,85195,HANGING HEART BASKET,2.1,2.1,2.1
3398,85197,SET OF 12 MINI BUNNIES IN A BUCKET,2.1,2.1,2.1
3399,85198,ASSORTED FARMYARD ANIMALS IN BUCKET,0.64,1.09,1.63
3400,85199L,LARGE HANGING IVORY & RED WOOD BIRD,0.53,0.83,1.28
3401,85199S,SMALL HANGING IVORY/RED WOOD BIRD,0.42,0.59,0.85
3402,85200,BUNNY EGG BOX,1.25,1.25,1.25
3403,85202,HANGING WOOD AND FELT HEART,0.42,0.55,0.84
3404,85203,HANGING WOOD AND FELT BUTTERFLY,0.36,0.57,0.84
3405,85204,HANGING WOOD AND FELT FLOWER,0.12,0.33,0.84
3406,85205B,PINK FELT EASTER RABBIT GARLAND,2.55,2.87,4.96
3407,85206A,CREAM FELT EASTER EGG BASKET,1.45,1.76,3.36
3408,85206B,PINK FELT EASTER EGG BASKET,1.65,1.65,1.65
3409,85208,SET/12 FUNKY FELT FLOWER PEG IN BAG,1.63,2.07,4.21
3410,85211,S/4 GROOVY CAT MAGNETS,0.79,1.76,3.36
3411,85212,MINI PAINTED GARDEN DECORATION,0.21,0.5,1.66
3412,85213,MINI  ZINC GARDEN DECORATIONS,0.29,0.83,1.66
3413,85214,TUB 24 PINK FLOWER PEGS,1.63,1.67,3.29
3414,85215,ASSORTED CHEESE FRIDGE MAGNETS,0.65,0.98,1.27
3415,85216,ASSORTED CAKES FRIDGE MAGNETS,0.65,0.65,0.65
3416,85224,ASSORTED COLOUR SILK GLASSES CASE,2.1,2.1,2.1
3417,85225,BLING KEY RING STAND,1.0,1.08,1.25
3418,85227,SET OF 6 3D KIT CARDS FOR KIDS,0.64,1.12,1.66
3419,85230A,OPIUM SCENTED VOTIVE CANDLE,0.21,0.26,0.29
3420,85230B,CINNAMON SCENTED VOTIVE CANDLE,0.21,0.28,0.29
3421,85230E,STRAWBRY SCENTED VOTIVE CANDLE,0.21,0.27,0.29
3422,85230F,JASMINE VOTIVE CANDLE,0.21,0.28,0.29
3423,85230G,ORANGE VOTIVE CANDLE,0.21,0.27,0.29
3424,85231B,CINAMMON SET OF 9 T-LIGHTS,0.72,1.08,1.66
3425,85231G,ORANGE SCENTED SET/9 T-LIGHTS,0.72,1.03,1.66
3426,85232A,SET/3 POLKADOT STACKING TINS,4.25,5.6,10.17
3427,85232B,SET OF 3 BABUSHKA STACKING TINS,4.25,4.88,4.95
3428,85232D,SET/3 DECOUPAGE STACKING TINS,4.25,5.94,10.17
3429,90000A,RASPBERRY ANT COPPER FLOWER NECKLAC,5.95,6.02,6.23
3430,90000B,MIDNIGHT BLUE COPPER FLOWER NECKLAC,5.95,6.17,6.37
3431,90000D,COPPER/OLIVE GREEN FLOWER NECKLACE,5.95,6.19,6.37
3432,90001A,ANTIQUE RASPBERRY FLOWER EARRINGS,4.15,4.18,4.25
3433,90001B,ANTIQUE MID BLUE FLOWER EARRINGS,4.15,4.22,4.25
3434,90001C,ANTIQUE OPAL WHITE FLOWER EARRINGS,4.15,4.23,4.25
3435,90001D,ANTIQUE OLIVE GREEN FLOWER EARRINGS,4.24,4.25,4.25
3436,90002D,FLOWER BURST SILVER RING CRYSTAL,3.73,3.75,3.75
3437,90003B,ROSE COLOUR PAIR HEART HAIR SLIDES,3.73,3.76,3.81
3438,90003C,MIDNIGHT BLUE PAIR HEART HAIR SLIDE,3.73,3.74,3.81
3439,90003D,CRYSTAL PAIR HEART HAIR SLIDES,3.73,3.74,3.75
3440,90003E,GREEN PAIR HEART HAIR SLIDES,3.73,3.74,3.81
3441,90005A,JADE GREEN ENAMEL HAIR COMB,1.95,2.02,2.11
3442,90010A,MIDNIGHT BLUE GLASS/SILVER BRACELET,8.95,9.32,9.57
3443,90010B,BLACK/WHITE GLASS/SILVER BRACELET,8.95,9.18,9.77
3444,90010E,AMBER GLASS/SILVER BRACELET,8.95,9.1,9.34
3445,90011A,MIDNIGHT BLUE CRYSTAL DROP EARRINGS,2.9,2.92,2.96
3446,90011B,BLACK CRYSTAL DROP EARRINGS,2.9,2.93,2.96
3447,90011C,GREEN CRYSTAL DROP EARRINGS,2.9,2.9,2.9
3448,90011D,PURPLE CRYSTAL DROP EARRINGS,2.9,2.92,2.96
3449,90011E,AMBER CRYSTAL DROP EARRINGS,2.9,2.92,2.96
3450,90012A,MIDNIGHT BLUE DROP CRYSTAL NECKLACE,2.95,7.21,10.2
3451,90012B,BLACK DROP CRYSTAL NECKLACE,2.95,5.28,9.95
3452,90013A,MIDNIGHT BLUE VINTAGE EARRINGS,3.73,3.76,3.81
3453,90013B,BLACK VINTAGE EARRINGS,3.75,4.16,4.24
3454,90013C,GREEN VINTAGE EARRINGS,3.75,4.12,4.24
3455,90013D,PURPLE VINTAGE EARRINGS,4.15,4.18,4.24
3456,90014A,SILVER/MOP ORBIT NECKLACE,2.95,9.19,10.62
3457,90014B,GOLD M PEARL  ORBIT NECKLACE,2.95,9.26,10.62
3458,90014C,SILVER AND BLACK ORBIT NECKLACE,2.95,8.31,10.4
3459,90016A,SILVER/M.O.P PENDANT ORBIT NECKLACE,4.25,7.82,8.5
3460,90016B,GOLD/M.O.P PENDANT ORBIT NECKLACE,8.32,8.4,8.5
3461,90016C,SILVER/BLACK PENDANT ORBIT NECKLACE,8.32,8.32,8.32
3462,90018A,SILVER M.O.P ORBIT DROP EARRINGS,4.15,4.2,4.25
3463,90018B,GOLD M.O.P ORBIT DROP EARRINGS,4.15,4.19,4.25
3464,90018C,SILVER BLACK ORBIT DROP EARRINGS,4.15,4.19,4.25
3465,90019A,SILVER M.O.P ORBIT BRACELET,4.95,5.25,5.51
3466,90019B,GOLD M.O.P ORBIT BRACELET,4.95,5.36,5.51
3467,90019C,SILVER BLACK ORBIT BRACELET,4.95,5.31,5.51
3468,90020,FILIGREE DIAMANTE CHAIN,12.48,12.48,12.48
3469,90021,LASER CUT MULTI STRAND NECKLACE,11.95,11.95,11.95
3470,90022,EDWARDIAN DROP EARRINGS JET BLACK,3.73,3.76,3.81
3471,90023,FILIGREE DIAMANTE EARRINGS,4.15,4.22,4.25
3472,90024B,NEW BAROQUE B'FLY NECKLACE RED,8.32,8.4,8.5
3473,90024C,NEW BAROQUE B'FLY NECKLACE GREEN,8.32,8.44,8.5
3474,90024D,NEW BAROQUE B'FLY NECKLACE PINK,8.32,8.41,8.5
3475,90024E,NEW BAROQUE B'FLY NECKLACE MONTANA,8.32,8.41,8.49
3476,90024F,NEW BAROQUE B'FLY NECKLACE CRYSTAL,8.32,8.41,8.5
3477,90025A,BAROQUE BUTTERFLY EARRINGS BLACK,3.75,3.75,3.75
3478,90025B,BAROQUE BUTTERFLY EARRINGS RED,3.73,3.73,3.73
3479,90025D,BAROQUE BUTTERFLY EARRINGS PINK,3.73,3.73,3.73
3480,90025E,BAROQUE BUTTERFLY EARRINGS MONTANA,3.73,3.73,3.73
3481,90025F,BAROQUE BUTTERFLY EARRINGS CRYSTAL,3.73,3.74,3.75
3482,90026A,GLASS BEAD HOOP NECKLACE BLACK,8.5,8.5,8.5
3483,90026B,GLASS BEAD HOOP NECKLACE MONTANA,8.32,8.44,8.5
3484,90026C,GLASS BEAD HOOP NECKLACE GREEN,8.32,8.44,8.5
3485,90026D,GLASS BEAD HOOP NECKLACE AMETHYST,8.5,8.5,8.5
3486,90027A,GLASS BEAD HOOP EARRINGS BLACK,2.9,2.94,2.96
3487,90027B,GLASS BEAD HOOP EARRINGS MONTANA,2.9,2.92,2.96
3488,90027C,GLASS BEAD HOOP EARRINGS GREEN,2.9,2.9,2.9
3489,90027D,GLASS BEAD HOOP EARRINGS AMETHYST,2.95,3.26,3.32
3490,90028,NEW BAROQUE LARGE NECKLACE BLK/WHIT,8.32,8.38,8.5
3491,90029,NEW BAROQUE SMALL NECKLACE BLACK,8.32,8.41,8.5
3492,90030A,SPOTTED WHITE NATURAL SEED NECKLACE,1.0,1.0,1.0
3493,90030B,RED KUKUI COCONUT SEED NECKLACE,1.0,3.16,5.95
3494,90030C,BROWN KUKUI COCONUT SEED NECKLACE,1.0,2.34,5.94
3495,90031,BILI NUT AND WOOD NECKLACE,1.0,2.41,5.95
3496,90032,IVORY SHELL HEART NECKLACE,3.13,5.86,6.25
3497,90033,IVORY SHELL HEART EARRINGS,2.48,2.5,2.55
3498,90034,WHITE SILVER NECKLACE SHELL GLASS,9.98,10.09,10.19
3499,90035A,"PEARL & SHELL 42""NECKL. GREEN",10.62,10.71,10.75
3500,90035C,"PEARL & SHELL 42""NECKL. IVORY",10.75,10.75,10.75
3501,90036A,FLOWER GARLAND NECKLACE RED,7.95,7.95,7.95
3502,90036B,"FLOWER GLASS GARLAND NECKL.36""GREEN",7.95,7.95,7.95
3503,90036C,"FLOWER GLASS GARLAND NECKL.36""BLUE",7.9,7.92,7.95
3504,90036D,"FLOWER GLASS GARLAND NECKL.36""BLACK",7.9,7.94,7.95
3505,90036E,"FLOWER GLASS GARLD NECKL36""AMETHYST",7.9,7.92,7.95
3506,90036F,"FLOWER GLASS GARLD NECKL36""TURQUOIS",7.95,8.05,8.07
3507,90037A,TINY CRYSTAL BRACELET RED,2.48,2.48,2.48
3508,90037B,TINY CRYSTAL BRACELET GREEN,2.48,2.51,2.55
3509,90037C,TINY CRYSTAL BRACELET BLUE,2.48,2.5,2.54
3510,90038A,GLASS AND PAINTED BEADS BRACELET TO,3.73,3.74,3.81
3511,90038B,GLASS AND PAINTED BEADS BRACELET OL,3.73,3.75,3.81
3512,90038C,GLASS AND BEADS BRACELET IVORY,3.73,3.74,3.75
3513,90039A,FIRE POLISHED GLASS BRACELET RED,3.73,3.74,3.75
3514,90039B,FIRE POLISHED GLASS BRACELET MONTAN,3.73,3.76,3.81
3515,90039C,FIRE POLISHED GLASS BRACELET BLACK,3.73,3.75,3.81
3516,90039D,FIRE POLISHED GLASS BRACELET GREEN,3.73,3.74,3.81
3517,90040A,MURANO STYLE GLASS BRACELET RED,3.5,3.91,4.24
3518,90040B,MURANO STYLE GLASS BRACELET BLACK,3.5,3.73,3.81
3519,90040C,MURANO STYLE GLASS BRACELET GOLD,3.5,3.67,3.81
3520,90041,PEARL AND CHERRY QUARTZ BRACLET,3.5,3.69,3.81
3521,90042A,FRESHWATER PEARL BRACELET GOLD,2.55,2.55,2.55
3522,90042C,FRESHWATER PEARL BRACELET IVORY,2.54,2.54,2.54
3523,90043,COPPER AND BRASS BAG CHARM,4.95,7.46,9.96
3524,90046,WHITE WITH METAL BAG CHARM,4.95,4.95,4.95
3525,90048,GREEN WITH METAL BAG CHARM,4.95,4.95,4.95
3526,90049,IVORY GOLD METAL BAG CHARM,4.95,8.29,9.96
3527,90050,CRACKED GLAZE NECKLACE IVORY,6.95,6.97,7.07
3528,90051,CRACKED GLAZE NECKLACE RED,6.95,7.04,7.22
3529,90052,CRACKED GLAZE NECKLACE BROWN,7.07,7.07,7.07
3530,90053,CRACKED GLAZE EARRINGS IVORY,2.48,2.5,2.55
3531,90054,CRACKED GLAZE EARRINGS RED,2.48,2.51,2.55
3532,90055,CRACKED GLAZE EARRINGS BROWN,2.48,2.51,2.55
3533,90056,CHUNKY CRACKED GLAZE NECKLACE IVORY,10.82,10.88,11.05
3534,90057,DIAMANTE RING ASSORTED IN BOX.,1.25,1.35,3.39
3535,90058A,CRYSTAL STUD EARRINGS CLEAR DISPLAY,0.38,0.38,0.38
3536,90058B,CRYSTAL STUD EARRINGS ASSORTED COL,0.38,0.38,0.38
3537,90059A,DIAMANTE HAIR GRIP PACK/2 CRYSTAL,1.65,1.66,1.69
3538,90059B,DIAMANTE HAIR GRIP PACK/2 BLACK DIA,1.65,1.66,1.69
3539,90059C,DIAMANTE HAIR GRIP PACK/2 MONTANA,1.65,1.65,1.69
3540,90059D,DIAMANTE HAIR GRIP PACK/2 PERIDOT,1.65,1.66,1.69
3541,90059E,DIAMANTE HAIR GRIP PACK/2 RUBY,1.65,1.65,1.69
3542,90059F,DIAMANTE HAIR GRIP PACK/2 LT ROSE,1.65,1.65,1.69
3543,90060B,FIRE POLISHED GLASS NECKL GOLD,5.95,5.95,5.95
3544,90060D,FIRE POLISHED GLASS NECKL BRONZE,5.95,5.95,5.95
3545,90060F,FIRE POLISHED GLASS NECKL GREEN,5.82,5.86,5.94
3546,90062,CARNIVAL BRACELET,12.48,12.66,12.75
3547,90063A,WHITE VINT ART DECO CRYSTAL NECKLAC,8.5,8.5,8.5
3548,90063B,BLACK VINT ART DEC CRYSTAL NECKLACE,8.32,8.47,8.5
3549,90064A,WHITE VINTAGE CRYSTAL EARRINGS,3.75,3.95,4.15
3550,90064B,BLACK VINTAGE  CRYSTAL EARRINGS,3.75,3.75,3.75
3551,90065A,WHITE VINTAGE CRYSTAL BRACELET,6.75,6.75,6.75
3552,90065B,BLACK VINT ART DEC CRYSTAL BRACELET,6.75,6.75,6.75
3553,90067A,PINK VINTAGE VICTORIAN EARRINGS,2.9,2.93,2.95
3554,90067B,BROWN VINTAGE VICTORIAN EARRINGS,2.9,2.9,2.9
3555,90068,"RUBY GLASS NECKLACE 42""",7.5,7.5,7.5
3556,90069,RUBY GLASS CLUSTER NECKLACE,7.5,7.5,7.5
3557,90070,RUBY GLASS CLUSTER BRACELET,5.95,6.16,6.37
3558,90071,RUBY GLASS CLUSTER EARRINGS,1.23,1.24,1.26
3559,90072,RUBY DROP CHANDELIER EARRINGS,3.75,4.08,4.24
3560,90073,VINTAGE ENAMEL & CRYSTAL EARRINGS,4.95,5.01,5.09
3561,90074,BLACK DIAMOND CLUSTER NECKLACE,8.95,9.43,9.77
3562,90075,MONTANA DIAMOND CLUSTER NECKLACE,8.95,9.36,9.57
3563,90076,MONTANA DIAMOND CLUSTER EARRINGS,2.55,2.78,2.96
3564,90077,BLACK DIAMOND CLUSTER EARRINGS,2.9,2.94,2.96
3565,90078,PINK/WHITE GLASS DEMI CHOKER,7.5,7.5,7.5
3566,90079,VINTAGE ENAMEL & CRYSTAL NECKLACE,4.95,4.99,5.09
3567,90081A,LILY BROOCH AMETHYST COLOUR,4.95,4.95,4.95
3568,90081B,LILY BROOCH WHITE/SILVER COLOUR,4.95,4.95,4.95
3569,90081C,LILY BROOCH OLIVE COLOUR,4.95,4.99,5.09
3570,90082A,DIAMANTE BOW BROOCH GREEN COLOUR,6.35,6.48,6.65
3571,90082B,DIAMANTE BOW BROOCH RED COLOUR,6.35,6.35,6.35
3572,90082D,DIAMANTE BOW BROOCH BLACK COLOUR,6.35,6.44,6.79
3573,90083,CRYSTAL CZECH CROSS PHONE CHARM,0.19,1.47,1.63
3574,90084,PINK CRYSTAL GUITAR PHONE CHARM,0.85,0.85,0.85
3575,90085,CRYSTAL STILETTO PHONE CHARM,0.85,1.48,1.66
3576,90086,CRYSTAL FROG PHONE CHARM,0.19,1.5,1.66
3577,90087,CRYSTAL SEA HORSE PHONE CHARM,0.19,1.49,1.66
3578,90089,PINK CRYSTAL SKULL PHONE CHARM,0.19,1.32,1.66
3579,90092,BLUE CRYSTAL BOOT PHONE CHARM,1.66,1.66,1.66
3580,90093,CLEAR CRYSTAL STAR PHONE CHARM,0.19,1.19,1.66
3581,90094,NECKLACE+BRACELET SET FRUIT SALAD,2.55,2.55,2.55
3582,90096,NECKLACE+BRACELET SET BLUE BLOSSOM,2.46,2.48,2.55
3583,90098,NECKLACE+BRACELET PINK BUTTERFLY,2.55,2.55,2.55
3584,90099,NECKLACE+BRACELET SET BLUE HIBISCUS,2.55,2.86,5.06
3585,90100,NECKLACE+BRACELET SET PINK DAISY,2.55,2.55,2.55
3586,90101,WHITE FRANGIPANI NECKLACE,2.48,2.51,2.55
3587,90102,WHITE FRANGIPANI HAIR CLIP,0.85,0.85,0.85
3588,90103,PURPLE FRANGIPANI NECKLACE,2.48,2.5,2.55
3589,90104,PURPLE FRANGIPANI HAIRCLIP,0.82,0.83,0.85
3590,90108,BLUE BLOSSOM HAIR CLIP,1.05,1.7,2.46
3591,90112,PINK DOLLY HAIR CLIPS,1.05,1.05,1.05
3592,90114,SUMMER DAISIES BAG CHARM,2.46,2.48,2.55
3593,90115,SUMMER BUTTERFLIES BAG CHARM,2.46,2.49,2.55
3594,90116,FRUIT SALAD BAG CHARM,1.69,2.42,2.51
3595,90118,PINK DAISY BAG CHARM,2.46,2.48,2.55
3596,90119,METALIC LEAVES BAG CHARMS,2.46,2.47,2.55
3597,90120A,PINK MURANO TWIST BRACELET,4.24,4.24,4.25
3598,90120B,BLUE MURANO TWIST BRACELET,4.15,4.2,4.25
3599,90120C,GREEN MURANO TWIST BRACELET,4.15,4.2,4.25
3600,90120D,WHITE MURANO TWIST BRACELET,4.15,4.21,4.25
3601,90122A,PINK CRYSTAL+GLASS BRACELET,4.95,4.99,5.09
3602,90122B,JADE CRYSTAL+GLASS BRACELET,4.95,4.99,5.09
3603,90122C,TURQUOISE CRYSTAL+GLASS BRACELET,4.95,4.99,5.09
3604,90123A,PINK HEART OF GLASS BRACELET,5.82,5.94,5.95
3605,90123B,TURQUOISE HEART OF GLASS BRACELET,5.82,5.92,5.95
3606,90123C,GREEN HEART OF GLASS BRACELET,5.94,5.95,5.95
3607,90123D,WHITE HEART OF GLASS BRACELET,5.82,5.87,5.95
3608,90124A,PINK MURANO TWIST NECKLACE,9.95,9.96,9.98
3609,90124B,BLUE MURANO TWIST NECKLACE,9.95,9.99,10.17
3610,90124C,GREEN MURANO TWIST NECKLACE,9.95,9.96,9.98
3611,90125A,PINK BERTIE GLASS BEAD BAG CHARM,0.85,1.54,4.13
3612,90125B,AQUA BERTIE GLASS BEAD BAG CHARM,0.85,2.07,4.21
3613,90125C,TURQUOISE BERTIE GLASS BEAD CHARM,0.85,1.48,2.1
3614,90125D,PURPLE BERTIE GLASS BEAD BAG CHARM,0.85,2.1,4.21
3615,90125E,AMBER BERTIE GLASS BEAD BAG CHARM,1.63,1.94,4.13
3616,90126A,PINK BERTIE MOBILE PHONE CHARM,3.36,3.36,3.36
3617,90126C,AMBER BERTIE MOBILE PHONE CHARM,3.29,3.29,3.29
3618,90127A,PINK BEADS+HAND PHONE CHARM,2.46,2.46,2.46
3619,90128A,PINK LEAVES AND BEADS PHONE CHARM,2.46,2.48,2.51
3620,90128B,BLUE LEAVES AND BEADS PHONE CHARM,1.25,1.88,2.51
3621,90128C,GREEN LEAVES AND BEADS PHONE CHARM,2.46,2.48,2.51
3622,90128D,PURPLE LEAVES AND BEADS PHONE CHAR,2.46,2.48,2.51
3623,90129A,PINK GLASS TASSLE BAG CHARM,1.63,1.84,2.95
3624,90129B,TURQUOISE GLASS TASSLE BAG CHARM,1.63,2.04,2.95
3625,90129C,GREEN GLASS TASSLE BAG CHARM,1.63,2.13,2.95
3626,90129D,AMBER GLASS TASSLE BAG CHARM,1.63,2.02,2.95
3627,90129E,PURPLE GLASS TASSLE BAG CHARM,1.63,1.73,2.95
3628,90129F,RED GLASS TASSLE BAG CHARM,1.63,2.13,2.95
3629,90130A,WHITE STONE/CRYSTAL EARRINGS,2.9,2.92,2.95
3630,90130B,TURQ STONE/CRYSTAL EARRINGS,2.9,2.92,2.96
3631,90130C,GREEN STONE/CRYSTAL EARRINGS,2.9,2.92,2.96
3632,90130D,RED STONE/CRYSTAL EARRINGS,2.9,2.9,2.9
3633,90131,PINK/AMETHYST/GOLD NECKLACE,6.95,7.01,7.07
3634,90132,LIGHT TOPAZ TEAL/AQUA COL NECKLACE,4.98,5.05,5.09
3635,90133,TEAL/FUSCHIA COL BEAD NECKLACE,4.95,4.98,5.09
3636,90134,OLD ROSE COMBO BEAD NECKLACE,2.9,2.91,2.96
3637,90135,ORANGE/WHT/FUSCHIA STONES NECKLACE,4.95,4.96,4.98
3638,90135A,ORANGE/FUSCHIA STONES NECKLACE,4.98,4.98,4.98
3639,90136,PALE PINK/AMETHYST STONE NECKLACE,9.95,9.95,9.95
3640,90137,PINK COMBO MINI CRYSTALS NECKLACE,5.4,5.44,5.51
3641,90138,WHITE/PINK MINI CRYSTALS NECKLACE,4.95,5.37,5.51
3642,90140,PINK SWEETIE NECKLACE,7.48,7.56,7.64
3643,90141A,GREEN PENDANT TRIPLE SHELL NECKLACE,4.95,5.32,5.51
3644,90141B,IVORY PENDANT TRIPLE SHELL NECKLACE,4.95,5.01,5.09
3645,90141C,TURQ PENDANT TRIPLE SHELL NECKLACE,4.95,5.3,5.51
3646,90141D,ROSE PENDANT TRIPLE SHELL NECKLACE,4.95,5.23,5.51
3647,90141E,ORANGE PENDANT TRIPLE SHELL NECKLAC,4.95,4.95,4.95
3648,90142A,GREEN PENDANT SHELL NECKLACE,5.09,5.09,5.09
3649,90142D,MOP PENDANT SHELL NECKLACE,4.95,4.99,5.09
3650,90143,SILVER BRACELET W PASTEL FLOWER,7.5,7.68,8.07
3651,90144,SILVER DROP EARRINGS WITH FLOWER,3.73,3.74,3.81
3652,90145,SILVER HOOP EARRINGS WITH FLOWER,5.95,6.03,6.23
3653,90146,FINE SILVER NECKLACE W PASTEL FLOWE,3.75,7.19,7.9
3654,90147,CHUNKY SILVER NECKLACE PASTEL FLOWE,9.95,10.18,10.62
3655,90148,LONG SILVER NECKLACE PASTEL FLOWER,12.48,12.71,12.75
3656,90149,SILVER FLOWR PINK SHELL NECKLACE,6.36,7.21,7.5
3657,90151,SILVER/NATURAL SHELL NECKLACE,8.5,8.5,8.5
3658,90152A,SILVER/NAT SHELL NECKLACE W PENDANT,5.4,5.75,5.95
3659,90152B,BLUE/GREEN SHELL NECKLACE W PENDANT,5.51,5.73,5.95
3660,90152C,BLUE/NAT SHELL NECKLACE W PENDANT,5.95,5.95,5.95
3661,90154,LAZER CUT NECKLACE W PASTEL BEADS,7.25,8.61,8.95
3662,90155,RESIN NECKLACE W PASTEL BEADS,7.48,7.52,7.64
3663,90156,RESIN BRACELET W PASTEL BEADS,4.95,4.95,4.95
3664,90157,RIVIERA NECKLACE,4.95,4.97,4.98
3665,90158,ST TROPEZ NECKLACE,4.95,4.99,5.09
3666,90159,COTE D'AZURE NECKLACE,4.95,4.97,4.98
3667,90160A,PURPLE BOUDICCA LARGE BRACELET,6.95,6.98,7.07
3668,90160B,RED BOUDICCA LARGE BRACELET,6.95,7.0,7.22
3669,90160C,TURQ+RED BOUDICCA LARGE BRACELET,6.95,7.0,7.22
3670,90160D,PINK BOUDICCA LARGE BRACELET,6.95,6.97,7.07
3671,90161A,ANT COPPER RED BOUDICCA BRACELET,4.95,5.0,5.09
3672,90161B,ANT COPPER TURQ BOUDICCA BRACELET,4.95,4.98,5.09
3673,90161C,ANT COPPER LIME BOUDICCA BRACELET,4.95,4.99,5.09
3674,90161D,ANT COPPER PINK BOUDICCA BRACELET,4.95,5.0,5.09
3675,90162A,ANT SILVER TURQUOISE BOUDICCA RING,2.95,2.95,2.95
3676,90162B,ANT SILVER LIME GREEN BOUDICCA RING,2.95,2.95,2.95
3677,90162C,ANT SILVER FUSCHIA BOUDICCA RING,2.95,2.95,2.95
3678,90162D,ANT SILVER PURPLE BOUDICCA RING,2.95,2.95,2.95
3679,90163A,PINK ROSEBUD & PEARL NECKLACE,7.48,7.54,7.64
3680,90163B,WHITE ROSEBUD & PEARL NECKLACE,7.48,7.52,7.64
3681,90164A,PINK ROSEBUD PEARL BRACELET,1.95,6.33,7.64
3682,90164B,WHITE  ROSEBUD PEARL BRACELET,1.95,5.29,7.64
3683,90165A,PINK ROSEBUD PEARL EARRINGS,2.48,2.5,2.54
3684,90165B,WHITE ROSEBUD  PEARL EARRINGS,2.48,2.49,2.55
3685,90166,PINK & WHITE ROSEBUD RING,4.15,4.18,4.25
3686,90167,BEADED LOVE HEART JEWELLERY SET,0.85,0.85,0.85
3687,90168,2 DAISIES HAIR COMB,2.9,2.91,2.96
3688,90169,DAISY HAIR COMB,2.48,2.51,2.55
3689,90170,DAISY HAIR BAND,1.65,1.65,1.69
3690,90173,PAIR BUTTERFLY HAIR CLIPS,3.73,3.77,3.81
3691,90174,BUTTERFLY HAIR BAND,2.48,2.5,2.55
3692,90175A,WHITE GLASS CHUNKY CHARM BRACELET,8.95,9.1,9.34
3693,90175B,PINK GLASS CHUNKY CHARM BRACELET,8.95,9.17,9.34
3694,90175C,BLUE GLASS CHUNKY CHARM BRACELET,8.95,8.95,8.95
3695,90175D,TIGRIS EYE CHUNKY CHARM BRACELET,8.95,9.14,9.34
3696,90176A,CLASSIC DIAMANTE NECKLACE JET,7.48,7.49,7.5
3697,90176B,DIAMANTE NECKLACE BLACK,7.48,7.54,7.64
3698,90176C,DIAMANTE NECKLACE,7.5,7.91,8.32
3699,90176D,DIAMANTE NECKLACE PURPLE,7.5,7.5,7.5
3700,90176E,DIAMANTE NECKLACE GREEN,7.48,7.49,7.5
3701,90177A,CLASSIC DIAMANTE EARRINGS JET,2.9,2.91,2.95
3702,90177B,DROP DIAMANTE EARRINGS BLACK DIAMON,2.9,2.92,2.96
3703,90177C,DROP DIAMANTE EARRINGS CRYSTAL,2.9,2.93,2.96
3704,90177D,DROP DIAMANTE EARRINGS PURPLE,2.9,2.94,2.96
3705,90177E,DROP DIAMANTE EARRINGS GREEN,2.9,2.93,2.96
3706,90178A,AMBER CHUNKY GLASS+BEAD NECKLACE,11.65,11.91,11.95
3707,90178B,PURPLE CHUNKY GLASS+BEAD NECKLACE,11.95,11.95,11.95
3708,90179A,AMBER FINE BEAD NECKLACE W TASSEL,5.82,5.87,5.95
3709,90179B,PURPLE FINE BEAD NECKLACE W TASSEL,5.82,5.86,5.95
3710,90179C,BLACK FINE BEAD NECKLACE W TASSEL,5.82,5.91,5.95
3711,90180A,BLACK+WHITE NECKLACE W TASSEL,2.95,9.18,9.98
3712,90180B,PURPLE AMETHYST NECKLACE W TASSEL,9.95,9.96,9.98
3713,90181A,AMBER GLASS/SHELL/PEARL NECKLACE,8.95,9.15,9.34
3714,90181B,AMETHYST GLASS/SHELL/PEARL NECKLACE,9.15,9.18,9.34
3715,90181C,BLACK GLASS/SHELL/PEARL NECKLACE,9.15,9.15,9.15
3716,90182A,AMBER 3 BEAD DROP EARRINGS,2.9,2.9,2.9
3717,90182B,AMETHYST 3 BEAD DROP EARRINGS,2.9,2.9,2.9
3718,90182C,BLACK 3 BEAD DROP EARRINGS,2.9,2.92,2.96
3719,90183A,AMBER DROP EARRINGS W LONG BEADS,2.9,2.92,2.96
3720,90183B,AMETHYST DROP EARRINGS W LONG BEADS,2.9,2.91,2.96
3721,90183C,BLACK DROP EARRINGS W LONG BEADS,2.9,2.9,2.95
3722,90184A,AMBER CHUNKY BEAD BRACELET W STRAP,8.95,9.1,9.34
3723,90184B,AMETHYST CHUNKY BEAD BRACELET W STR,8.95,9.05,9.34
3724,90184C,BLACK CHUNKY BEAD BRACELET W STRAP,8.95,9.1,9.34
3725,90185A,AMBER DIAMANTE EXPANDABLE RING,4.15,4.21,4.25
3726,90185B,AMETHYST DIAMANTE EXPANDABLE RING,4.15,4.2,4.25
3727,90185C,BLACK DIAMANTE EXPANDABLE RING,4.15,4.22,4.25
3728,90185D,CRYSTAL DIAMANTE EXPANDABLE RING,4.15,4.24,4.25
3729,90186A,AMETHYST HOOP EARRING FLORAL LEAF,2.9,2.92,2.96
3730,90186B,CRYSTAL HOOP EARRING FLORAL LEAF,2.9,2.93,2.96
3731,90187A,BLUE DROP EARRINGS W BEAD CLUSTER,3.32,3.32,3.32
3732,90187B,GREEN DROP EARRINGS W BEAD CLUSTER,3.32,3.33,3.39
3733,90188,DROP EARRINGS W FLOWER & LEAF,2.48,2.52,2.55
3734,90189A,SILVER 2 STRAND NECKLACE-LEAF CHARM,7.5,7.5,7.5
3735,90190A,SILVER/CRYSTAL DROP EARRINGS W LEAF,2.9,2.91,2.96
3736,90190B,GOLD/AMBER DROP EARRINGS W LEAF,2.9,2.92,2.96
3737,90190C,SILVER/AMETHYST DROP EARRINGS LEAF,2.9,2.92,2.96
3738,90191,SILVER LARIAT 40CM,2.95,9.73,12.75
3739,90192,JADE DROP EARRINGS W FILIGREE,4.95,4.99,5.09
3740,90194,SILVER LARIAT BLACK STONE EARRINGS,4.15,4.24,4.25
3741,90195A,PURPLE GEMSTONE BRACELET,2.95,7.23,9.34
3742,90195B,BLACK GEMSTONE BRACELET,2.95,7.5,9.13
3743,90196A,PURPLE GEMSTONE NECKLACE 45CM,12.75,12.75,12.75
3744,90196B,BLACK GEMSTONE NECKLACE 45CM,12.48,12.7,12.75
3745,90197B,BLACK GLASS BRACELET W HEART CHARMS,4.95,4.99,5.09
3746,90198A,VINTAGE ROSE BEAD BRACELET RASPBERR,4.15,4.2,4.25
3747,90198B,VINTAGE ROSE BEAD BRACELET BLACK,4.15,4.21,4.25
3748,90199A,5 STRAND GLASS NECKLACE BLACK,6.23,6.31,6.37
3749,90199B,5 STRAND GLASS NECKLACE AMETHYST,6.23,6.28,6.37
3750,90199C,5 STRAND GLASS NECKLACE CRYSTAL,6.23,6.32,6.35
3751,90199D,5 STRAND GLASS NECKLACE AMBER,6.23,6.27,6.35
3752,90200A,PURPLE SWEETHEART BRACELET,4.15,4.19,4.25
3753,90200B,BLACK SWEETHEART BRACELET,4.15,4.21,4.25
3754,90200C,BLUE SWEETHEART BRACELET,4.15,4.22,4.25
3755,90200D,PINK SWEETHEART BRACELET,3.75,4.19,4.25
3756,90200E,GREEN SWEETHEART BRACELET,3.75,4.19,4.25
3757,90201A,PURPLE ENAMEL FLOWER RING,2.9,2.92,2.96
3758,90201B,BLACK ENAMEL FLOWER RING,2.9,2.94,2.96
3759,90201C,RED ENAMEL FLOWER RING,2.9,2.94,2.96
3760,90201D,GREEN ENAMEL FLOWER RING,2.9,2.92,2.96
3761,90202A,PURPLE ENAMEL FLOWER HAIR TIE,2.9,2.92,2.96
3762,90202B,WHITE ENAMEL FLOWER HAIR TIE,2.9,2.91,2.95
3763,90202C,GREEN ENAMEL FLOWER HAIR TIE,2.9,2.93,2.96
3764,90202D,PINK ENAMEL FLOWER HAIR TIE,2.9,2.92,2.96
3765,90204,PAIR OF ENAMEL BUTTERFLY HAIRCLIP,3.32,3.34,3.39
3766,90205A,LARGE MINT DIAMANTE HAIRSLIDE,1.65,1.66,1.69
3767,90205C,LARGE CRYSTAL DIAMANTE HAIRSLIDE,1.65,1.66,1.69
3768,90206A,GOLD DIAMANTE STAR BROOCH,4.95,4.99,5.09
3769,90206C,CRYSTAL DIAMANTE STAR BROOCH,4.95,4.99,5.09
3770,90208,PAIR OF PINK FLOWER CLUSTER SLIDE,2.48,2.5,2.55
3771,90209A,PURPLE ENAMEL+GLASS HAIR COMB,1.75,2.03,2.1
3772,90209B,GREEN ENAMEL+GLASS HAIR COMB,1.75,2.07,2.11
3773,90209C,PINK ENAMEL+GLASS HAIR COMB,1.75,2.06,2.11
3774,90210A,GREY ACRYLIC FACETED BANGLE,1.25,2.42,2.95
3775,90210B,CLEAR ACRYLIC FACETED BANGLE,1.0,2.15,2.96
3776,90210C,RED   ACRYLIC FACETED BANGLE,1.0,2.21,2.96
3777,90210D,PURPLE ACRYLIC FACETED BANGLE,1.0,1.6,2.9
3778,90211A,DIAMOND LAS VEGAS NECKLACE 45CM,5.82,5.91,5.95
3779,90211B,JET BLACK LAS VEGAS NECKLACE 45CM,5.82,5.91,5.95
3780,90212B,JET BLACK LAS VEGAS BRACELET ROUND,3.73,3.76,3.81
3781,90212C,PURPLE LAS VEGAS BRACELET ROUND,3.75,3.75,3.75
3782,90214A,"LETTER ""A"" BLING KEY RING",0.29,0.9,1.25
3783,90214B,"LETTER ""B"" BLING KEY RING",0.29,0.83,1.25
3784,90214C,"LETTER ""C"" BLING KEY RING",0.29,0.83,1.25
3785,90214D,"LETTER ""D"" BLING KEY RING",0.29,0.87,1.25
3786,90214E,"LETTER ""E"" BLING KEY RING",0.29,0.85,1.25
3787,90214F,"LETTER ""F"" BLING KEY RING",0.29,0.76,0.85
3788,90214G,"LETTER ""G"" BLING KEY RING",0.29,0.84,1.25
3789,90214H,"LETTER ""H"" BLING KEY RING",0.29,0.85,1.25
3790,90214I,"LETTER ""I"" BLING KEY RING",0.29,0.78,1.25
3791,90214J,"LETTER ""J"" BLING KEY RING",0.29,0.86,1.25
3792,90214K,"LETTER ""K"" BLING KEY RING",0.29,0.89,1.25
3793,90214L,"LETTER ""L"" BLING KEY RING",0.29,0.84,1.25
3794,90214M,"LETTER ""M"" BLING KEY RING",0.29,0.87,1.25
3795,90214N,"LETTER ""N"" BLING KEY RING",0.29,0.84,1.25
3796,90214O,"LETTER ""O"" BLING KEY RING",0.29,0.73,0.85
3797,90214P,"LETTER ""P"" BLING KEY RING",0.29,0.81,1.25
3798,90214R,"LETTER ""R"" BLING KEY RING",0.29,0.83,1.25
3799,90214S,"LETTER ""S"" BLING KEY RING",0.29,0.83,1.25
3800,90214T,"LETTER ""T"" BLING KEY RING",0.29,0.78,0.85
3801,90214U,"LETTER ""U"" BLING KEY RING",0.29,0.29,0.29
3802,90214V,"LETTER ""V"" BLING KEY RING",0.29,0.85,1.25
3803,90214W,"LETTER ""W"" BLING KEY RING",0.29,0.73,0.85
3804,90214Y,"LETTER ""Y"" BLING KEY RING",0.29,0.75,1.25
3805,90214Z,"LETTER ""Z"" BLING KEY RING",0.29,0.78,0.85
3806,AMAZONFEE,AMAZON FEE,1.0,7324.78,17836.46
3807,B,Adjust bad debt,11062.06,11062.06,11062.06
3808,BANK CHARGES,Bank Charges,0.0,202.86,1050.15
3809,C2,CARRIAGE,15.0,49.64,150.0
3810,CRUK,CRUK Commission,1.6,495.84,1100.44
3811,D,Discount,0.01,72.48,1867.86
3812,DCGS0003,BOXED GLASS ASHTRAY,2.46,2.48,2.51
3813,DCGS0004,HAYNES CAMPER SHOULDER BAG,16.63,16.63,16.63
3814,DCGS0069,OOH LA LA DOGS COLLAR,15.79,15.79,15.79
3815,DCGS0070,CAMOUFLAGE DOG COLLAR,12.72,12.72,12.72
3816,DCGS0076,SUNJAR LED NIGHT NIGHT LIGHT,16.13,16.13,16.13
3817,DCGSSBOY,BOYS PARTY BAG,1.25,3.1,3.29
3818,DCGSSGIRL,GIRLS PARTY BAG,1.25,3.13,3.29
3819,DOT,DOTCOM POSTAGE,0.35,291.73,4505.17
3820,GIFT_0001_10,Dotcomgiftshop Gift Voucher £10.00,8.33,8.33,8.33
3821,GIFT_0001_20,Dotcomgiftshop Gift Voucher £20.00,16.67,16.71,17.02
3822,GIFT_0001_30,Dotcomgiftshop Gift Voucher £30.00,25.0,25.08,25.53
3823,GIFT_0001_40,Dotcomgiftshop Gift Voucher £40.00,33.33,33.57,34.04
3824,GIFT_0001_50,Dotcomgiftshop Gift Voucher £50.00,41.67,41.89,42.55
3825,M,Manual,0.03,382.25,38970.0
3826,PADS,PADS TO MATCH ALL CUSHIONS,0.0,0.0,0.0
3827,POST,POSTAGE,0.55,37.05,8142.75
3828,S,SAMPLES,2.8,51.06,570.0
